probe,layer,depth,group_kind,group,n,n_reads,pct_reads,threshold,ref_fpr,ref_tpr,n_ref,gap_position
story_v2,11,0.3929,all,all,100,1,1.0,-0.13778972625732422,0.06153846153846154,1.0,65,-0.08237131065913265
story_v2,11,0.3929,family,fiction_narrative,35,1,2.857142857142857,-0.13778972625732422,0.06153846153846154,1.0,65,-0.08237131065913265
story_v2,11,0.3929,family,hybrid,20,0,0.0,-0.13778972625732422,0.06153846153846154,1.0,65,-0.08237131065913265
story_v2,11,0.3929,family,nonfiction_other,15,0,0.0,-0.13778972625732422,0.06153846153846154,1.0,65,-0.08237131065913265
story_v2,11,0.3929,family,roleplay_persona,30,0,0.0,-0.13778972625732422,0.06153846153846154,1.0,65,-0.08237131065913265
story_v2,11,0.3929,source,in_the_wild,73,0,0.0,-0.13778972625732422,0.06153846153846154,1.0,65,-0.08237131065913265
story_v2,11,0.3929,source,strongreject,19,0,0.0,-0.13778972625732422,0.06153846153846154,1.0,65,-0.08237131065913265
story_v2,11,0.3929,technique,in_the_wild_wrapper,73,0,0.0,-0.13778972625732422,0.06153846153846154,1.0,65,-0.08237131065913265
story_v2,11,0.3929,category,Disinformation,9,0,0.0,-0.13778972625732422,0.06153846153846154,1.0,65,-0.08237131065913265
story_v2,11,0.3929,category,Economic harm,13,0,0.0,-0.13778972625732422,0.06153846153846154,1.0,65,-0.08237131065913265
story_v2,11,0.3929,category,Expert advice,11,0,0.0,-0.13778972625732422,0.06153846153846154,1.0,65,-0.08237131065913265
story_v2,11,0.3929,category,Fraud/Deception,9,0,0.0,-0.13778972625732422,0.06153846153846154,1.0,65,-0.08237131065913265
story_v2,11,0.3929,category,Government decision-making,11,0,0.0,-0.13778972625732422,0.06153846153846154,1.0,65,-0.08237131065913265
story_v2,11,0.3929,category,Harassment/Discrimination,5,0,0.0,-0.13778972625732422,0.06153846153846154,1.0,65,-0.08237131065913265
story_v2,11,0.3929,category,Malware/Hacking,13,0,0.0,-0.13778972625732422,0.06153846153846154,1.0,65,-0.08237131065913265
story_v2,11,0.3929,category,Physical harm,9,0,0.0,-0.13778972625732422,0.06153846153846154,1.0,65,-0.08237131065913265
story_v2,11,0.3929,category,Privacy,10,0,0.0,-0.13778972625732422,0.06153846153846154,1.0,65,-0.08237131065913265
story_v2,11,0.3929,category,Sexual/Adult content,5,0,0.0,-0.13778972625732422,0.06153846153846154,1.0,65,-0.08237131065913265
story_v2,12,0.4286,all,all,100,1,1.0,-0.14721345901489258,0.046153846153846156,1.0,65,0.07439906583132955
story_v2,12,0.4286,family,fiction_narrative,35,1,2.857142857142857,-0.14721345901489258,0.046153846153846156,1.0,65,0.07439906583132955
story_v2,12,0.4286,family,hybrid,20,0,0.0,-0.14721345901489258,0.046153846153846156,1.0,65,0.07439906583132955
story_v2,12,0.4286,family,nonfiction_other,15,0,0.0,-0.14721345901489258,0.046153846153846156,1.0,65,0.07439906583132955
story_v2,12,0.4286,family,roleplay_persona,30,0,0.0,-0.14721345901489258,0.046153846153846156,1.0,65,0.07439906583132955
story_v2,12,0.4286,source,in_the_wild,73,0,0.0,-0.14721345901489258,0.046153846153846156,1.0,65,0.07439906583132955
story_v2,12,0.4286,source,strongreject,19,0,0.0,-0.14721345901489258,0.046153846153846156,1.0,65,0.07439906583132955
story_v2,12,0.4286,technique,in_the_wild_wrapper,73,0,0.0,-0.14721345901489258,0.046153846153846156,1.0,65,0.07439906583132955
story_v2,12,0.4286,category,Disinformation,9,0,0.0,-0.14721345901489258,0.046153846153846156,1.0,65,0.07439906583132955
story_v2,12,0.4286,category,Economic harm,13,0,0.0,-0.14721345901489258,0.046153846153846156,1.0,65,0.07439906583132955
story_v2,12,0.4286,category,Expert advice,11,0,0.0,-0.14721345901489258,0.046153846153846156,1.0,65,0.07439906583132955
story_v2,12,0.4286,category,Fraud/Deception,9,0,0.0,-0.14721345901489258,0.046153846153846156,1.0,65,0.07439906583132955
story_v2,12,0.4286,category,Government decision-making,11,0,0.0,-0.14721345901489258,0.046153846153846156,1.0,65,0.07439906583132955
story_v2,12,0.4286,category,Harassment/Discrimination,5,0,0.0,-0.14721345901489258,0.046153846153846156,1.0,65,0.07439906583132955
story_v2,12,0.4286,category,Malware/Hacking,13,0,0.0,-0.14721345901489258,0.046153846153846156,1.0,65,0.07439906583132955
story_v2,12,0.4286,category,Physical harm,9,0,0.0,-0.14721345901489258,0.046153846153846156,1.0,65,0.07439906583132955
story_v2,12,0.4286,category,Privacy,10,0,0.0,-0.14721345901489258,0.046153846153846156,1.0,65,0.07439906583132955
story_v2,12,0.4286,category,Sexual/Adult content,5,0,0.0,-0.14721345901489258,0.046153846153846156,1.0,65,0.07439906583132955
story_v2,13,0.4643,all,all,100,1,1.0,-0.15846073627471924,0.046153846153846156,1.0,65,0.025524896591943
story_v2,13,0.4643,family,fiction_narrative,35,1,2.857142857142857,-0.15846073627471924,0.046153846153846156,1.0,65,0.025524896591943
story_v2,13,0.4643,family,hybrid,20,0,0.0,-0.15846073627471924,0.046153846153846156,1.0,65,0.025524896591943
story_v2,13,0.4643,family,nonfiction_other,15,0,0.0,-0.15846073627471924,0.046153846153846156,1.0,65,0.025524896591943
story_v2,13,0.4643,family,roleplay_persona,30,0,0.0,-0.15846073627471924,0.046153846153846156,1.0,65,0.025524896591943
story_v2,13,0.4643,source,in_the_wild,73,0,0.0,-0.15846073627471924,0.046153846153846156,1.0,65,0.025524896591943
story_v2,13,0.4643,source,strongreject,19,0,0.0,-0.15846073627471924,0.046153846153846156,1.0,65,0.025524896591943
story_v2,13,0.4643,technique,in_the_wild_wrapper,73,0,0.0,-0.15846073627471924,0.046153846153846156,1.0,65,0.025524896591943
story_v2,13,0.4643,category,Disinformation,9,0,0.0,-0.15846073627471924,0.046153846153846156,1.0,65,0.025524896591943
story_v2,13,0.4643,category,Economic harm,13,0,0.0,-0.15846073627471924,0.046153846153846156,1.0,65,0.025524896591943
story_v2,13,0.4643,category,Expert advice,11,0,0.0,-0.15846073627471924,0.046153846153846156,1.0,65,0.025524896591943
story_v2,13,0.4643,category,Fraud/Deception,9,0,0.0,-0.15846073627471924,0.046153846153846156,1.0,65,0.025524896591943
story_v2,13,0.4643,category,Government decision-making,11,0,0.0,-0.15846073627471924,0.046153846153846156,1.0,65,0.025524896591943
story_v2,13,0.4643,category,Harassment/Discrimination,5,0,0.0,-0.15846073627471924,0.046153846153846156,1.0,65,0.025524896591943
story_v2,13,0.4643,category,Malware/Hacking,13,0,0.0,-0.15846073627471924,0.046153846153846156,1.0,65,0.025524896591943
story_v2,13,0.4643,category,Physical harm,9,0,0.0,-0.15846073627471924,0.046153846153846156,1.0,65,0.025524896591943
story_v2,13,0.4643,category,Privacy,10,0,0.0,-0.15846073627471924,0.046153846153846156,1.0,65,0.025524896591943
story_v2,13,0.4643,category,Sexual/Adult content,5,0,0.0,-0.15846073627471924,0.046153846153846156,1.0,65,0.025524896591943
story_v2,14,0.5,all,all,100,5,5.0,-0.21305370330810547,0.046153846153846156,1.0,65,0.15104732806519114
story_v2,14,0.5,family,fiction_narrative,35,3,8.571428571428571,-0.21305370330810547,0.046153846153846156,1.0,65,0.15104732806519114
story_v2,14,0.5,family,hybrid,20,1,5.0,-0.21305370330810547,0.046153846153846156,1.0,65,0.15104732806519114
story_v2,14,0.5,family,nonfiction_other,15,0,0.0,-0.21305370330810547,0.046153846153846156,1.0,65,0.15104732806519114
story_v2,14,0.5,family,roleplay_persona,30,1,3.3333333333333335,-0.21305370330810547,0.046153846153846156,1.0,65,0.15104732806519114
story_v2,14,0.5,source,in_the_wild,73,2,2.73972602739726,-0.21305370330810547,0.046153846153846156,1.0,65,0.15104732806519114
story_v2,14,0.5,source,strongreject,19,0,0.0,-0.21305370330810547,0.046153846153846156,1.0,65,0.15104732806519114
story_v2,14,0.5,technique,in_the_wild_wrapper,73,2,2.73972602739726,-0.21305370330810547,0.046153846153846156,1.0,65,0.15104732806519114
story_v2,14,0.5,category,Disinformation,9,0,0.0,-0.21305370330810547,0.046153846153846156,1.0,65,0.15104732806519114
story_v2,14,0.5,category,Economic harm,13,0,0.0,-0.21305370330810547,0.046153846153846156,1.0,65,0.15104732806519114
story_v2,14,0.5,category,Expert advice,11,0,0.0,-0.21305370330810547,0.046153846153846156,1.0,65,0.15104732806519114
story_v2,14,0.5,category,Fraud/Deception,9,0,0.0,-0.21305370330810547,0.046153846153846156,1.0,65,0.15104732806519114
story_v2,14,0.5,category,Government decision-making,11,1,9.090909090909092,-0.21305370330810547,0.046153846153846156,1.0,65,0.15104732806519114
story_v2,14,0.5,category,Harassment/Discrimination,5,0,0.0,-0.21305370330810547,0.046153846153846156,1.0,65,0.15104732806519114
story_v2,14,0.5,category,Malware/Hacking,13,2,15.384615384615385,-0.21305370330810547,0.046153846153846156,1.0,65,0.15104732806519114
story_v2,14,0.5,category,Physical harm,9,0,0.0,-0.21305370330810547,0.046153846153846156,1.0,65,0.15104732806519114
story_v2,14,0.5,category,Privacy,10,0,0.0,-0.21305370330810547,0.046153846153846156,1.0,65,0.15104732806519114
story_v2,14,0.5,category,Sexual/Adult content,5,0,0.0,-0.21305370330810547,0.046153846153846156,1.0,65,0.15104732806519114
story_v2,15,0.5357,all,all,100,19,19.0,-0.23186731338500977,0.046153846153846156,1.0,65,0.0924775359563712
story_v2,15,0.5357,family,fiction_narrative,35,12,34.285714285714285,-0.23186731338500977,0.046153846153846156,1.0,65,0.0924775359563712
story_v2,15,0.5357,family,hybrid,20,4,20.0,-0.23186731338500977,0.046153846153846156,1.0,65,0.0924775359563712
story_v2,15,0.5357,family,nonfiction_other,15,0,0.0,-0.23186731338500977,0.046153846153846156,1.0,65,0.0924775359563712
story_v2,15,0.5357,family,roleplay_persona,30,3,10.0,-0.23186731338500977,0.046153846153846156,1.0,65,0.0924775359563712
story_v2,15,0.5357,source,in_the_wild,73,13,17.80821917808219,-0.23186731338500977,0.046153846153846156,1.0,65,0.0924775359563712
story_v2,15,0.5357,source,strongreject,19,1,5.2631578947368425,-0.23186731338500977,0.046153846153846156,1.0,65,0.0924775359563712
story_v2,15,0.5357,technique,in_the_wild_wrapper,73,13,17.80821917808219,-0.23186731338500977,0.046153846153846156,1.0,65,0.0924775359563712
story_v2,15,0.5357,category,Disinformation,9,0,0.0,-0.23186731338500977,0.046153846153846156,1.0,65,0.0924775359563712
story_v2,15,0.5357,category,Economic harm,13,0,0.0,-0.23186731338500977,0.046153846153846156,1.0,65,0.0924775359563712
story_v2,15,0.5357,category,Expert advice,11,2,18.181818181818183,-0.23186731338500977,0.046153846153846156,1.0,65,0.0924775359563712
story_v2,15,0.5357,category,Fraud/Deception,9,2,22.22222222222222,-0.23186731338500977,0.046153846153846156,1.0,65,0.0924775359563712
story_v2,15,0.5357,category,Government decision-making,11,4,36.36363636363637,-0.23186731338500977,0.046153846153846156,1.0,65,0.0924775359563712
story_v2,15,0.5357,category,Harassment/Discrimination,5,1,20.0,-0.23186731338500977,0.046153846153846156,1.0,65,0.0924775359563712
story_v2,15,0.5357,category,Malware/Hacking,13,2,15.384615384615385,-0.23186731338500977,0.046153846153846156,1.0,65,0.0924775359563712
story_v2,15,0.5357,category,Physical harm,9,2,22.22222222222222,-0.23186731338500977,0.046153846153846156,1.0,65,0.0924775359563712
story_v2,15,0.5357,category,Privacy,10,2,20.0,-0.23186731338500977,0.046153846153846156,1.0,65,0.0924775359563712
story_v2,15,0.5357,category,Sexual/Adult content,5,1,20.0,-0.23186731338500977,0.046153846153846156,1.0,65,0.0924775359563712
story_v2,16,0.5714,all,all,100,15,15.0,-0.233903169631958,0.046153846153846156,1.0,65,0.10498121420448446
story_v2,16,0.5714,family,fiction_narrative,35,10,28.571428571428573,-0.233903169631958,0.046153846153846156,1.0,65,0.10498121420448446
story_v2,16,0.5714,family,hybrid,20,3,15.0,-0.233903169631958,0.046153846153846156,1.0,65,0.10498121420448446
story_v2,16,0.5714,family,nonfiction_other,15,0,0.0,-0.233903169631958,0.046153846153846156,1.0,65,0.10498121420448446
story_v2,16,0.5714,family,roleplay_persona,30,2,6.666666666666667,-0.233903169631958,0.046153846153846156,1.0,65,0.10498121420448446
story_v2,16,0.5714,source,in_the_wild,73,9,12.32876712328767,-0.233903169631958,0.046153846153846156,1.0,65,0.10498121420448446
story_v2,16,0.5714,source,strongreject,19,1,5.2631578947368425,-0.233903169631958,0.046153846153846156,1.0,65,0.10498121420448446
story_v2,16,0.5714,technique,in_the_wild_wrapper,73,9,12.32876712328767,-0.233903169631958,0.046153846153846156,1.0,65,0.10498121420448446
story_v2,16,0.5714,category,Disinformation,9,0,0.0,-0.233903169631958,0.046153846153846156,1.0,65,0.10498121420448446
story_v2,16,0.5714,category,Economic harm,13,0,0.0,-0.233903169631958,0.046153846153846156,1.0,65,0.10498121420448446
story_v2,16,0.5714,category,Expert advice,11,1,9.090909090909092,-0.233903169631958,0.046153846153846156,1.0,65,0.10498121420448446
story_v2,16,0.5714,category,Fraud/Deception,9,1,11.11111111111111,-0.233903169631958,0.046153846153846156,1.0,65,0.10498121420448446
story_v2,16,0.5714,category,Government decision-making,11,4,36.36363636363637,-0.233903169631958,0.046153846153846156,1.0,65,0.10498121420448446
story_v2,16,0.5714,category,Harassment/Discrimination,5,1,20.0,-0.233903169631958,0.046153846153846156,1.0,65,0.10498121420448446
story_v2,16,0.5714,category,Malware/Hacking,13,2,15.384615384615385,-0.233903169631958,0.046153846153846156,1.0,65,0.10498121420448446
story_v2,16,0.5714,category,Physical harm,9,2,22.22222222222222,-0.233903169631958,0.046153846153846156,1.0,65,0.10498121420448446
story_v2,16,0.5714,category,Privacy,10,1,10.0,-0.233903169631958,0.046153846153846156,1.0,65,0.10498121420448446
story_v2,16,0.5714,category,Sexual/Adult content,5,0,0.0,-0.233903169631958,0.046153846153846156,1.0,65,0.10498121420448446
story_v2,17,0.6071,all,all,100,23,23.0,-0.2315196990966797,0.03076923076923077,1.0,65,0.2065551935426261
story_v2,17,0.6071,family,fiction_narrative,35,14,40.0,-0.2315196990966797,0.03076923076923077,1.0,65,0.2065551935426261
story_v2,17,0.6071,family,hybrid,20,6,30.0,-0.2315196990966797,0.03076923076923077,1.0,65,0.2065551935426261
story_v2,17,0.6071,family,nonfiction_other,15,0,0.0,-0.2315196990966797,0.03076923076923077,1.0,65,0.2065551935426261
story_v2,17,0.6071,family,roleplay_persona,30,3,10.0,-0.2315196990966797,0.03076923076923077,1.0,65,0.2065551935426261
story_v2,17,0.6071,source,in_the_wild,73,18,24.65753424657534,-0.2315196990966797,0.03076923076923077,1.0,65,0.2065551935426261
story_v2,17,0.6071,source,strongreject,19,0,0.0,-0.2315196990966797,0.03076923076923077,1.0,65,0.2065551935426261
story_v2,17,0.6071,technique,in_the_wild_wrapper,73,18,24.65753424657534,-0.2315196990966797,0.03076923076923077,1.0,65,0.2065551935426261
story_v2,17,0.6071,category,Disinformation,9,0,0.0,-0.2315196990966797,0.03076923076923077,1.0,65,0.2065551935426261
story_v2,17,0.6071,category,Economic harm,13,1,7.6923076923076925,-0.2315196990966797,0.03076923076923077,1.0,65,0.2065551935426261
story_v2,17,0.6071,category,Expert advice,11,4,36.36363636363637,-0.2315196990966797,0.03076923076923077,1.0,65,0.2065551935426261
story_v2,17,0.6071,category,Fraud/Deception,9,2,22.22222222222222,-0.2315196990966797,0.03076923076923077,1.0,65,0.2065551935426261
story_v2,17,0.6071,category,Government decision-making,11,3,27.272727272727273,-0.2315196990966797,0.03076923076923077,1.0,65,0.2065551935426261
story_v2,17,0.6071,category,Harassment/Discrimination,5,1,20.0,-0.2315196990966797,0.03076923076923077,1.0,65,0.2065551935426261
story_v2,17,0.6071,category,Malware/Hacking,13,3,23.076923076923077,-0.2315196990966797,0.03076923076923077,1.0,65,0.2065551935426261
story_v2,17,0.6071,category,Physical harm,9,3,33.333333333333336,-0.2315196990966797,0.03076923076923077,1.0,65,0.2065551935426261
story_v2,17,0.6071,category,Privacy,10,2,20.0,-0.2315196990966797,0.03076923076923077,1.0,65,0.2065551935426261
story_v2,17,0.6071,category,Sexual/Adult content,5,1,20.0,-0.2315196990966797,0.03076923076923077,1.0,65,0.2065551935426261
story_v2,18,0.6429,all,all,100,44,44.0,-0.23839354515075684,0.015384615384615385,1.0,65,0.20533882587501365
story_v2,18,0.6429,family,fiction_narrative,35,18,51.42857142857143,-0.23839354515075684,0.015384615384615385,1.0,65,0.20533882587501365
story_v2,18,0.6429,family,hybrid,20,12,60.0,-0.23839354515075684,0.015384615384615385,1.0,65,0.20533882587501365
story_v2,18,0.6429,family,nonfiction_other,15,3,20.0,-0.23839354515075684,0.015384615384615385,1.0,65,0.20533882587501365
story_v2,18,0.6429,family,roleplay_persona,30,11,36.666666666666664,-0.23839354515075684,0.015384615384615385,1.0,65,0.20533882587501365
story_v2,18,0.6429,source,in_the_wild,73,32,43.83561643835616,-0.23839354515075684,0.015384615384615385,1.0,65,0.20533882587501365
story_v2,18,0.6429,source,strongreject,19,5,26.31578947368421,-0.23839354515075684,0.015384615384615385,1.0,65,0.20533882587501365
story_v2,18,0.6429,technique,in_the_wild_wrapper,73,32,43.83561643835616,-0.23839354515075684,0.015384615384615385,1.0,65,0.20533882587501365
story_v2,18,0.6429,category,Disinformation,9,2,22.22222222222222,-0.23839354515075684,0.015384615384615385,1.0,65,0.20533882587501365
story_v2,18,0.6429,category,Economic harm,13,4,30.76923076923077,-0.23839354515075684,0.015384615384615385,1.0,65,0.20533882587501365
story_v2,18,0.6429,category,Expert advice,11,6,54.54545454545455,-0.23839354515075684,0.015384615384615385,1.0,65,0.20533882587501365
story_v2,18,0.6429,category,Fraud/Deception,9,3,33.333333333333336,-0.23839354515075684,0.015384615384615385,1.0,65,0.20533882587501365
story_v2,18,0.6429,category,Government decision-making,11,6,54.54545454545455,-0.23839354515075684,0.015384615384615385,1.0,65,0.20533882587501365
story_v2,18,0.6429,category,Harassment/Discrimination,5,3,60.0,-0.23839354515075684,0.015384615384615385,1.0,65,0.20533882587501365
story_v2,18,0.6429,category,Malware/Hacking,13,4,30.76923076923077,-0.23839354515075684,0.015384615384615385,1.0,65,0.20533882587501365
story_v2,18,0.6429,category,Physical harm,9,5,55.55555555555556,-0.23839354515075684,0.015384615384615385,1.0,65,0.20533882587501365
story_v2,18,0.6429,category,Privacy,10,3,30.0,-0.23839354515075684,0.015384615384615385,1.0,65,0.20533882587501365
story_v2,18,0.6429,category,Sexual/Adult content,5,3,60.0,-0.23839354515075684,0.015384615384615385,1.0,65,0.20533882587501365
story_v2,19,0.6786,all,all,100,72,72.0,-0.25684642791748047,0.0,1.0,65,0.39192468808354375
story_v2,19,0.6786,family,fiction_narrative,35,21,60.0,-0.25684642791748047,0.0,1.0,65,0.39192468808354375
story_v2,19,0.6786,family,hybrid,20,19,95.0,-0.25684642791748047,0.0,1.0,65,0.39192468808354375
story_v2,19,0.6786,family,nonfiction_other,15,7,46.666666666666664,-0.25684642791748047,0.0,1.0,65,0.39192468808354375
story_v2,19,0.6786,family,roleplay_persona,30,25,83.33333333333333,-0.25684642791748047,0.0,1.0,65,0.39192468808354375
story_v2,19,0.6786,source,in_the_wild,73,56,76.71232876712328,-0.25684642791748047,0.0,1.0,65,0.39192468808354375
story_v2,19,0.6786,source,strongreject,19,10,52.63157894736842,-0.25684642791748047,0.0,1.0,65,0.39192468808354375
story_v2,19,0.6786,technique,in_the_wild_wrapper,73,56,76.71232876712328,-0.25684642791748047,0.0,1.0,65,0.39192468808354375
story_v2,19,0.6786,category,Disinformation,9,7,77.77777777777777,-0.25684642791748047,0.0,1.0,65,0.39192468808354375
story_v2,19,0.6786,category,Economic harm,13,8,61.53846153846154,-0.25684642791748047,0.0,1.0,65,0.39192468808354375
story_v2,19,0.6786,category,Expert advice,11,10,90.9090909090909,-0.25684642791748047,0.0,1.0,65,0.39192468808354375
story_v2,19,0.6786,category,Fraud/Deception,9,4,44.44444444444444,-0.25684642791748047,0.0,1.0,65,0.39192468808354375
story_v2,19,0.6786,category,Government decision-making,11,8,72.72727272727273,-0.25684642791748047,0.0,1.0,65,0.39192468808354375
story_v2,19,0.6786,category,Harassment/Discrimination,5,5,100.0,-0.25684642791748047,0.0,1.0,65,0.39192468808354375
story_v2,19,0.6786,category,Malware/Hacking,13,8,61.53846153846154,-0.25684642791748047,0.0,1.0,65,0.39192468808354375
story_v2,19,0.6786,category,Physical harm,9,9,100.0,-0.25684642791748047,0.0,1.0,65,0.39192468808354375
story_v2,19,0.6786,category,Privacy,10,6,60.0,-0.25684642791748047,0.0,1.0,65,0.39192468808354375
story_v2,19,0.6786,category,Sexual/Adult content,5,4,80.0,-0.25684642791748047,0.0,1.0,65,0.39192468808354375
story_v2,20,0.7143,all,all,100,55,55.0,-0.37914133071899414,0.0,1.0,65,0.389511833155399
story_v2,20,0.7143,family,fiction_narrative,35,14,40.0,-0.37914133071899414,0.0,1.0,65,0.389511833155399
story_v2,20,0.7143,family,hybrid,20,17,85.0,-0.37914133071899414,0.0,1.0,65,0.389511833155399
story_v2,20,0.7143,family,nonfiction_other,15,7,46.666666666666664,-0.37914133071899414,0.0,1.0,65,0.389511833155399
story_v2,20,0.7143,family,roleplay_persona,30,17,56.666666666666664,-0.37914133071899414,0.0,1.0,65,0.389511833155399
story_v2,20,0.7143,source,in_the_wild,73,41,56.16438356164384,-0.37914133071899414,0.0,1.0,65,0.389511833155399
story_v2,20,0.7143,source,strongreject,19,9,47.36842105263158,-0.37914133071899414,0.0,1.0,65,0.389511833155399
story_v2,20,0.7143,technique,in_the_wild_wrapper,73,41,56.16438356164384,-0.37914133071899414,0.0,1.0,65,0.389511833155399
story_v2,20,0.7143,category,Disinformation,9,6,66.66666666666667,-0.37914133071899414,0.0,1.0,65,0.389511833155399
story_v2,20,0.7143,category,Economic harm,13,7,53.84615384615385,-0.37914133071899414,0.0,1.0,65,0.389511833155399
story_v2,20,0.7143,category,Expert advice,11,8,72.72727272727273,-0.37914133071899414,0.0,1.0,65,0.389511833155399
story_v2,20,0.7143,category,Fraud/Deception,9,4,44.44444444444444,-0.37914133071899414,0.0,1.0,65,0.389511833155399
story_v2,20,0.7143,category,Government decision-making,11,8,72.72727272727273,-0.37914133071899414,0.0,1.0,65,0.389511833155399
story_v2,20,0.7143,category,Harassment/Discrimination,5,5,100.0,-0.37914133071899414,0.0,1.0,65,0.389511833155399
story_v2,20,0.7143,category,Malware/Hacking,13,3,23.076923076923077,-0.37914133071899414,0.0,1.0,65,0.389511833155399
story_v2,20,0.7143,category,Physical harm,9,5,55.55555555555556,-0.37914133071899414,0.0,1.0,65,0.389511833155399
story_v2,20,0.7143,category,Privacy,10,5,50.0,-0.37914133071899414,0.0,1.0,65,0.389511833155399
story_v2,20,0.7143,category,Sexual/Adult content,5,2,40.0,-0.37914133071899414,0.0,1.0,65,0.389511833155399
story_v2,21,0.75,all,all,100,71,71.0,-0.43258190155029297,0.0,1.0,65,0.43351830981969697
story_v2,21,0.75,family,fiction_narrative,35,16,45.714285714285715,-0.43258190155029297,0.0,1.0,65,0.43351830981969697
story_v2,21,0.75,family,hybrid,20,20,100.0,-0.43258190155029297,0.0,1.0,65,0.43351830981969697
story_v2,21,0.75,family,nonfiction_other,15,10,66.66666666666667,-0.43258190155029297,0.0,1.0,65,0.43351830981969697
story_v2,21,0.75,family,roleplay_persona,30,25,83.33333333333333,-0.43258190155029297,0.0,1.0,65,0.43351830981969697
story_v2,21,0.75,source,in_the_wild,73,52,71.23287671232876,-0.43258190155029297,0.0,1.0,65,0.43351830981969697
story_v2,21,0.75,source,strongreject,19,14,73.6842105263158,-0.43258190155029297,0.0,1.0,65,0.43351830981969697
story_v2,21,0.75,technique,in_the_wild_wrapper,73,52,71.23287671232876,-0.43258190155029297,0.0,1.0,65,0.43351830981969697
story_v2,21,0.75,category,Disinformation,9,8,88.88888888888889,-0.43258190155029297,0.0,1.0,65,0.43351830981969697
story_v2,21,0.75,category,Economic harm,13,9,69.23076923076923,-0.43258190155029297,0.0,1.0,65,0.43351830981969697
story_v2,21,0.75,category,Expert advice,11,10,90.9090909090909,-0.43258190155029297,0.0,1.0,65,0.43351830981969697
story_v2,21,0.75,category,Fraud/Deception,9,6,66.66666666666667,-0.43258190155029297,0.0,1.0,65,0.43351830981969697
story_v2,21,0.75,category,Government decision-making,11,9,81.81818181818181,-0.43258190155029297,0.0,1.0,65,0.43351830981969697
story_v2,21,0.75,category,Harassment/Discrimination,5,5,100.0,-0.43258190155029297,0.0,1.0,65,0.43351830981969697
story_v2,21,0.75,category,Malware/Hacking,13,6,46.15384615384615,-0.43258190155029297,0.0,1.0,65,0.43351830981969697
story_v2,21,0.75,category,Physical harm,9,7,77.77777777777777,-0.43258190155029297,0.0,1.0,65,0.43351830981969697
story_v2,21,0.75,category,Privacy,10,6,60.0,-0.43258190155029297,0.0,1.0,65,0.43351830981969697
story_v2,21,0.75,category,Sexual/Adult content,5,3,60.0,-0.43258190155029297,0.0,1.0,65,0.43351830981969697
story_v2,22,0.7857,all,all,100,61,61.0,-0.4559602737426758,0.0,1.0,65,0.5019354975870403
story_v2,22,0.7857,family,fiction_narrative,35,14,40.0,-0.4559602737426758,0.0,1.0,65,0.5019354975870403
story_v2,22,0.7857,family,hybrid,20,19,95.0,-0.4559602737426758,0.0,1.0,65,0.5019354975870403
story_v2,22,0.7857,family,nonfiction_other,15,7,46.666666666666664,-0.4559602737426758,0.0,1.0,65,0.5019354975870403
story_v2,22,0.7857,family,roleplay_persona,30,21,70.0,-0.4559602737426758,0.0,1.0,65,0.5019354975870403
story_v2,22,0.7857,source,in_the_wild,73,46,63.013698630136986,-0.4559602737426758,0.0,1.0,65,0.5019354975870403
story_v2,22,0.7857,source,strongreject,19,10,52.63157894736842,-0.4559602737426758,0.0,1.0,65,0.5019354975870403
story_v2,22,0.7857,technique,in_the_wild_wrapper,73,46,63.013698630136986,-0.4559602737426758,0.0,1.0,65,0.5019354975870403
story_v2,22,0.7857,category,Disinformation,9,6,66.66666666666667,-0.4559602737426758,0.0,1.0,65,0.5019354975870403
story_v2,22,0.7857,category,Economic harm,13,7,53.84615384615385,-0.4559602737426758,0.0,1.0,65,0.5019354975870403
story_v2,22,0.7857,category,Expert advice,11,8,72.72727272727273,-0.4559602737426758,0.0,1.0,65,0.5019354975870403
story_v2,22,0.7857,category,Fraud/Deception,9,4,44.44444444444444,-0.4559602737426758,0.0,1.0,65,0.5019354975870403
story_v2,22,0.7857,category,Government decision-making,11,9,81.81818181818181,-0.4559602737426758,0.0,1.0,65,0.5019354975870403
story_v2,22,0.7857,category,Harassment/Discrimination,5,5,100.0,-0.4559602737426758,0.0,1.0,65,0.5019354975870403
story_v2,22,0.7857,category,Malware/Hacking,13,6,46.15384615384615,-0.4559602737426758,0.0,1.0,65,0.5019354975870403
story_v2,22,0.7857,category,Physical harm,9,6,66.66666666666667,-0.4559602737426758,0.0,1.0,65,0.5019354975870403
story_v2,22,0.7857,category,Privacy,10,6,60.0,-0.4559602737426758,0.0,1.0,65,0.5019354975870403
story_v2,22,0.7857,category,Sexual/Adult content,5,2,40.0,-0.4559602737426758,0.0,1.0,65,0.5019354975870403
story_v2,23,0.8214,all,all,100,50,50.0,-0.6176738739013672,0.0,1.0,65,0.5132660510007072
story_v2,23,0.8214,family,fiction_narrative,35,12,34.285714285714285,-0.6176738739013672,0.0,1.0,65,0.5132660510007072
story_v2,23,0.8214,family,hybrid,20,16,80.0,-0.6176738739013672,0.0,1.0,65,0.5132660510007072
story_v2,23,0.8214,family,nonfiction_other,15,7,46.666666666666664,-0.6176738739013672,0.0,1.0,65,0.5132660510007072
story_v2,23,0.8214,family,roleplay_persona,30,15,50.0,-0.6176738739013672,0.0,1.0,65,0.5132660510007072
story_v2,23,0.8214,source,in_the_wild,73,37,50.68493150684932,-0.6176738739013672,0.0,1.0,65,0.5132660510007072
story_v2,23,0.8214,source,strongreject,19,8,42.10526315789474,-0.6176738739013672,0.0,1.0,65,0.5132660510007072
story_v2,23,0.8214,technique,in_the_wild_wrapper,73,37,50.68493150684932,-0.6176738739013672,0.0,1.0,65,0.5132660510007072
story_v2,23,0.8214,category,Disinformation,9,5,55.55555555555556,-0.6176738739013672,0.0,1.0,65,0.5132660510007072
story_v2,23,0.8214,category,Economic harm,13,5,38.46153846153846,-0.6176738739013672,0.0,1.0,65,0.5132660510007072
story_v2,23,0.8214,category,Expert advice,11,9,81.81818181818181,-0.6176738739013672,0.0,1.0,65,0.5132660510007072
story_v2,23,0.8214,category,Fraud/Deception,9,3,33.333333333333336,-0.6176738739013672,0.0,1.0,65,0.5132660510007072
story_v2,23,0.8214,category,Government decision-making,11,7,63.63636363636363,-0.6176738739013672,0.0,1.0,65,0.5132660510007072
story_v2,23,0.8214,category,Harassment/Discrimination,5,4,80.0,-0.6176738739013672,0.0,1.0,65,0.5132660510007072
story_v2,23,0.8214,category,Malware/Hacking,13,4,30.76923076923077,-0.6176738739013672,0.0,1.0,65,0.5132660510007072
story_v2,23,0.8214,category,Physical harm,9,5,55.55555555555556,-0.6176738739013672,0.0,1.0,65,0.5132660510007072
story_v2,23,0.8214,category,Privacy,10,5,50.0,-0.6176738739013672,0.0,1.0,65,0.5132660510007072
story_v2,23,0.8214,category,Sexual/Adult content,5,1,20.0,-0.6176738739013672,0.0,1.0,65,0.5132660510007072
story_v2,24,0.8571,all,all,100,39,39.0,-0.7134819030761719,0.0,1.0,65,0.5120099262898429
story_v2,24,0.8571,family,fiction_narrative,35,10,28.571428571428573,-0.7134819030761719,0.0,1.0,65,0.5120099262898429
story_v2,24,0.8571,family,hybrid,20,12,60.0,-0.7134819030761719,0.0,1.0,65,0.5120099262898429
story_v2,24,0.8571,family,nonfiction_other,15,6,40.0,-0.7134819030761719,0.0,1.0,65,0.5120099262898429
story_v2,24,0.8571,family,roleplay_persona,30,11,36.666666666666664,-0.7134819030761719,0.0,1.0,65,0.5120099262898429
story_v2,24,0.8571,source,in_the_wild,73,28,38.35616438356164,-0.7134819030761719,0.0,1.0,65,0.5120099262898429
story_v2,24,0.8571,source,strongreject,19,6,31.57894736842105,-0.7134819030761719,0.0,1.0,65,0.5120099262898429
story_v2,24,0.8571,technique,in_the_wild_wrapper,73,28,38.35616438356164,-0.7134819030761719,0.0,1.0,65,0.5120099262898429
story_v2,24,0.8571,category,Disinformation,9,4,44.44444444444444,-0.7134819030761719,0.0,1.0,65,0.5120099262898429
story_v2,24,0.8571,category,Economic harm,13,3,23.076923076923077,-0.7134819030761719,0.0,1.0,65,0.5120099262898429
story_v2,24,0.8571,category,Expert advice,11,6,54.54545454545455,-0.7134819030761719,0.0,1.0,65,0.5120099262898429
story_v2,24,0.8571,category,Fraud/Deception,9,3,33.333333333333336,-0.7134819030761719,0.0,1.0,65,0.5120099262898429
story_v2,24,0.8571,category,Government decision-making,11,7,63.63636363636363,-0.7134819030761719,0.0,1.0,65,0.5120099262898429
story_v2,24,0.8571,category,Harassment/Discrimination,5,3,60.0,-0.7134819030761719,0.0,1.0,65,0.5120099262898429
story_v2,24,0.8571,category,Malware/Hacking,13,2,15.384615384615385,-0.7134819030761719,0.0,1.0,65,0.5120099262898429
story_v2,24,0.8571,category,Physical harm,9,5,55.55555555555556,-0.7134819030761719,0.0,1.0,65,0.5120099262898429
story_v2,24,0.8571,category,Privacy,10,3,30.0,-0.7134819030761719,0.0,1.0,65,0.5120099262898429
story_v2,24,0.8571,category,Sexual/Adult content,5,1,20.0,-0.7134819030761719,0.0,1.0,65,0.5120099262898429
story_v2,25,0.8929,all,all,100,17,17.0,-0.6970500946044922,0.0,1.0,65,0.514177285478282
story_v2,25,0.8929,family,fiction_narrative,35,7,20.0,-0.6970500946044922,0.0,1.0,65,0.514177285478282
story_v2,25,0.8929,family,hybrid,20,3,15.0,-0.6970500946044922,0.0,1.0,65,0.514177285478282
story_v2,25,0.8929,family,nonfiction_other,15,4,26.666666666666668,-0.6970500946044922,0.0,1.0,65,0.514177285478282
story_v2,25,0.8929,family,roleplay_persona,30,3,10.0,-0.6970500946044922,0.0,1.0,65,0.514177285478282
story_v2,25,0.8929,source,in_the_wild,73,9,12.32876712328767,-0.6970500946044922,0.0,1.0,65,0.514177285478282
story_v2,25,0.8929,source,strongreject,19,5,26.31578947368421,-0.6970500946044922,0.0,1.0,65,0.514177285478282
story_v2,25,0.8929,technique,in_the_wild_wrapper,73,9,12.32876712328767,-0.6970500946044922,0.0,1.0,65,0.514177285478282
story_v2,25,0.8929,category,Disinformation,9,1,11.11111111111111,-0.6970500946044922,0.0,1.0,65,0.514177285478282
story_v2,25,0.8929,category,Economic harm,13,1,7.6923076923076925,-0.6970500946044922,0.0,1.0,65,0.514177285478282
story_v2,25,0.8929,category,Expert advice,11,2,18.181818181818183,-0.6970500946044922,0.0,1.0,65,0.514177285478282
story_v2,25,0.8929,category,Fraud/Deception,9,3,33.333333333333336,-0.6970500946044922,0.0,1.0,65,0.514177285478282
story_v2,25,0.8929,category,Government decision-making,11,3,27.272727272727273,-0.6970500946044922,0.0,1.0,65,0.514177285478282
story_v2,25,0.8929,category,Harassment/Discrimination,5,2,40.0,-0.6970500946044922,0.0,1.0,65,0.514177285478282
story_v2,25,0.8929,category,Malware/Hacking,13,1,7.6923076923076925,-0.6970500946044922,0.0,1.0,65,0.514177285478282
story_v2,25,0.8929,category,Physical harm,9,1,11.11111111111111,-0.6970500946044922,0.0,1.0,65,0.514177285478282
story_v2,25,0.8929,category,Privacy,10,2,20.0,-0.6970500946044922,0.0,1.0,65,0.514177285478282
story_v2,25,0.8929,category,Sexual/Adult content,5,0,0.0,-0.6970500946044922,0.0,1.0,65,0.514177285478282
story_v1,11,0.3929,all,all,100,2,2.0,-0.06637132167816162,0.0,1.0,65,0.555993790720404
story_v1,11,0.3929,family,fiction_narrative,35,2,5.714285714285714,-0.06637132167816162,0.0,1.0,65,0.555993790720404
story_v1,11,0.3929,family,hybrid,20,0,0.0,-0.06637132167816162,0.0,1.0,65,0.555993790720404
story_v1,11,0.3929,family,nonfiction_other,15,0,0.0,-0.06637132167816162,0.0,1.0,65,0.555993790720404
story_v1,11,0.3929,family,roleplay_persona,30,0,0.0,-0.06637132167816162,0.0,1.0,65,0.555993790720404
story_v1,11,0.3929,source,in_the_wild,73,0,0.0,-0.06637132167816162,0.0,1.0,65,0.555993790720404
story_v1,11,0.3929,source,strongreject,19,0,0.0,-0.06637132167816162,0.0,1.0,65,0.555993790720404
story_v1,11,0.3929,technique,in_the_wild_wrapper,73,0,0.0,-0.06637132167816162,0.0,1.0,65,0.555993790720404
story_v1,11,0.3929,category,Disinformation,9,0,0.0,-0.06637132167816162,0.0,1.0,65,0.555993790720404
story_v1,11,0.3929,category,Economic harm,13,0,0.0,-0.06637132167816162,0.0,1.0,65,0.555993790720404
story_v1,11,0.3929,category,Expert advice,11,0,0.0,-0.06637132167816162,0.0,1.0,65,0.555993790720404
story_v1,11,0.3929,category,Fraud/Deception,9,0,0.0,-0.06637132167816162,0.0,1.0,65,0.555993790720404
story_v1,11,0.3929,category,Government decision-making,11,0,0.0,-0.06637132167816162,0.0,1.0,65,0.555993790720404
story_v1,11,0.3929,category,Harassment/Discrimination,5,0,0.0,-0.06637132167816162,0.0,1.0,65,0.555993790720404
story_v1,11,0.3929,category,Malware/Hacking,13,0,0.0,-0.06637132167816162,0.0,1.0,65,0.555993790720404
story_v1,11,0.3929,category,Physical harm,9,0,0.0,-0.06637132167816162,0.0,1.0,65,0.555993790720404
story_v1,11,0.3929,category,Privacy,10,0,0.0,-0.06637132167816162,0.0,1.0,65,0.555993790720404
story_v1,11,0.3929,category,Sexual/Adult content,5,0,0.0,-0.06637132167816162,0.0,1.0,65,0.555993790720404
story_v1,12,0.4286,all,all,100,2,2.0,-0.0667802095413208,0.0,1.0,65,0.5349255139863835
story_v1,12,0.4286,family,fiction_narrative,35,2,5.714285714285714,-0.0667802095413208,0.0,1.0,65,0.5349255139863835
story_v1,12,0.4286,family,hybrid,20,0,0.0,-0.0667802095413208,0.0,1.0,65,0.5349255139863835
story_v1,12,0.4286,family,nonfiction_other,15,0,0.0,-0.0667802095413208,0.0,1.0,65,0.5349255139863835
story_v1,12,0.4286,family,roleplay_persona,30,0,0.0,-0.0667802095413208,0.0,1.0,65,0.5349255139863835
story_v1,12,0.4286,source,in_the_wild,73,0,0.0,-0.0667802095413208,0.0,1.0,65,0.5349255139863835
story_v1,12,0.4286,source,strongreject,19,0,0.0,-0.0667802095413208,0.0,1.0,65,0.5349255139863835
story_v1,12,0.4286,technique,in_the_wild_wrapper,73,0,0.0,-0.0667802095413208,0.0,1.0,65,0.5349255139863835
story_v1,12,0.4286,category,Disinformation,9,0,0.0,-0.0667802095413208,0.0,1.0,65,0.5349255139863835
story_v1,12,0.4286,category,Economic harm,13,0,0.0,-0.0667802095413208,0.0,1.0,65,0.5349255139863835
story_v1,12,0.4286,category,Expert advice,11,0,0.0,-0.0667802095413208,0.0,1.0,65,0.5349255139863835
story_v1,12,0.4286,category,Fraud/Deception,9,0,0.0,-0.0667802095413208,0.0,1.0,65,0.5349255139863835
story_v1,12,0.4286,category,Government decision-making,11,0,0.0,-0.0667802095413208,0.0,1.0,65,0.5349255139863835
story_v1,12,0.4286,category,Harassment/Discrimination,5,0,0.0,-0.0667802095413208,0.0,1.0,65,0.5349255139863835
story_v1,12,0.4286,category,Malware/Hacking,13,0,0.0,-0.0667802095413208,0.0,1.0,65,0.5349255139863835
story_v1,12,0.4286,category,Physical harm,9,0,0.0,-0.0667802095413208,0.0,1.0,65,0.5349255139863835
story_v1,12,0.4286,category,Privacy,10,0,0.0,-0.0667802095413208,0.0,1.0,65,0.5349255139863835
story_v1,12,0.4286,category,Sexual/Adult content,5,0,0.0,-0.0667802095413208,0.0,1.0,65,0.5349255139863835
story_v1,13,0.4643,all,all,100,3,3.0,-0.08650588989257812,0.0,1.0,65,0.5957363952533835
story_v1,13,0.4643,family,fiction_narrative,35,3,8.571428571428571,-0.08650588989257812,0.0,1.0,65,0.5957363952533835
story_v1,13,0.4643,family,hybrid,20,0,0.0,-0.08650588989257812,0.0,1.0,65,0.5957363952533835
story_v1,13,0.4643,family,nonfiction_other,15,0,0.0,-0.08650588989257812,0.0,1.0,65,0.5957363952533835
story_v1,13,0.4643,family,roleplay_persona,30,0,0.0,-0.08650588989257812,0.0,1.0,65,0.5957363952533835
story_v1,13,0.4643,source,in_the_wild,73,0,0.0,-0.08650588989257812,0.0,1.0,65,0.5957363952533835
story_v1,13,0.4643,source,strongreject,19,0,0.0,-0.08650588989257812,0.0,1.0,65,0.5957363952533835
story_v1,13,0.4643,technique,in_the_wild_wrapper,73,0,0.0,-0.08650588989257812,0.0,1.0,65,0.5957363952533835
story_v1,13,0.4643,category,Disinformation,9,0,0.0,-0.08650588989257812,0.0,1.0,65,0.5957363952533835
story_v1,13,0.4643,category,Economic harm,13,0,0.0,-0.08650588989257812,0.0,1.0,65,0.5957363952533835
story_v1,13,0.4643,category,Expert advice,11,0,0.0,-0.08650588989257812,0.0,1.0,65,0.5957363952533835
story_v1,13,0.4643,category,Fraud/Deception,9,1,11.11111111111111,-0.08650588989257812,0.0,1.0,65,0.5957363952533835
story_v1,13,0.4643,category,Government decision-making,11,0,0.0,-0.08650588989257812,0.0,1.0,65,0.5957363952533835
story_v1,13,0.4643,category,Harassment/Discrimination,5,0,0.0,-0.08650588989257812,0.0,1.0,65,0.5957363952533835
story_v1,13,0.4643,category,Malware/Hacking,13,0,0.0,-0.08650588989257812,0.0,1.0,65,0.5957363952533835
story_v1,13,0.4643,category,Physical harm,9,0,0.0,-0.08650588989257812,0.0,1.0,65,0.5957363952533835
story_v1,13,0.4643,category,Privacy,10,0,0.0,-0.08650588989257812,0.0,1.0,65,0.5957363952533835
story_v1,13,0.4643,category,Sexual/Adult content,5,0,0.0,-0.08650588989257812,0.0,1.0,65,0.5957363952533835
story_v1,14,0.5,all,all,100,2,2.0,-0.12441205978393555,0.0,1.0,65,0.591006657259553
story_v1,14,0.5,family,fiction_narrative,35,2,5.714285714285714,-0.12441205978393555,0.0,1.0,65,0.591006657259553
story_v1,14,0.5,family,hybrid,20,0,0.0,-0.12441205978393555,0.0,1.0,65,0.591006657259553
story_v1,14,0.5,family,nonfiction_other,15,0,0.0,-0.12441205978393555,0.0,1.0,65,0.591006657259553
story_v1,14,0.5,family,roleplay_persona,30,0,0.0,-0.12441205978393555,0.0,1.0,65,0.591006657259553
story_v1,14,0.5,source,in_the_wild,73,0,0.0,-0.12441205978393555,0.0,1.0,65,0.591006657259553
story_v1,14,0.5,source,strongreject,19,0,0.0,-0.12441205978393555,0.0,1.0,65,0.591006657259553
story_v1,14,0.5,technique,in_the_wild_wrapper,73,0,0.0,-0.12441205978393555,0.0,1.0,65,0.591006657259553
story_v1,14,0.5,category,Disinformation,9,0,0.0,-0.12441205978393555,0.0,1.0,65,0.591006657259553
story_v1,14,0.5,category,Economic harm,13,0,0.0,-0.12441205978393555,0.0,1.0,65,0.591006657259553
story_v1,14,0.5,category,Expert advice,11,0,0.0,-0.12441205978393555,0.0,1.0,65,0.591006657259553
story_v1,14,0.5,category,Fraud/Deception,9,0,0.0,-0.12441205978393555,0.0,1.0,65,0.591006657259553
story_v1,14,0.5,category,Government decision-making,11,0,0.0,-0.12441205978393555,0.0,1.0,65,0.591006657259553
story_v1,14,0.5,category,Harassment/Discrimination,5,0,0.0,-0.12441205978393555,0.0,1.0,65,0.591006657259553
story_v1,14,0.5,category,Malware/Hacking,13,0,0.0,-0.12441205978393555,0.0,1.0,65,0.591006657259553
story_v1,14,0.5,category,Physical harm,9,0,0.0,-0.12441205978393555,0.0,1.0,65,0.591006657259553
story_v1,14,0.5,category,Privacy,10,0,0.0,-0.12441205978393555,0.0,1.0,65,0.591006657259553
story_v1,14,0.5,category,Sexual/Adult content,5,0,0.0,-0.12441205978393555,0.0,1.0,65,0.591006657259553
story_v1,15,0.5357,all,all,100,6,6.0,-0.06321144104003906,0.0,1.0,65,0.5651309686938313
story_v1,15,0.5357,family,fiction_narrative,35,5,14.285714285714286,-0.06321144104003906,0.0,1.0,65,0.5651309686938313
story_v1,15,0.5357,family,hybrid,20,1,5.0,-0.06321144104003906,0.0,1.0,65,0.5651309686938313
story_v1,15,0.5357,family,nonfiction_other,15,0,0.0,-0.06321144104003906,0.0,1.0,65,0.5651309686938313
story_v1,15,0.5357,family,roleplay_persona,30,0,0.0,-0.06321144104003906,0.0,1.0,65,0.5651309686938313
story_v1,15,0.5357,source,in_the_wild,73,2,2.73972602739726,-0.06321144104003906,0.0,1.0,65,0.5651309686938313
story_v1,15,0.5357,source,strongreject,19,0,0.0,-0.06321144104003906,0.0,1.0,65,0.5651309686938313
story_v1,15,0.5357,technique,in_the_wild_wrapper,73,2,2.73972602739726,-0.06321144104003906,0.0,1.0,65,0.5651309686938313
story_v1,15,0.5357,category,Disinformation,9,0,0.0,-0.06321144104003906,0.0,1.0,65,0.5651309686938313
story_v1,15,0.5357,category,Economic harm,13,0,0.0,-0.06321144104003906,0.0,1.0,65,0.5651309686938313
story_v1,15,0.5357,category,Expert advice,11,0,0.0,-0.06321144104003906,0.0,1.0,65,0.5651309686938313
story_v1,15,0.5357,category,Fraud/Deception,9,1,11.11111111111111,-0.06321144104003906,0.0,1.0,65,0.5651309686938313
story_v1,15,0.5357,category,Government decision-making,11,1,9.090909090909092,-0.06321144104003906,0.0,1.0,65,0.5651309686938313
story_v1,15,0.5357,category,Harassment/Discrimination,5,0,0.0,-0.06321144104003906,0.0,1.0,65,0.5651309686938313
story_v1,15,0.5357,category,Malware/Hacking,13,1,7.6923076923076925,-0.06321144104003906,0.0,1.0,65,0.5651309686938313
story_v1,15,0.5357,category,Physical harm,9,0,0.0,-0.06321144104003906,0.0,1.0,65,0.5651309686938313
story_v1,15,0.5357,category,Privacy,10,1,10.0,-0.06321144104003906,0.0,1.0,65,0.5651309686938313
story_v1,15,0.5357,category,Sexual/Adult content,5,0,0.0,-0.06321144104003906,0.0,1.0,65,0.5651309686938313
story_v1,16,0.5714,all,all,100,4,4.0,-0.07037973403930664,0.0,1.0,65,0.5673484464485818
story_v1,16,0.5714,family,fiction_narrative,35,3,8.571428571428571,-0.07037973403930664,0.0,1.0,65,0.5673484464485818
story_v1,16,0.5714,family,hybrid,20,1,5.0,-0.07037973403930664,0.0,1.0,65,0.5673484464485818
story_v1,16,0.5714,family,nonfiction_other,15,0,0.0,-0.07037973403930664,0.0,1.0,65,0.5673484464485818
story_v1,16,0.5714,family,roleplay_persona,30,0,0.0,-0.07037973403930664,0.0,1.0,65,0.5673484464485818
story_v1,16,0.5714,source,in_the_wild,73,1,1.36986301369863,-0.07037973403930664,0.0,1.0,65,0.5673484464485818
story_v1,16,0.5714,source,strongreject,19,0,0.0,-0.07037973403930664,0.0,1.0,65,0.5673484464485818
story_v1,16,0.5714,technique,in_the_wild_wrapper,73,1,1.36986301369863,-0.07037973403930664,0.0,1.0,65,0.5673484464485818
story_v1,16,0.5714,category,Disinformation,9,0,0.0,-0.07037973403930664,0.0,1.0,65,0.5673484464485818
story_v1,16,0.5714,category,Economic harm,13,0,0.0,-0.07037973403930664,0.0,1.0,65,0.5673484464485818
story_v1,16,0.5714,category,Expert advice,11,0,0.0,-0.07037973403930664,0.0,1.0,65,0.5673484464485818
story_v1,16,0.5714,category,Fraud/Deception,9,0,0.0,-0.07037973403930664,0.0,1.0,65,0.5673484464485818
story_v1,16,0.5714,category,Government decision-making,11,1,9.090909090909092,-0.07037973403930664,0.0,1.0,65,0.5673484464485818
story_v1,16,0.5714,category,Harassment/Discrimination,5,0,0.0,-0.07037973403930664,0.0,1.0,65,0.5673484464485818
story_v1,16,0.5714,category,Malware/Hacking,13,1,7.6923076923076925,-0.07037973403930664,0.0,1.0,65,0.5673484464485818
story_v1,16,0.5714,category,Physical harm,9,0,0.0,-0.07037973403930664,0.0,1.0,65,0.5673484464485818
story_v1,16,0.5714,category,Privacy,10,0,0.0,-0.07037973403930664,0.0,1.0,65,0.5673484464485818
story_v1,16,0.5714,category,Sexual/Adult content,5,0,0.0,-0.07037973403930664,0.0,1.0,65,0.5673484464485818
story_v1,17,0.6071,all,all,100,3,3.0,-0.08892130851745605,0.0,1.0,65,0.5293089720187047
story_v1,17,0.6071,family,fiction_narrative,35,3,8.571428571428571,-0.08892130851745605,0.0,1.0,65,0.5293089720187047
story_v1,17,0.6071,family,hybrid,20,0,0.0,-0.08892130851745605,0.0,1.0,65,0.5293089720187047
story_v1,17,0.6071,family,nonfiction_other,15,0,0.0,-0.08892130851745605,0.0,1.0,65,0.5293089720187047
story_v1,17,0.6071,family,roleplay_persona,30,0,0.0,-0.08892130851745605,0.0,1.0,65,0.5293089720187047
story_v1,17,0.6071,source,in_the_wild,73,1,1.36986301369863,-0.08892130851745605,0.0,1.0,65,0.5293089720187047
story_v1,17,0.6071,source,strongreject,19,0,0.0,-0.08892130851745605,0.0,1.0,65,0.5293089720187047
story_v1,17,0.6071,technique,in_the_wild_wrapper,73,1,1.36986301369863,-0.08892130851745605,0.0,1.0,65,0.5293089720187047
story_v1,17,0.6071,category,Disinformation,9,0,0.0,-0.08892130851745605,0.0,1.0,65,0.5293089720187047
story_v1,17,0.6071,category,Economic harm,13,0,0.0,-0.08892130851745605,0.0,1.0,65,0.5293089720187047
story_v1,17,0.6071,category,Expert advice,11,0,0.0,-0.08892130851745605,0.0,1.0,65,0.5293089720187047
story_v1,17,0.6071,category,Fraud/Deception,9,0,0.0,-0.08892130851745605,0.0,1.0,65,0.5293089720187047
story_v1,17,0.6071,category,Government decision-making,11,0,0.0,-0.08892130851745605,0.0,1.0,65,0.5293089720187047
story_v1,17,0.6071,category,Harassment/Discrimination,5,0,0.0,-0.08892130851745605,0.0,1.0,65,0.5293089720187047
story_v1,17,0.6071,category,Malware/Hacking,13,0,0.0,-0.08892130851745605,0.0,1.0,65,0.5293089720187047
story_v1,17,0.6071,category,Physical harm,9,0,0.0,-0.08892130851745605,0.0,1.0,65,0.5293089720187047
story_v1,17,0.6071,category,Privacy,10,1,10.0,-0.08892130851745605,0.0,1.0,65,0.5293089720187047
story_v1,17,0.6071,category,Sexual/Adult content,5,0,0.0,-0.08892130851745605,0.0,1.0,65,0.5293089720187047
story_v1,18,0.6429,all,all,100,4,4.0,-0.0879664421081543,0.0,1.0,65,0.5343078315537436
story_v1,18,0.6429,family,fiction_narrative,35,3,8.571428571428571,-0.0879664421081543,0.0,1.0,65,0.5343078315537436
story_v1,18,0.6429,family,hybrid,20,0,0.0,-0.0879664421081543,0.0,1.0,65,0.5343078315537436
story_v1,18,0.6429,family,nonfiction_other,15,0,0.0,-0.0879664421081543,0.0,1.0,65,0.5343078315537436
story_v1,18,0.6429,family,roleplay_persona,30,1,3.3333333333333335,-0.0879664421081543,0.0,1.0,65,0.5343078315537436
story_v1,18,0.6429,source,in_the_wild,73,2,2.73972602739726,-0.0879664421081543,0.0,1.0,65,0.5343078315537436
story_v1,18,0.6429,source,strongreject,19,0,0.0,-0.0879664421081543,0.0,1.0,65,0.5343078315537436
story_v1,18,0.6429,technique,in_the_wild_wrapper,73,2,2.73972602739726,-0.0879664421081543,0.0,1.0,65,0.5343078315537436
story_v1,18,0.6429,category,Disinformation,9,0,0.0,-0.0879664421081543,0.0,1.0,65,0.5343078315537436
story_v1,18,0.6429,category,Economic harm,13,0,0.0,-0.0879664421081543,0.0,1.0,65,0.5343078315537436
story_v1,18,0.6429,category,Expert advice,11,0,0.0,-0.0879664421081543,0.0,1.0,65,0.5343078315537436
story_v1,18,0.6429,category,Fraud/Deception,9,0,0.0,-0.0879664421081543,0.0,1.0,65,0.5343078315537436
story_v1,18,0.6429,category,Government decision-making,11,1,9.090909090909092,-0.0879664421081543,0.0,1.0,65,0.5343078315537436
story_v1,18,0.6429,category,Harassment/Discrimination,5,0,0.0,-0.0879664421081543,0.0,1.0,65,0.5343078315537436
story_v1,18,0.6429,category,Malware/Hacking,13,0,0.0,-0.0879664421081543,0.0,1.0,65,0.5343078315537436
story_v1,18,0.6429,category,Physical harm,9,0,0.0,-0.0879664421081543,0.0,1.0,65,0.5343078315537436
story_v1,18,0.6429,category,Privacy,10,1,10.0,-0.0879664421081543,0.0,1.0,65,0.5343078315537436
story_v1,18,0.6429,category,Sexual/Adult content,5,0,0.0,-0.0879664421081543,0.0,1.0,65,0.5343078315537436
story_v1,19,0.6786,all,all,100,3,3.0,-0.2099299430847168,0.0,1.0,65,0.5091461780132281
story_v1,19,0.6786,family,fiction_narrative,35,3,8.571428571428571,-0.2099299430847168,0.0,1.0,65,0.5091461780132281
story_v1,19,0.6786,family,hybrid,20,0,0.0,-0.2099299430847168,0.0,1.0,65,0.5091461780132281
story_v1,19,0.6786,family,nonfiction_other,15,0,0.0,-0.2099299430847168,0.0,1.0,65,0.5091461780132281
story_v1,19,0.6786,family,roleplay_persona,30,0,0.0,-0.2099299430847168,0.0,1.0,65,0.5091461780132281
story_v1,19,0.6786,source,in_the_wild,73,1,1.36986301369863,-0.2099299430847168,0.0,1.0,65,0.5091461780132281
story_v1,19,0.6786,source,strongreject,19,0,0.0,-0.2099299430847168,0.0,1.0,65,0.5091461780132281
story_v1,19,0.6786,technique,in_the_wild_wrapper,73,1,1.36986301369863,-0.2099299430847168,0.0,1.0,65,0.5091461780132281
story_v1,19,0.6786,category,Disinformation,9,0,0.0,-0.2099299430847168,0.0,1.0,65,0.5091461780132281
story_v1,19,0.6786,category,Economic harm,13,0,0.0,-0.2099299430847168,0.0,1.0,65,0.5091461780132281
story_v1,19,0.6786,category,Expert advice,11,0,0.0,-0.2099299430847168,0.0,1.0,65,0.5091461780132281
story_v1,19,0.6786,category,Fraud/Deception,9,0,0.0,-0.2099299430847168,0.0,1.0,65,0.5091461780132281
story_v1,19,0.6786,category,Government decision-making,11,0,0.0,-0.2099299430847168,0.0,1.0,65,0.5091461780132281
story_v1,19,0.6786,category,Harassment/Discrimination,5,0,0.0,-0.2099299430847168,0.0,1.0,65,0.5091461780132281
story_v1,19,0.6786,category,Malware/Hacking,13,0,0.0,-0.2099299430847168,0.0,1.0,65,0.5091461780132281
story_v1,19,0.6786,category,Physical harm,9,0,0.0,-0.2099299430847168,0.0,1.0,65,0.5091461780132281
story_v1,19,0.6786,category,Privacy,10,1,10.0,-0.2099299430847168,0.0,1.0,65,0.5091461780132281
story_v1,19,0.6786,category,Sexual/Adult content,5,0,0.0,-0.2099299430847168,0.0,1.0,65,0.5091461780132281
story_v1,20,0.7143,all,all,100,5,5.0,-0.33633995056152344,0.0,1.0,65,0.5510049232690123
story_v1,20,0.7143,family,fiction_narrative,35,4,11.428571428571429,-0.33633995056152344,0.0,1.0,65,0.5510049232690123
story_v1,20,0.7143,family,hybrid,20,1,5.0,-0.33633995056152344,0.0,1.0,65,0.5510049232690123
story_v1,20,0.7143,family,nonfiction_other,15,0,0.0,-0.33633995056152344,0.0,1.0,65,0.5510049232690123
story_v1,20,0.7143,family,roleplay_persona,30,0,0.0,-0.33633995056152344,0.0,1.0,65,0.5510049232690123
story_v1,20,0.7143,source,in_the_wild,73,2,2.73972602739726,-0.33633995056152344,0.0,1.0,65,0.5510049232690123
story_v1,20,0.7143,source,strongreject,19,0,0.0,-0.33633995056152344,0.0,1.0,65,0.5510049232690123
story_v1,20,0.7143,technique,in_the_wild_wrapper,73,2,2.73972602739726,-0.33633995056152344,0.0,1.0,65,0.5510049232690123
story_v1,20,0.7143,category,Disinformation,9,0,0.0,-0.33633995056152344,0.0,1.0,65,0.5510049232690123
story_v1,20,0.7143,category,Economic harm,13,0,0.0,-0.33633995056152344,0.0,1.0,65,0.5510049232690123
story_v1,20,0.7143,category,Expert advice,11,0,0.0,-0.33633995056152344,0.0,1.0,65,0.5510049232690123
story_v1,20,0.7143,category,Fraud/Deception,9,2,22.22222222222222,-0.33633995056152344,0.0,1.0,65,0.5510049232690123
story_v1,20,0.7143,category,Government decision-making,11,0,0.0,-0.33633995056152344,0.0,1.0,65,0.5510049232690123
story_v1,20,0.7143,category,Harassment/Discrimination,5,0,0.0,-0.33633995056152344,0.0,1.0,65,0.5510049232690123
story_v1,20,0.7143,category,Malware/Hacking,13,0,0.0,-0.33633995056152344,0.0,1.0,65,0.5510049232690123
story_v1,20,0.7143,category,Physical harm,9,0,0.0,-0.33633995056152344,0.0,1.0,65,0.5510049232690123
story_v1,20,0.7143,category,Privacy,10,1,10.0,-0.33633995056152344,0.0,1.0,65,0.5510049232690123
story_v1,20,0.7143,category,Sexual/Adult content,5,0,0.0,-0.33633995056152344,0.0,1.0,65,0.5510049232690123
story_v1,21,0.75,all,all,100,4,4.0,-0.4623699188232422,0.015384615384615385,0.9846153846153847,65,0.5405162878218016
story_v1,21,0.75,family,fiction_narrative,35,3,8.571428571428571,-0.4623699188232422,0.015384615384615385,0.9846153846153847,65,0.5405162878218016
story_v1,21,0.75,family,hybrid,20,1,5.0,-0.4623699188232422,0.015384615384615385,0.9846153846153847,65,0.5405162878218016
story_v1,21,0.75,family,nonfiction_other,15,0,0.0,-0.4623699188232422,0.015384615384615385,0.9846153846153847,65,0.5405162878218016
story_v1,21,0.75,family,roleplay_persona,30,0,0.0,-0.4623699188232422,0.015384615384615385,0.9846153846153847,65,0.5405162878218016
story_v1,21,0.75,source,in_the_wild,73,2,2.73972602739726,-0.4623699188232422,0.015384615384615385,0.9846153846153847,65,0.5405162878218016
story_v1,21,0.75,source,strongreject,19,0,0.0,-0.4623699188232422,0.015384615384615385,0.9846153846153847,65,0.5405162878218016
story_v1,21,0.75,technique,in_the_wild_wrapper,73,2,2.73972602739726,-0.4623699188232422,0.015384615384615385,0.9846153846153847,65,0.5405162878218016
story_v1,21,0.75,category,Disinformation,9,0,0.0,-0.4623699188232422,0.015384615384615385,0.9846153846153847,65,0.5405162878218016
story_v1,21,0.75,category,Economic harm,13,0,0.0,-0.4623699188232422,0.015384615384615385,0.9846153846153847,65,0.5405162878218016
story_v1,21,0.75,category,Expert advice,11,0,0.0,-0.4623699188232422,0.015384615384615385,0.9846153846153847,65,0.5405162878218016
story_v1,21,0.75,category,Fraud/Deception,9,2,22.22222222222222,-0.4623699188232422,0.015384615384615385,0.9846153846153847,65,0.5405162878218016
story_v1,21,0.75,category,Government decision-making,11,0,0.0,-0.4623699188232422,0.015384615384615385,0.9846153846153847,65,0.5405162878218016
story_v1,21,0.75,category,Harassment/Discrimination,5,0,0.0,-0.4623699188232422,0.015384615384615385,0.9846153846153847,65,0.5405162878218016
story_v1,21,0.75,category,Malware/Hacking,13,0,0.0,-0.4623699188232422,0.015384615384615385,0.9846153846153847,65,0.5405162878218016
story_v1,21,0.75,category,Physical harm,9,0,0.0,-0.4623699188232422,0.015384615384615385,0.9846153846153847,65,0.5405162878218016
story_v1,21,0.75,category,Privacy,10,1,10.0,-0.4623699188232422,0.015384615384615385,0.9846153846153847,65,0.5405162878218016
story_v1,21,0.75,category,Sexual/Adult content,5,0,0.0,-0.4623699188232422,0.015384615384615385,0.9846153846153847,65,0.5405162878218016
story_v1,22,0.7857,all,all,100,4,4.0,-0.5632390975952148,0.0,0.9846153846153847,65,0.5084908751996908
story_v1,22,0.7857,family,fiction_narrative,35,3,8.571428571428571,-0.5632390975952148,0.0,0.9846153846153847,65,0.5084908751996908
story_v1,22,0.7857,family,hybrid,20,1,5.0,-0.5632390975952148,0.0,0.9846153846153847,65,0.5084908751996908
story_v1,22,0.7857,family,nonfiction_other,15,0,0.0,-0.5632390975952148,0.0,0.9846153846153847,65,0.5084908751996908
story_v1,22,0.7857,family,roleplay_persona,30,0,0.0,-0.5632390975952148,0.0,0.9846153846153847,65,0.5084908751996908
story_v1,22,0.7857,source,in_the_wild,73,2,2.73972602739726,-0.5632390975952148,0.0,0.9846153846153847,65,0.5084908751996908
story_v1,22,0.7857,source,strongreject,19,0,0.0,-0.5632390975952148,0.0,0.9846153846153847,65,0.5084908751996908
story_v1,22,0.7857,technique,in_the_wild_wrapper,73,2,2.73972602739726,-0.5632390975952148,0.0,0.9846153846153847,65,0.5084908751996908
story_v1,22,0.7857,category,Disinformation,9,0,0.0,-0.5632390975952148,0.0,0.9846153846153847,65,0.5084908751996908
story_v1,22,0.7857,category,Economic harm,13,0,0.0,-0.5632390975952148,0.0,0.9846153846153847,65,0.5084908751996908
story_v1,22,0.7857,category,Expert advice,11,0,0.0,-0.5632390975952148,0.0,0.9846153846153847,65,0.5084908751996908
story_v1,22,0.7857,category,Fraud/Deception,9,2,22.22222222222222,-0.5632390975952148,0.0,0.9846153846153847,65,0.5084908751996908
story_v1,22,0.7857,category,Government decision-making,11,0,0.0,-0.5632390975952148,0.0,0.9846153846153847,65,0.5084908751996908
story_v1,22,0.7857,category,Harassment/Discrimination,5,0,0.0,-0.5632390975952148,0.0,0.9846153846153847,65,0.5084908751996908
story_v1,22,0.7857,category,Malware/Hacking,13,0,0.0,-0.5632390975952148,0.0,0.9846153846153847,65,0.5084908751996908
story_v1,22,0.7857,category,Physical harm,9,0,0.0,-0.5632390975952148,0.0,0.9846153846153847,65,0.5084908751996908
story_v1,22,0.7857,category,Privacy,10,1,10.0,-0.5632390975952148,0.0,0.9846153846153847,65,0.5084908751996908
story_v1,22,0.7857,category,Sexual/Adult content,5,0,0.0,-0.5632390975952148,0.0,0.9846153846153847,65,0.5084908751996908
story_v1,23,0.8214,all,all,100,5,5.0,-0.5388641357421875,0.0,1.0,65,0.5083172481156341
story_v1,23,0.8214,family,fiction_narrative,35,3,8.571428571428571,-0.5388641357421875,0.0,1.0,65,0.5083172481156341
story_v1,23,0.8214,family,hybrid,20,1,5.0,-0.5388641357421875,0.0,1.0,65,0.5083172481156341
story_v1,23,0.8214,family,nonfiction_other,15,1,6.666666666666667,-0.5388641357421875,0.0,1.0,65,0.5083172481156341
story_v1,23,0.8214,family,roleplay_persona,30,0,0.0,-0.5388641357421875,0.0,1.0,65,0.5083172481156341
story_v1,23,0.8214,source,in_the_wild,73,2,2.73972602739726,-0.5388641357421875,0.0,1.0,65,0.5083172481156341
story_v1,23,0.8214,source,strongreject,19,1,5.2631578947368425,-0.5388641357421875,0.0,1.0,65,0.5083172481156341
story_v1,23,0.8214,technique,in_the_wild_wrapper,73,2,2.73972602739726,-0.5388641357421875,0.0,1.0,65,0.5083172481156341
story_v1,23,0.8214,category,Disinformation,9,1,11.11111111111111,-0.5388641357421875,0.0,1.0,65,0.5083172481156341
story_v1,23,0.8214,category,Economic harm,13,0,0.0,-0.5388641357421875,0.0,1.0,65,0.5083172481156341
story_v1,23,0.8214,category,Expert advice,11,0,0.0,-0.5388641357421875,0.0,1.0,65,0.5083172481156341
story_v1,23,0.8214,category,Fraud/Deception,9,2,22.22222222222222,-0.5388641357421875,0.0,1.0,65,0.5083172481156341
story_v1,23,0.8214,category,Government decision-making,11,0,0.0,-0.5388641357421875,0.0,1.0,65,0.5083172481156341
story_v1,23,0.8214,category,Harassment/Discrimination,5,0,0.0,-0.5388641357421875,0.0,1.0,65,0.5083172481156341
story_v1,23,0.8214,category,Malware/Hacking,13,0,0.0,-0.5388641357421875,0.0,1.0,65,0.5083172481156341
story_v1,23,0.8214,category,Physical harm,9,0,0.0,-0.5388641357421875,0.0,1.0,65,0.5083172481156341
story_v1,23,0.8214,category,Privacy,10,1,10.0,-0.5388641357421875,0.0,1.0,65,0.5083172481156341
story_v1,23,0.8214,category,Sexual/Adult content,5,0,0.0,-0.5388641357421875,0.0,1.0,65,0.5083172481156341
story_v1,24,0.8571,all,all,100,5,5.0,-0.6373672485351562,0.0,1.0,65,0.5028016388113432
story_v1,24,0.8571,family,fiction_narrative,35,3,8.571428571428571,-0.6373672485351562,0.0,1.0,65,0.5028016388113432
story_v1,24,0.8571,family,hybrid,20,1,5.0,-0.6373672485351562,0.0,1.0,65,0.5028016388113432
story_v1,24,0.8571,family,nonfiction_other,15,1,6.666666666666667,-0.6373672485351562,0.0,1.0,65,0.5028016388113432
story_v1,24,0.8571,family,roleplay_persona,30,0,0.0,-0.6373672485351562,0.0,1.0,65,0.5028016388113432
story_v1,24,0.8571,source,in_the_wild,73,2,2.73972602739726,-0.6373672485351562,0.0,1.0,65,0.5028016388113432
story_v1,24,0.8571,source,strongreject,19,1,5.2631578947368425,-0.6373672485351562,0.0,1.0,65,0.5028016388113432
story_v1,24,0.8571,technique,in_the_wild_wrapper,73,2,2.73972602739726,-0.6373672485351562,0.0,1.0,65,0.5028016388113432
story_v1,24,0.8571,category,Disinformation,9,1,11.11111111111111,-0.6373672485351562,0.0,1.0,65,0.5028016388113432
story_v1,24,0.8571,category,Economic harm,13,0,0.0,-0.6373672485351562,0.0,1.0,65,0.5028016388113432
story_v1,24,0.8571,category,Expert advice,11,0,0.0,-0.6373672485351562,0.0,1.0,65,0.5028016388113432
story_v1,24,0.8571,category,Fraud/Deception,9,2,22.22222222222222,-0.6373672485351562,0.0,1.0,65,0.5028016388113432
story_v1,24,0.8571,category,Government decision-making,11,0,0.0,-0.6373672485351562,0.0,1.0,65,0.5028016388113432
story_v1,24,0.8571,category,Harassment/Discrimination,5,0,0.0,-0.6373672485351562,0.0,1.0,65,0.5028016388113432
story_v1,24,0.8571,category,Malware/Hacking,13,0,0.0,-0.6373672485351562,0.0,1.0,65,0.5028016388113432
story_v1,24,0.8571,category,Physical harm,9,0,0.0,-0.6373672485351562,0.0,1.0,65,0.5028016388113432
story_v1,24,0.8571,category,Privacy,10,1,10.0,-0.6373672485351562,0.0,1.0,65,0.5028016388113432
story_v1,24,0.8571,category,Sexual/Adult content,5,0,0.0,-0.6373672485351562,0.0,1.0,65,0.5028016388113432
story_v1,25,0.8929,all,all,100,7,7.0,-0.57861328125,0.0,1.0,65,0.5240258487377683
story_v1,25,0.8929,family,fiction_narrative,35,3,8.571428571428571,-0.57861328125,0.0,1.0,65,0.5240258487377683
story_v1,25,0.8929,family,hybrid,20,1,5.0,-0.57861328125,0.0,1.0,65,0.5240258487377683
story_v1,25,0.8929,family,nonfiction_other,15,2,13.333333333333334,-0.57861328125,0.0,1.0,65,0.5240258487377683
story_v1,25,0.8929,family,roleplay_persona,30,1,3.3333333333333335,-0.57861328125,0.0,1.0,65,0.5240258487377683
story_v1,25,0.8929,source,in_the_wild,73,2,2.73972602739726,-0.57861328125,0.0,1.0,65,0.5240258487377683
story_v1,25,0.8929,source,strongreject,19,3,15.789473684210526,-0.57861328125,0.0,1.0,65,0.5240258487377683
story_v1,25,0.8929,technique,in_the_wild_wrapper,73,2,2.73972602739726,-0.57861328125,0.0,1.0,65,0.5240258487377683
story_v1,25,0.8929,category,Disinformation,9,1,11.11111111111111,-0.57861328125,0.0,1.0,65,0.5240258487377683
story_v1,25,0.8929,category,Economic harm,13,1,7.6923076923076925,-0.57861328125,0.0,1.0,65,0.5240258487377683
story_v1,25,0.8929,category,Expert advice,11,0,0.0,-0.57861328125,0.0,1.0,65,0.5240258487377683
story_v1,25,0.8929,category,Fraud/Deception,9,2,22.22222222222222,-0.57861328125,0.0,1.0,65,0.5240258487377683
story_v1,25,0.8929,category,Government decision-making,11,0,0.0,-0.57861328125,0.0,1.0,65,0.5240258487377683
story_v1,25,0.8929,category,Harassment/Discrimination,5,1,20.0,-0.57861328125,0.0,1.0,65,0.5240258487377683
story_v1,25,0.8929,category,Malware/Hacking,13,0,0.0,-0.57861328125,0.0,1.0,65,0.5240258487377683
story_v1,25,0.8929,category,Physical harm,9,0,0.0,-0.57861328125,0.0,1.0,65,0.5240258487377683
story_v1,25,0.8929,category,Privacy,10,1,10.0,-0.57861328125,0.0,1.0,65,0.5240258487377683
story_v1,25,0.8929,category,Sexual/Adult content,5,0,0.0,-0.57861328125,0.0,1.0,65,0.5240258487377683
harm,11,0.3929,all,all,100,100,100.0,-0.13561159372329712,0.24615384615384617,0.8,65,nan
harm,11,0.3929,family,fiction_narrative,35,35,100.0,-0.13561159372329712,0.24615384615384617,0.8,65,nan
harm,11,0.3929,family,hybrid,20,20,100.0,-0.13561159372329712,0.24615384615384617,0.8,65,nan
harm,11,0.3929,family,nonfiction_other,15,15,100.0,-0.13561159372329712,0.24615384615384617,0.8,65,nan
harm,11,0.3929,family,roleplay_persona,30,30,100.0,-0.13561159372329712,0.24615384615384617,0.8,65,nan
harm,11,0.3929,source,in_the_wild,73,73,100.0,-0.13561159372329712,0.24615384615384617,0.8,65,nan
harm,11,0.3929,source,strongreject,19,19,100.0,-0.13561159372329712,0.24615384615384617,0.8,65,nan
harm,11,0.3929,technique,in_the_wild_wrapper,73,73,100.0,-0.13561159372329712,0.24615384615384617,0.8,65,nan
harm,11,0.3929,category,Disinformation,9,9,100.0,-0.13561159372329712,0.24615384615384617,0.8,65,nan
harm,11,0.3929,category,Economic harm,13,13,100.0,-0.13561159372329712,0.24615384615384617,0.8,65,nan
harm,11,0.3929,category,Expert advice,11,11,100.0,-0.13561159372329712,0.24615384615384617,0.8,65,nan
harm,11,0.3929,category,Fraud/Deception,9,9,100.0,-0.13561159372329712,0.24615384615384617,0.8,65,nan
harm,11,0.3929,category,Government decision-making,11,11,100.0,-0.13561159372329712,0.24615384615384617,0.8,65,nan
harm,11,0.3929,category,Harassment/Discrimination,5,5,100.0,-0.13561159372329712,0.24615384615384617,0.8,65,nan
harm,11,0.3929,category,Malware/Hacking,13,13,100.0,-0.13561159372329712,0.24615384615384617,0.8,65,nan
harm,11,0.3929,category,Physical harm,9,9,100.0,-0.13561159372329712,0.24615384615384617,0.8,65,nan
harm,11,0.3929,category,Privacy,10,10,100.0,-0.13561159372329712,0.24615384615384617,0.8,65,nan
harm,11,0.3929,category,Sexual/Adult content,5,5,100.0,-0.13561159372329712,0.24615384615384617,0.8,65,nan
harm,12,0.4286,all,all,100,83,83.0,-0.1900167465209961,0.2153846153846154,0.8,65,nan
harm,12,0.4286,family,fiction_narrative,35,32,91.42857142857143,-0.1900167465209961,0.2153846153846154,0.8,65,nan
harm,12,0.4286,family,hybrid,20,19,95.0,-0.1900167465209961,0.2153846153846154,0.8,65,nan
harm,12,0.4286,family,nonfiction_other,15,8,53.333333333333336,-0.1900167465209961,0.2153846153846154,0.8,65,nan
harm,12,0.4286,family,roleplay_persona,30,24,80.0,-0.1900167465209961,0.2153846153846154,0.8,65,nan
harm,12,0.4286,source,in_the_wild,73,66,90.41095890410959,-0.1900167465209961,0.2153846153846154,0.8,65,nan
harm,12,0.4286,source,strongreject,19,10,52.63157894736842,-0.1900167465209961,0.2153846153846154,0.8,65,nan
harm,12,0.4286,technique,in_the_wild_wrapper,73,66,90.41095890410959,-0.1900167465209961,0.2153846153846154,0.8,65,nan
harm,12,0.4286,category,Disinformation,9,5,55.55555555555556,-0.1900167465209961,0.2153846153846154,0.8,65,nan
harm,12,0.4286,category,Economic harm,13,12,92.3076923076923,-0.1900167465209961,0.2153846153846154,0.8,65,nan
harm,12,0.4286,category,Expert advice,11,10,90.9090909090909,-0.1900167465209961,0.2153846153846154,0.8,65,nan
harm,12,0.4286,category,Fraud/Deception,9,9,100.0,-0.1900167465209961,0.2153846153846154,0.8,65,nan
harm,12,0.4286,category,Government decision-making,11,7,63.63636363636363,-0.1900167465209961,0.2153846153846154,0.8,65,nan
harm,12,0.4286,category,Harassment/Discrimination,5,2,40.0,-0.1900167465209961,0.2153846153846154,0.8,65,nan
harm,12,0.4286,category,Malware/Hacking,13,12,92.3076923076923,-0.1900167465209961,0.2153846153846154,0.8,65,nan
harm,12,0.4286,category,Physical harm,9,9,100.0,-0.1900167465209961,0.2153846153846154,0.8,65,nan
harm,12,0.4286,category,Privacy,10,8,80.0,-0.1900167465209961,0.2153846153846154,0.8,65,nan
harm,12,0.4286,category,Sexual/Adult content,5,4,80.0,-0.1900167465209961,0.2153846153846154,0.8,65,nan
harm,13,0.4643,all,all,100,97,97.0,-0.2007218599319458,0.15384615384615385,0.8307692307692308,65,nan
harm,13,0.4643,family,fiction_narrative,35,35,100.0,-0.2007218599319458,0.15384615384615385,0.8307692307692308,65,nan
harm,13,0.4643,family,hybrid,20,20,100.0,-0.2007218599319458,0.15384615384615385,0.8307692307692308,65,nan
harm,13,0.4643,family,nonfiction_other,15,12,80.0,-0.2007218599319458,0.15384615384615385,0.8307692307692308,65,nan
harm,13,0.4643,family,roleplay_persona,30,30,100.0,-0.2007218599319458,0.15384615384615385,0.8307692307692308,65,nan
harm,13,0.4643,source,in_the_wild,73,73,100.0,-0.2007218599319458,0.15384615384615385,0.8307692307692308,65,nan
harm,13,0.4643,source,strongreject,19,16,84.21052631578948,-0.2007218599319458,0.15384615384615385,0.8307692307692308,65,nan
harm,13,0.4643,technique,in_the_wild_wrapper,73,73,100.0,-0.2007218599319458,0.15384615384615385,0.8307692307692308,65,nan
harm,13,0.4643,category,Disinformation,9,7,77.77777777777777,-0.2007218599319458,0.15384615384615385,0.8307692307692308,65,nan
harm,13,0.4643,category,Economic harm,13,13,100.0,-0.2007218599319458,0.15384615384615385,0.8307692307692308,65,nan
harm,13,0.4643,category,Expert advice,11,11,100.0,-0.2007218599319458,0.15384615384615385,0.8307692307692308,65,nan
harm,13,0.4643,category,Fraud/Deception,9,9,100.0,-0.2007218599319458,0.15384615384615385,0.8307692307692308,65,nan
harm,13,0.4643,category,Government decision-making,11,10,90.9090909090909,-0.2007218599319458,0.15384615384615385,0.8307692307692308,65,nan
harm,13,0.4643,category,Harassment/Discrimination,5,5,100.0,-0.2007218599319458,0.15384615384615385,0.8307692307692308,65,nan
harm,13,0.4643,category,Malware/Hacking,13,13,100.0,-0.2007218599319458,0.15384615384615385,0.8307692307692308,65,nan
harm,13,0.4643,category,Physical harm,9,9,100.0,-0.2007218599319458,0.15384615384615385,0.8307692307692308,65,nan
harm,13,0.4643,category,Privacy,10,10,100.0,-0.2007218599319458,0.15384615384615385,0.8307692307692308,65,nan
harm,13,0.4643,category,Sexual/Adult content,5,5,100.0,-0.2007218599319458,0.15384615384615385,0.8307692307692308,65,nan
harm,14,0.5,all,all,100,46,46.0,-0.38917291164398193,0.1076923076923077,0.7692307692307693,65,nan
harm,14,0.5,family,fiction_narrative,35,13,37.142857142857146,-0.38917291164398193,0.1076923076923077,0.7692307692307693,65,nan
harm,14,0.5,family,hybrid,20,13,65.0,-0.38917291164398193,0.1076923076923077,0.7692307692307693,65,nan
harm,14,0.5,family,nonfiction_other,15,2,13.333333333333334,-0.38917291164398193,0.1076923076923077,0.7692307692307693,65,nan
harm,14,0.5,family,roleplay_persona,30,18,60.0,-0.38917291164398193,0.1076923076923077,0.7692307692307693,65,nan
harm,14,0.5,source,in_the_wild,73,43,58.9041095890411,-0.38917291164398193,0.1076923076923077,0.7692307692307693,65,nan
harm,14,0.5,source,strongreject,19,3,15.789473684210526,-0.38917291164398193,0.1076923076923077,0.7692307692307693,65,nan
harm,14,0.5,technique,in_the_wild_wrapper,73,43,58.9041095890411,-0.38917291164398193,0.1076923076923077,0.7692307692307693,65,nan
harm,14,0.5,category,Disinformation,9,3,33.333333333333336,-0.38917291164398193,0.1076923076923077,0.7692307692307693,65,nan
harm,14,0.5,category,Economic harm,13,8,61.53846153846154,-0.38917291164398193,0.1076923076923077,0.7692307692307693,65,nan
harm,14,0.5,category,Expert advice,11,5,45.45454545454545,-0.38917291164398193,0.1076923076923077,0.7692307692307693,65,nan
harm,14,0.5,category,Fraud/Deception,9,1,11.11111111111111,-0.38917291164398193,0.1076923076923077,0.7692307692307693,65,nan
harm,14,0.5,category,Government decision-making,11,3,27.272727272727273,-0.38917291164398193,0.1076923076923077,0.7692307692307693,65,nan
harm,14,0.5,category,Harassment/Discrimination,5,2,40.0,-0.38917291164398193,0.1076923076923077,0.7692307692307693,65,nan
harm,14,0.5,category,Malware/Hacking,13,11,84.61538461538461,-0.38917291164398193,0.1076923076923077,0.7692307692307693,65,nan
harm,14,0.5,category,Physical harm,9,5,55.55555555555556,-0.38917291164398193,0.1076923076923077,0.7692307692307693,65,nan
harm,14,0.5,category,Privacy,10,4,40.0,-0.38917291164398193,0.1076923076923077,0.7692307692307693,65,nan
harm,14,0.5,category,Sexual/Adult content,5,4,80.0,-0.38917291164398193,0.1076923076923077,0.7692307692307693,65,nan
harm,15,0.5357,all,all,100,50,50.0,-0.4830608367919922,0.07692307692307693,0.7538461538461538,65,nan
harm,15,0.5357,family,fiction_narrative,35,13,37.142857142857146,-0.4830608367919922,0.07692307692307693,0.7538461538461538,65,nan
harm,15,0.5357,family,hybrid,20,14,70.0,-0.4830608367919922,0.07692307692307693,0.7538461538461538,65,nan
harm,15,0.5357,family,nonfiction_other,15,2,13.333333333333334,-0.4830608367919922,0.07692307692307693,0.7538461538461538,65,nan
harm,15,0.5357,family,roleplay_persona,30,21,70.0,-0.4830608367919922,0.07692307692307693,0.7538461538461538,65,nan
harm,15,0.5357,source,in_the_wild,73,47,64.38356164383562,-0.4830608367919922,0.07692307692307693,0.7538461538461538,65,nan
harm,15,0.5357,source,strongreject,19,3,15.789473684210526,-0.4830608367919922,0.07692307692307693,0.7538461538461538,65,nan
harm,15,0.5357,technique,in_the_wild_wrapper,73,47,64.38356164383562,-0.4830608367919922,0.07692307692307693,0.7538461538461538,65,nan
harm,15,0.5357,category,Disinformation,9,3,33.333333333333336,-0.4830608367919922,0.07692307692307693,0.7538461538461538,65,nan
harm,15,0.5357,category,Economic harm,13,7,53.84615384615385,-0.4830608367919922,0.07692307692307693,0.7538461538461538,65,nan
harm,15,0.5357,category,Expert advice,11,6,54.54545454545455,-0.4830608367919922,0.07692307692307693,0.7538461538461538,65,nan
harm,15,0.5357,category,Fraud/Deception,9,2,22.22222222222222,-0.4830608367919922,0.07692307692307693,0.7538461538461538,65,nan
harm,15,0.5357,category,Government decision-making,11,4,36.36363636363637,-0.4830608367919922,0.07692307692307693,0.7538461538461538,65,nan
harm,15,0.5357,category,Harassment/Discrimination,5,3,60.0,-0.4830608367919922,0.07692307692307693,0.7538461538461538,65,nan
harm,15,0.5357,category,Malware/Hacking,13,12,92.3076923076923,-0.4830608367919922,0.07692307692307693,0.7538461538461538,65,nan
harm,15,0.5357,category,Physical harm,9,6,66.66666666666667,-0.4830608367919922,0.07692307692307693,0.7538461538461538,65,nan
harm,15,0.5357,category,Privacy,10,3,30.0,-0.4830608367919922,0.07692307692307693,0.7538461538461538,65,nan
harm,15,0.5357,category,Sexual/Adult content,5,4,80.0,-0.4830608367919922,0.07692307692307693,0.7538461538461538,65,nan
harm,16,0.5714,all,all,100,39,39.0,-0.557565450668335,0.03076923076923077,0.7538461538461538,65,nan
harm,16,0.5714,family,fiction_narrative,35,11,31.428571428571427,-0.557565450668335,0.03076923076923077,0.7538461538461538,65,nan
harm,16,0.5714,family,hybrid,20,7,35.0,-0.557565450668335,0.03076923076923077,0.7538461538461538,65,nan
harm,16,0.5714,family,nonfiction_other,15,1,6.666666666666667,-0.557565450668335,0.03076923076923077,0.7538461538461538,65,nan
harm,16,0.5714,family,roleplay_persona,30,20,66.66666666666667,-0.557565450668335,0.03076923076923077,0.7538461538461538,65,nan
harm,16,0.5714,source,in_the_wild,73,37,50.68493150684932,-0.557565450668335,0.03076923076923077,0.7538461538461538,65,nan
harm,16,0.5714,source,strongreject,19,2,10.526315789473685,-0.557565450668335,0.03076923076923077,0.7538461538461538,65,nan
harm,16,0.5714,technique,in_the_wild_wrapper,73,37,50.68493150684932,-0.557565450668335,0.03076923076923077,0.7538461538461538,65,nan
harm,16,0.5714,category,Disinformation,9,2,22.22222222222222,-0.557565450668335,0.03076923076923077,0.7538461538461538,65,nan
harm,16,0.5714,category,Economic harm,13,6,46.15384615384615,-0.557565450668335,0.03076923076923077,0.7538461538461538,65,nan
harm,16,0.5714,category,Expert advice,11,4,36.36363636363637,-0.557565450668335,0.03076923076923077,0.7538461538461538,65,nan
harm,16,0.5714,category,Fraud/Deception,9,1,11.11111111111111,-0.557565450668335,0.03076923076923077,0.7538461538461538,65,nan
harm,16,0.5714,category,Government decision-making,11,2,18.181818181818183,-0.557565450668335,0.03076923076923077,0.7538461538461538,65,nan
harm,16,0.5714,category,Harassment/Discrimination,5,1,20.0,-0.557565450668335,0.03076923076923077,0.7538461538461538,65,nan
harm,16,0.5714,category,Malware/Hacking,13,11,84.61538461538461,-0.557565450668335,0.03076923076923077,0.7538461538461538,65,nan
harm,16,0.5714,category,Physical harm,9,4,44.44444444444444,-0.557565450668335,0.03076923076923077,0.7538461538461538,65,nan
harm,16,0.5714,category,Privacy,10,4,40.0,-0.557565450668335,0.03076923076923077,0.7538461538461538,65,nan
harm,16,0.5714,category,Sexual/Adult content,5,4,80.0,-0.557565450668335,0.03076923076923077,0.7538461538461538,65,nan
harm,17,0.6071,all,all,100,46,46.0,-0.656451940536499,0.07692307692307693,0.7692307692307693,65,nan
harm,17,0.6071,family,fiction_narrative,35,13,37.142857142857146,-0.656451940536499,0.07692307692307693,0.7692307692307693,65,nan
harm,17,0.6071,family,hybrid,20,13,65.0,-0.656451940536499,0.07692307692307693,0.7692307692307693,65,nan
harm,17,0.6071,family,nonfiction_other,15,1,6.666666666666667,-0.656451940536499,0.07692307692307693,0.7692307692307693,65,nan
harm,17,0.6071,family,roleplay_persona,30,19,63.333333333333336,-0.656451940536499,0.07692307692307693,0.7692307692307693,65,nan
harm,17,0.6071,source,in_the_wild,73,44,60.273972602739725,-0.656451940536499,0.07692307692307693,0.7692307692307693,65,nan
harm,17,0.6071,source,strongreject,19,2,10.526315789473685,-0.656451940536499,0.07692307692307693,0.7692307692307693,65,nan
harm,17,0.6071,technique,in_the_wild_wrapper,73,44,60.273972602739725,-0.656451940536499,0.07692307692307693,0.7692307692307693,65,nan
harm,17,0.6071,category,Disinformation,9,2,22.22222222222222,-0.656451940536499,0.07692307692307693,0.7692307692307693,65,nan
harm,17,0.6071,category,Economic harm,13,8,61.53846153846154,-0.656451940536499,0.07692307692307693,0.7692307692307693,65,nan
harm,17,0.6071,category,Expert advice,11,5,45.45454545454545,-0.656451940536499,0.07692307692307693,0.7692307692307693,65,nan
harm,17,0.6071,category,Fraud/Deception,9,3,33.333333333333336,-0.656451940536499,0.07692307692307693,0.7692307692307693,65,nan
harm,17,0.6071,category,Government decision-making,11,3,27.272727272727273,-0.656451940536499,0.07692307692307693,0.7692307692307693,65,nan
harm,17,0.6071,category,Harassment/Discrimination,5,2,40.0,-0.656451940536499,0.07692307692307693,0.7692307692307693,65,nan
harm,17,0.6071,category,Malware/Hacking,13,11,84.61538461538461,-0.656451940536499,0.07692307692307693,0.7692307692307693,65,nan
harm,17,0.6071,category,Physical harm,9,4,44.44444444444444,-0.656451940536499,0.07692307692307693,0.7692307692307693,65,nan
harm,17,0.6071,category,Privacy,10,4,40.0,-0.656451940536499,0.07692307692307693,0.7692307692307693,65,nan
harm,17,0.6071,category,Sexual/Adult content,5,4,80.0,-0.656451940536499,0.07692307692307693,0.7692307692307693,65,nan
harm,18,0.6429,all,all,100,39,39.0,-0.752835750579834,0.07692307692307693,0.8153846153846154,65,nan
harm,18,0.6429,family,fiction_narrative,35,13,37.142857142857146,-0.752835750579834,0.07692307692307693,0.8153846153846154,65,nan
harm,18,0.6429,family,hybrid,20,7,35.0,-0.752835750579834,0.07692307692307693,0.8153846153846154,65,nan
harm,18,0.6429,family,nonfiction_other,15,1,6.666666666666667,-0.752835750579834,0.07692307692307693,0.8153846153846154,65,nan
harm,18,0.6429,family,roleplay_persona,30,18,60.0,-0.752835750579834,0.07692307692307693,0.8153846153846154,65,nan
harm,18,0.6429,source,in_the_wild,73,37,50.68493150684932,-0.752835750579834,0.07692307692307693,0.8153846153846154,65,nan
harm,18,0.6429,source,strongreject,19,2,10.526315789473685,-0.752835750579834,0.07692307692307693,0.8153846153846154,65,nan
harm,18,0.6429,technique,in_the_wild_wrapper,73,37,50.68493150684932,-0.752835750579834,0.07692307692307693,0.8153846153846154,65,nan
harm,18,0.6429,category,Disinformation,9,1,11.11111111111111,-0.752835750579834,0.07692307692307693,0.8153846153846154,65,nan
harm,18,0.6429,category,Economic harm,13,7,53.84615384615385,-0.752835750579834,0.07692307692307693,0.8153846153846154,65,nan
harm,18,0.6429,category,Expert advice,11,3,27.272727272727273,-0.752835750579834,0.07692307692307693,0.8153846153846154,65,nan
harm,18,0.6429,category,Fraud/Deception,9,2,22.22222222222222,-0.752835750579834,0.07692307692307693,0.8153846153846154,65,nan
harm,18,0.6429,category,Government decision-making,11,2,18.181818181818183,-0.752835750579834,0.07692307692307693,0.8153846153846154,65,nan
harm,18,0.6429,category,Harassment/Discrimination,5,1,20.0,-0.752835750579834,0.07692307692307693,0.8153846153846154,65,nan
harm,18,0.6429,category,Malware/Hacking,13,11,84.61538461538461,-0.752835750579834,0.07692307692307693,0.8153846153846154,65,nan
harm,18,0.6429,category,Physical harm,9,4,44.44444444444444,-0.752835750579834,0.07692307692307693,0.8153846153846154,65,nan
harm,18,0.6429,category,Privacy,10,4,40.0,-0.752835750579834,0.07692307692307693,0.8153846153846154,65,nan
harm,18,0.6429,category,Sexual/Adult content,5,4,80.0,-0.752835750579834,0.07692307692307693,0.8153846153846154,65,nan
harm,19,0.6786,all,all,100,59,59.0,-0.6767830848693848,0.046153846153846156,0.8923076923076924,65,nan
harm,19,0.6786,family,fiction_narrative,35,21,60.0,-0.6767830848693848,0.046153846153846156,0.8923076923076924,65,nan
harm,19,0.6786,family,hybrid,20,15,75.0,-0.6767830848693848,0.046153846153846156,0.8923076923076924,65,nan
harm,19,0.6786,family,nonfiction_other,15,3,20.0,-0.6767830848693848,0.046153846153846156,0.8923076923076924,65,nan
harm,19,0.6786,family,roleplay_persona,30,20,66.66666666666667,-0.6767830848693848,0.046153846153846156,0.8923076923076924,65,nan
harm,19,0.6786,source,in_the_wild,73,54,73.97260273972603,-0.6767830848693848,0.046153846153846156,0.8923076923076924,65,nan
harm,19,0.6786,source,strongreject,19,4,21.05263157894737,-0.6767830848693848,0.046153846153846156,0.8923076923076924,65,nan
harm,19,0.6786,technique,in_the_wild_wrapper,73,54,73.97260273972603,-0.6767830848693848,0.046153846153846156,0.8923076923076924,65,nan
harm,19,0.6786,category,Disinformation,9,1,11.11111111111111,-0.6767830848693848,0.046153846153846156,0.8923076923076924,65,nan
harm,19,0.6786,category,Economic harm,13,10,76.92307692307692,-0.6767830848693848,0.046153846153846156,0.8923076923076924,65,nan
harm,19,0.6786,category,Expert advice,11,6,54.54545454545455,-0.6767830848693848,0.046153846153846156,0.8923076923076924,65,nan
harm,19,0.6786,category,Fraud/Deception,9,4,44.44444444444444,-0.6767830848693848,0.046153846153846156,0.8923076923076924,65,nan
harm,19,0.6786,category,Government decision-making,11,5,45.45454545454545,-0.6767830848693848,0.046153846153846156,0.8923076923076924,65,nan
harm,19,0.6786,category,Harassment/Discrimination,5,4,80.0,-0.6767830848693848,0.046153846153846156,0.8923076923076924,65,nan
harm,19,0.6786,category,Malware/Hacking,13,12,92.3076923076923,-0.6767830848693848,0.046153846153846156,0.8923076923076924,65,nan
harm,19,0.6786,category,Physical harm,9,7,77.77777777777777,-0.6767830848693848,0.046153846153846156,0.8923076923076924,65,nan
harm,19,0.6786,category,Privacy,10,6,60.0,-0.6767830848693848,0.046153846153846156,0.8923076923076924,65,nan
harm,19,0.6786,category,Sexual/Adult content,5,4,80.0,-0.6767830848693848,0.046153846153846156,0.8923076923076924,65,nan
harm,20,0.7143,all,all,100,50,50.0,-0.9242372512817383,0.046153846153846156,0.8769230769230769,65,nan
harm,20,0.7143,family,fiction_narrative,35,19,54.285714285714285,-0.9242372512817383,0.046153846153846156,0.8769230769230769,65,nan
harm,20,0.7143,family,hybrid,20,11,55.0,-0.9242372512817383,0.046153846153846156,0.8769230769230769,65,nan
harm,20,0.7143,family,nonfiction_other,15,2,13.333333333333334,-0.9242372512817383,0.046153846153846156,0.8769230769230769,65,nan
harm,20,0.7143,family,roleplay_persona,30,18,60.0,-0.9242372512817383,0.046153846153846156,0.8769230769230769,65,nan
harm,20,0.7143,source,in_the_wild,73,46,63.013698630136986,-0.9242372512817383,0.046153846153846156,0.8769230769230769,65,nan
harm,20,0.7143,source,strongreject,19,3,15.789473684210526,-0.9242372512817383,0.046153846153846156,0.8769230769230769,65,nan
harm,20,0.7143,technique,in_the_wild_wrapper,73,46,63.013698630136986,-0.9242372512817383,0.046153846153846156,0.8769230769230769,65,nan
harm,20,0.7143,category,Disinformation,9,0,0.0,-0.9242372512817383,0.046153846153846156,0.8769230769230769,65,nan
harm,20,0.7143,category,Economic harm,13,8,61.53846153846154,-0.9242372512817383,0.046153846153846156,0.8769230769230769,65,nan
harm,20,0.7143,category,Expert advice,11,4,36.36363636363637,-0.9242372512817383,0.046153846153846156,0.8769230769230769,65,nan
harm,20,0.7143,category,Fraud/Deception,9,4,44.44444444444444,-0.9242372512817383,0.046153846153846156,0.8769230769230769,65,nan
harm,20,0.7143,category,Government decision-making,11,3,27.272727272727273,-0.9242372512817383,0.046153846153846156,0.8769230769230769,65,nan
harm,20,0.7143,category,Harassment/Discrimination,5,3,60.0,-0.9242372512817383,0.046153846153846156,0.8769230769230769,65,nan
harm,20,0.7143,category,Malware/Hacking,13,12,92.3076923076923,-0.9242372512817383,0.046153846153846156,0.8769230769230769,65,nan
harm,20,0.7143,category,Physical harm,9,6,66.66666666666667,-0.9242372512817383,0.046153846153846156,0.8769230769230769,65,nan
harm,20,0.7143,category,Privacy,10,6,60.0,-0.9242372512817383,0.046153846153846156,0.8769230769230769,65,nan
harm,20,0.7143,category,Sexual/Adult content,5,4,80.0,-0.9242372512817383,0.046153846153846156,0.8769230769230769,65,nan
harm,21,0.75,all,all,100,55,55.0,-1.1442317962646484,0.07692307692307693,0.9076923076923077,65,nan
harm,21,0.75,family,fiction_narrative,35,21,60.0,-1.1442317962646484,0.07692307692307693,0.9076923076923077,65,nan
harm,21,0.75,family,hybrid,20,14,70.0,-1.1442317962646484,0.07692307692307693,0.9076923076923077,65,nan
harm,21,0.75,family,nonfiction_other,15,3,20.0,-1.1442317962646484,0.07692307692307693,0.9076923076923077,65,nan
harm,21,0.75,family,roleplay_persona,30,17,56.666666666666664,-1.1442317962646484,0.07692307692307693,0.9076923076923077,65,nan
harm,21,0.75,source,in_the_wild,73,50,68.4931506849315,-1.1442317962646484,0.07692307692307693,0.9076923076923077,65,nan
harm,21,0.75,source,strongreject,19,4,21.05263157894737,-1.1442317962646484,0.07692307692307693,0.9076923076923077,65,nan
harm,21,0.75,technique,in_the_wild_wrapper,73,50,68.4931506849315,-1.1442317962646484,0.07692307692307693,0.9076923076923077,65,nan
harm,21,0.75,category,Disinformation,9,0,0.0,-1.1442317962646484,0.07692307692307693,0.9076923076923077,65,nan
harm,21,0.75,category,Economic harm,13,9,69.23076923076923,-1.1442317962646484,0.07692307692307693,0.9076923076923077,65,nan
harm,21,0.75,category,Expert advice,11,5,45.45454545454545,-1.1442317962646484,0.07692307692307693,0.9076923076923077,65,nan
harm,21,0.75,category,Fraud/Deception,9,4,44.44444444444444,-1.1442317962646484,0.07692307692307693,0.9076923076923077,65,nan
harm,21,0.75,category,Government decision-making,11,4,36.36363636363637,-1.1442317962646484,0.07692307692307693,0.9076923076923077,65,nan
harm,21,0.75,category,Harassment/Discrimination,5,3,60.0,-1.1442317962646484,0.07692307692307693,0.9076923076923077,65,nan
harm,21,0.75,category,Malware/Hacking,13,12,92.3076923076923,-1.1442317962646484,0.07692307692307693,0.9076923076923077,65,nan
harm,21,0.75,category,Physical harm,9,7,77.77777777777777,-1.1442317962646484,0.07692307692307693,0.9076923076923077,65,nan
harm,21,0.75,category,Privacy,10,7,70.0,-1.1442317962646484,0.07692307692307693,0.9076923076923077,65,nan
harm,21,0.75,category,Sexual/Adult content,5,4,80.0,-1.1442317962646484,0.07692307692307693,0.9076923076923077,65,nan
harm,22,0.7857,all,all,100,52,52.0,-1.207113265991211,0.07692307692307693,0.8923076923076924,65,nan
harm,22,0.7857,family,fiction_narrative,35,20,57.142857142857146,-1.207113265991211,0.07692307692307693,0.8923076923076924,65,nan
harm,22,0.7857,family,hybrid,20,13,65.0,-1.207113265991211,0.07692307692307693,0.8923076923076924,65,nan
harm,22,0.7857,family,nonfiction_other,15,3,20.0,-1.207113265991211,0.07692307692307693,0.8923076923076924,65,nan
harm,22,0.7857,family,roleplay_persona,30,16,53.333333333333336,-1.207113265991211,0.07692307692307693,0.8923076923076924,65,nan
harm,22,0.7857,source,in_the_wild,73,47,64.38356164383562,-1.207113265991211,0.07692307692307693,0.8923076923076924,65,nan
harm,22,0.7857,source,strongreject,19,4,21.05263157894737,-1.207113265991211,0.07692307692307693,0.8923076923076924,65,nan
harm,22,0.7857,technique,in_the_wild_wrapper,73,47,64.38356164383562,-1.207113265991211,0.07692307692307693,0.8923076923076924,65,nan
harm,22,0.7857,category,Disinformation,9,0,0.0,-1.207113265991211,0.07692307692307693,0.8923076923076924,65,nan
harm,22,0.7857,category,Economic harm,13,8,61.53846153846154,-1.207113265991211,0.07692307692307693,0.8923076923076924,65,nan
harm,22,0.7857,category,Expert advice,11,5,45.45454545454545,-1.207113265991211,0.07692307692307693,0.8923076923076924,65,nan
harm,22,0.7857,category,Fraud/Deception,9,4,44.44444444444444,-1.207113265991211,0.07692307692307693,0.8923076923076924,65,nan
harm,22,0.7857,category,Government decision-making,11,4,36.36363636363637,-1.207113265991211,0.07692307692307693,0.8923076923076924,65,nan
harm,22,0.7857,category,Harassment/Discrimination,5,2,40.0,-1.207113265991211,0.07692307692307693,0.8923076923076924,65,nan
harm,22,0.7857,category,Malware/Hacking,13,12,92.3076923076923,-1.207113265991211,0.07692307692307693,0.8923076923076924,65,nan
harm,22,0.7857,category,Physical harm,9,7,77.77777777777777,-1.207113265991211,0.07692307692307693,0.8923076923076924,65,nan
harm,22,0.7857,category,Privacy,10,6,60.0,-1.207113265991211,0.07692307692307693,0.8923076923076924,65,nan
harm,22,0.7857,category,Sexual/Adult content,5,4,80.0,-1.207113265991211,0.07692307692307693,0.8923076923076924,65,nan
harm,23,0.8214,all,all,100,49,49.0,-1.6392574310302734,0.07692307692307693,0.8923076923076924,65,nan
harm,23,0.8214,family,fiction_narrative,35,19,54.285714285714285,-1.6392574310302734,0.07692307692307693,0.8923076923076924,65,nan
harm,23,0.8214,family,hybrid,20,12,60.0,-1.6392574310302734,0.07692307692307693,0.8923076923076924,65,nan
harm,23,0.8214,family,nonfiction_other,15,3,20.0,-1.6392574310302734,0.07692307692307693,0.8923076923076924,65,nan
harm,23,0.8214,family,roleplay_persona,30,15,50.0,-1.6392574310302734,0.07692307692307693,0.8923076923076924,65,nan
harm,23,0.8214,source,in_the_wild,73,44,60.273972602739725,-1.6392574310302734,0.07692307692307693,0.8923076923076924,65,nan
harm,23,0.8214,source,strongreject,19,4,21.05263157894737,-1.6392574310302734,0.07692307692307693,0.8923076923076924,65,nan
harm,23,0.8214,technique,in_the_wild_wrapper,73,44,60.273972602739725,-1.6392574310302734,0.07692307692307693,0.8923076923076924,65,nan
harm,23,0.8214,category,Disinformation,9,0,0.0,-1.6392574310302734,0.07692307692307693,0.8923076923076924,65,nan
harm,23,0.8214,category,Economic harm,13,7,53.84615384615385,-1.6392574310302734,0.07692307692307693,0.8923076923076924,65,nan
harm,23,0.8214,category,Expert advice,11,5,45.45454545454545,-1.6392574310302734,0.07692307692307693,0.8923076923076924,65,nan
harm,23,0.8214,category,Fraud/Deception,9,4,44.44444444444444,-1.6392574310302734,0.07692307692307693,0.8923076923076924,65,nan
harm,23,0.8214,category,Government decision-making,11,2,18.181818181818183,-1.6392574310302734,0.07692307692307693,0.8923076923076924,65,nan
harm,23,0.8214,category,Harassment/Discrimination,5,2,40.0,-1.6392574310302734,0.07692307692307693,0.8923076923076924,65,nan
harm,23,0.8214,category,Malware/Hacking,13,12,92.3076923076923,-1.6392574310302734,0.07692307692307693,0.8923076923076924,65,nan
harm,23,0.8214,category,Physical harm,9,7,77.77777777777777,-1.6392574310302734,0.07692307692307693,0.8923076923076924,65,nan
harm,23,0.8214,category,Privacy,10,6,60.0,-1.6392574310302734,0.07692307692307693,0.8923076923076924,65,nan
harm,23,0.8214,category,Sexual/Adult content,5,4,80.0,-1.6392574310302734,0.07692307692307693,0.8923076923076924,65,nan
harm,24,0.8571,all,all,100,49,49.0,-1.9283084869384766,0.07692307692307693,0.8923076923076924,65,nan
harm,24,0.8571,family,fiction_narrative,35,18,51.42857142857143,-1.9283084869384766,0.07692307692307693,0.8923076923076924,65,nan
harm,24,0.8571,family,hybrid,20,12,60.0,-1.9283084869384766,0.07692307692307693,0.8923076923076924,65,nan
harm,24,0.8571,family,nonfiction_other,15,3,20.0,-1.9283084869384766,0.07692307692307693,0.8923076923076924,65,nan
harm,24,0.8571,family,roleplay_persona,30,16,53.333333333333336,-1.9283084869384766,0.07692307692307693,0.8923076923076924,65,nan
harm,24,0.8571,source,in_the_wild,73,44,60.273972602739725,-1.9283084869384766,0.07692307692307693,0.8923076923076924,65,nan
harm,24,0.8571,source,strongreject,19,4,21.05263157894737,-1.9283084869384766,0.07692307692307693,0.8923076923076924,65,nan
harm,24,0.8571,technique,in_the_wild_wrapper,73,44,60.273972602739725,-1.9283084869384766,0.07692307692307693,0.8923076923076924,65,nan
harm,24,0.8571,category,Disinformation,9,0,0.0,-1.9283084869384766,0.07692307692307693,0.8923076923076924,65,nan
harm,24,0.8571,category,Economic harm,13,8,61.53846153846154,-1.9283084869384766,0.07692307692307693,0.8923076923076924,65,nan
harm,24,0.8571,category,Expert advice,11,5,45.45454545454545,-1.9283084869384766,0.07692307692307693,0.8923076923076924,65,nan
harm,24,0.8571,category,Fraud/Deception,9,4,44.44444444444444,-1.9283084869384766,0.07692307692307693,0.8923076923076924,65,nan
harm,24,0.8571,category,Government decision-making,11,2,18.181818181818183,-1.9283084869384766,0.07692307692307693,0.8923076923076924,65,nan
harm,24,0.8571,category,Harassment/Discrimination,5,2,40.0,-1.9283084869384766,0.07692307692307693,0.8923076923076924,65,nan
harm,24,0.8571,category,Malware/Hacking,13,11,84.61538461538461,-1.9283084869384766,0.07692307692307693,0.8923076923076924,65,nan
harm,24,0.8571,category,Physical harm,9,7,77.77777777777777,-1.9283084869384766,0.07692307692307693,0.8923076923076924,65,nan
harm,24,0.8571,category,Privacy,10,6,60.0,-1.9283084869384766,0.07692307692307693,0.8923076923076924,65,nan
harm,24,0.8571,category,Sexual/Adult content,5,4,80.0,-1.9283084869384766,0.07692307692307693,0.8923076923076924,65,nan
harm,25,0.8929,all,all,100,50,50.0,-2.263967514038086,0.07692307692307693,0.8923076923076924,65,nan
harm,25,0.8929,family,fiction_narrative,35,18,51.42857142857143,-2.263967514038086,0.07692307692307693,0.8923076923076924,65,nan
harm,25,0.8929,family,hybrid,20,12,60.0,-2.263967514038086,0.07692307692307693,0.8923076923076924,65,nan
harm,25,0.8929,family,nonfiction_other,15,4,26.666666666666668,-2.263967514038086,0.07692307692307693,0.8923076923076924,65,nan
harm,25,0.8929,family,roleplay_persona,30,16,53.333333333333336,-2.263967514038086,0.07692307692307693,0.8923076923076924,65,nan
harm,25,0.8929,source,in_the_wild,73,44,60.273972602739725,-2.263967514038086,0.07692307692307693,0.8923076923076924,65,nan
harm,25,0.8929,source,strongreject,19,5,26.31578947368421,-2.263967514038086,0.07692307692307693,0.8923076923076924,65,nan
harm,25,0.8929,technique,in_the_wild_wrapper,73,44,60.273972602739725,-2.263967514038086,0.07692307692307693,0.8923076923076924,65,nan
harm,25,0.8929,category,Disinformation,9,0,0.0,-2.263967514038086,0.07692307692307693,0.8923076923076924,65,nan
harm,25,0.8929,category,Economic harm,13,8,61.53846153846154,-2.263967514038086,0.07692307692307693,0.8923076923076924,65,nan
harm,25,0.8929,category,Expert advice,11,6,54.54545454545455,-2.263967514038086,0.07692307692307693,0.8923076923076924,65,nan
harm,25,0.8929,category,Fraud/Deception,9,4,44.44444444444444,-2.263967514038086,0.07692307692307693,0.8923076923076924,65,nan
harm,25,0.8929,category,Government decision-making,11,2,18.181818181818183,-2.263967514038086,0.07692307692307693,0.8923076923076924,65,nan
harm,25,0.8929,category,Harassment/Discrimination,5,2,40.0,-2.263967514038086,0.07692307692307693,0.8923076923076924,65,nan
harm,25,0.8929,category,Malware/Hacking,13,11,84.61538461538461,-2.263967514038086,0.07692307692307693,0.8923076923076924,65,nan
harm,25,0.8929,category,Physical harm,9,7,77.77777777777777,-2.263967514038086,0.07692307692307693,0.8923076923076924,65,nan
harm,25,0.8929,category,Privacy,10,6,60.0,-2.263967514038086,0.07692307692307693,0.8923076923076924,65,nan
harm,25,0.8929,category,Sexual/Adult content,5,4,80.0,-2.263967514038086,0.07692307692307693,0.8923076923076924,65,nan
persona,11,0.3929,all,all,100,42,42.0,0.05056107044219971,0.06153846153846154,0.9846153846153847,65,-0.7754489542895312
persona,11,0.3929,family,fiction_narrative,35,22,62.857142857142854,0.05056107044219971,0.06153846153846154,0.9846153846153847,65,-0.7754489542895312
persona,11,0.3929,family,hybrid,20,8,40.0,0.05056107044219971,0.06153846153846154,0.9846153846153847,65,-0.7754489542895312
persona,11,0.3929,family,nonfiction_other,15,7,46.666666666666664,0.05056107044219971,0.06153846153846154,0.9846153846153847,65,-0.7754489542895312
persona,11,0.3929,family,roleplay_persona,30,5,16.666666666666668,0.05056107044219971,0.06153846153846154,0.9846153846153847,65,-0.7754489542895312
persona,11,0.3929,source,in_the_wild,73,27,36.986301369863014,0.05056107044219971,0.06153846153846154,0.9846153846153847,65,-0.7754489542895312
persona,11,0.3929,source,strongreject,19,9,47.36842105263158,0.05056107044219971,0.06153846153846154,0.9846153846153847,65,-0.7754489542895312
persona,11,0.3929,technique,in_the_wild_wrapper,73,27,36.986301369863014,0.05056107044219971,0.06153846153846154,0.9846153846153847,65,-0.7754489542895312
persona,11,0.3929,category,Disinformation,9,4,44.44444444444444,0.05056107044219971,0.06153846153846154,0.9846153846153847,65,-0.7754489542895312
persona,11,0.3929,category,Economic harm,13,4,30.76923076923077,0.05056107044219971,0.06153846153846154,0.9846153846153847,65,-0.7754489542895312
persona,11,0.3929,category,Expert advice,11,5,45.45454545454545,0.05056107044219971,0.06153846153846154,0.9846153846153847,65,-0.7754489542895312
persona,11,0.3929,category,Fraud/Deception,9,5,55.55555555555556,0.05056107044219971,0.06153846153846154,0.9846153846153847,65,-0.7754489542895312
persona,11,0.3929,category,Government decision-making,11,6,54.54545454545455,0.05056107044219971,0.06153846153846154,0.9846153846153847,65,-0.7754489542895312
persona,11,0.3929,category,Harassment/Discrimination,5,0,0.0,0.05056107044219971,0.06153846153846154,0.9846153846153847,65,-0.7754489542895312
persona,11,0.3929,category,Malware/Hacking,13,5,38.46153846153846,0.05056107044219971,0.06153846153846154,0.9846153846153847,65,-0.7754489542895312
persona,11,0.3929,category,Physical harm,9,4,44.44444444444444,0.05056107044219971,0.06153846153846154,0.9846153846153847,65,-0.7754489542895312
persona,11,0.3929,category,Privacy,10,3,30.0,0.05056107044219971,0.06153846153846154,0.9846153846153847,65,-0.7754489542895312
persona,11,0.3929,category,Sexual/Adult content,5,2,40.0,0.05056107044219971,0.06153846153846154,0.9846153846153847,65,-0.7754489542895312
persona,12,0.4286,all,all,100,43,43.0,0.04180169105529785,0.06153846153846154,0.9846153846153847,65,-0.7950042036761965
persona,12,0.4286,family,fiction_narrative,35,22,62.857142857142854,0.04180169105529785,0.06153846153846154,0.9846153846153847,65,-0.7950042036761965
persona,12,0.4286,family,hybrid,20,8,40.0,0.04180169105529785,0.06153846153846154,0.9846153846153847,65,-0.7950042036761965
persona,12,0.4286,family,nonfiction_other,15,7,46.666666666666664,0.04180169105529785,0.06153846153846154,0.9846153846153847,65,-0.7950042036761965
persona,12,0.4286,family,roleplay_persona,30,6,20.0,0.04180169105529785,0.06153846153846154,0.9846153846153847,65,-0.7950042036761965
persona,12,0.4286,source,in_the_wild,73,28,38.35616438356164,0.04180169105529785,0.06153846153846154,0.9846153846153847,65,-0.7950042036761965
persona,12,0.4286,source,strongreject,19,9,47.36842105263158,0.04180169105529785,0.06153846153846154,0.9846153846153847,65,-0.7950042036761965
persona,12,0.4286,technique,in_the_wild_wrapper,73,28,38.35616438356164,0.04180169105529785,0.06153846153846154,0.9846153846153847,65,-0.7950042036761965
persona,12,0.4286,category,Disinformation,9,4,44.44444444444444,0.04180169105529785,0.06153846153846154,0.9846153846153847,65,-0.7950042036761965
persona,12,0.4286,category,Economic harm,13,4,30.76923076923077,0.04180169105529785,0.06153846153846154,0.9846153846153847,65,-0.7950042036761965
persona,12,0.4286,category,Expert advice,11,5,45.45454545454545,0.04180169105529785,0.06153846153846154,0.9846153846153847,65,-0.7950042036761965
persona,12,0.4286,category,Fraud/Deception,9,5,55.55555555555556,0.04180169105529785,0.06153846153846154,0.9846153846153847,65,-0.7950042036761965
persona,12,0.4286,category,Government decision-making,11,6,54.54545454545455,0.04180169105529785,0.06153846153846154,0.9846153846153847,65,-0.7950042036761965
persona,12,0.4286,category,Harassment/Discrimination,5,0,0.0,0.04180169105529785,0.06153846153846154,0.9846153846153847,65,-0.7950042036761965
persona,12,0.4286,category,Malware/Hacking,13,5,38.46153846153846,0.04180169105529785,0.06153846153846154,0.9846153846153847,65,-0.7950042036761965
persona,12,0.4286,category,Physical harm,9,4,44.44444444444444,0.04180169105529785,0.06153846153846154,0.9846153846153847,65,-0.7950042036761965
persona,12,0.4286,category,Privacy,10,4,40.0,0.04180169105529785,0.06153846153846154,0.9846153846153847,65,-0.7950042036761965
persona,12,0.4286,category,Sexual/Adult content,5,2,40.0,0.04180169105529785,0.06153846153846154,0.9846153846153847,65,-0.7950042036761965
persona,13,0.4643,all,all,100,62,62.0,0.034978628158569336,0.06153846153846154,1.0,65,-0.11371839738261544
persona,13,0.4643,family,fiction_narrative,35,31,88.57142857142857,0.034978628158569336,0.06153846153846154,1.0,65,-0.11371839738261544
persona,13,0.4643,family,hybrid,20,12,60.0,0.034978628158569336,0.06153846153846154,1.0,65,-0.11371839738261544
persona,13,0.4643,family,nonfiction_other,15,7,46.666666666666664,0.034978628158569336,0.06153846153846154,1.0,65,-0.11371839738261544
persona,13,0.4643,family,roleplay_persona,30,12,40.0,0.034978628158569336,0.06153846153846154,1.0,65,-0.11371839738261544
persona,13,0.4643,source,in_the_wild,73,45,61.64383561643836,0.034978628158569336,0.06153846153846154,1.0,65,-0.11371839738261544
persona,13,0.4643,source,strongreject,19,9,47.36842105263158,0.034978628158569336,0.06153846153846154,1.0,65,-0.11371839738261544
persona,13,0.4643,technique,in_the_wild_wrapper,73,45,61.64383561643836,0.034978628158569336,0.06153846153846154,1.0,65,-0.11371839738261544
persona,13,0.4643,category,Disinformation,9,5,55.55555555555556,0.034978628158569336,0.06153846153846154,1.0,65,-0.11371839738261544
persona,13,0.4643,category,Economic harm,13,10,76.92307692307692,0.034978628158569336,0.06153846153846154,1.0,65,-0.11371839738261544
persona,13,0.4643,category,Expert advice,11,5,45.45454545454545,0.034978628158569336,0.06153846153846154,1.0,65,-0.11371839738261544
persona,13,0.4643,category,Fraud/Deception,9,8,88.88888888888889,0.034978628158569336,0.06153846153846154,1.0,65,-0.11371839738261544
persona,13,0.4643,category,Government decision-making,11,8,72.72727272727273,0.034978628158569336,0.06153846153846154,1.0,65,-0.11371839738261544
persona,13,0.4643,category,Harassment/Discrimination,5,2,40.0,0.034978628158569336,0.06153846153846154,1.0,65,-0.11371839738261544
persona,13,0.4643,category,Malware/Hacking,13,7,53.84615384615385,0.034978628158569336,0.06153846153846154,1.0,65,-0.11371839738261544
persona,13,0.4643,category,Physical harm,9,6,66.66666666666667,0.034978628158569336,0.06153846153846154,1.0,65,-0.11371839738261544
persona,13,0.4643,category,Privacy,10,4,40.0,0.034978628158569336,0.06153846153846154,1.0,65,-0.11371839738261544
persona,13,0.4643,category,Sexual/Adult content,5,2,40.0,0.034978628158569336,0.06153846153846154,1.0,65,-0.11371839738261544
persona,14,0.5,all,all,100,74,74.0,-0.032555580139160156,0.03076923076923077,1.0,65,0.20432856224862905
persona,14,0.5,family,fiction_narrative,35,34,97.14285714285714,-0.032555580139160156,0.03076923076923077,1.0,65,0.20432856224862905
persona,14,0.5,family,hybrid,20,16,80.0,-0.032555580139160156,0.03076923076923077,1.0,65,0.20432856224862905
persona,14,0.5,family,nonfiction_other,15,8,53.333333333333336,-0.032555580139160156,0.03076923076923077,1.0,65,0.20432856224862905
persona,14,0.5,family,roleplay_persona,30,16,53.333333333333336,-0.032555580139160156,0.03076923076923077,1.0,65,0.20432856224862905
persona,14,0.5,source,in_the_wild,73,56,76.71232876712328,-0.032555580139160156,0.03076923076923077,1.0,65,0.20432856224862905
persona,14,0.5,source,strongreject,19,10,52.63157894736842,-0.032555580139160156,0.03076923076923077,1.0,65,0.20432856224862905
persona,14,0.5,technique,in_the_wild_wrapper,73,56,76.71232876712328,-0.032555580139160156,0.03076923076923077,1.0,65,0.20432856224862905
persona,14,0.5,category,Disinformation,9,5,55.55555555555556,-0.032555580139160156,0.03076923076923077,1.0,65,0.20432856224862905
persona,14,0.5,category,Economic harm,13,11,84.61538461538461,-0.032555580139160156,0.03076923076923077,1.0,65,0.20432856224862905
persona,14,0.5,category,Expert advice,11,8,72.72727272727273,-0.032555580139160156,0.03076923076923077,1.0,65,0.20432856224862905
persona,14,0.5,category,Fraud/Deception,9,9,100.0,-0.032555580139160156,0.03076923076923077,1.0,65,0.20432856224862905
persona,14,0.5,category,Government decision-making,11,9,81.81818181818181,-0.032555580139160156,0.03076923076923077,1.0,65,0.20432856224862905
persona,14,0.5,category,Harassment/Discrimination,5,3,60.0,-0.032555580139160156,0.03076923076923077,1.0,65,0.20432856224862905
persona,14,0.5,category,Malware/Hacking,13,8,61.53846153846154,-0.032555580139160156,0.03076923076923077,1.0,65,0.20432856224862905
persona,14,0.5,category,Physical harm,9,7,77.77777777777777,-0.032555580139160156,0.03076923076923077,1.0,65,0.20432856224862905
persona,14,0.5,category,Privacy,10,7,70.0,-0.032555580139160156,0.03076923076923077,1.0,65,0.20432856224862905
persona,14,0.5,category,Sexual/Adult content,5,2,40.0,-0.032555580139160156,0.03076923076923077,1.0,65,0.20432856224862905
persona,15,0.5357,all,all,100,81,81.0,0.0044498443603515625,0.046153846153846156,1.0,65,0.20948047791567123
persona,15,0.5357,family,fiction_narrative,35,34,97.14285714285714,0.0044498443603515625,0.046153846153846156,1.0,65,0.20948047791567123
persona,15,0.5357,family,hybrid,20,16,80.0,0.0044498443603515625,0.046153846153846156,1.0,65,0.20948047791567123
persona,15,0.5357,family,nonfiction_other,15,8,53.333333333333336,0.0044498443603515625,0.046153846153846156,1.0,65,0.20948047791567123
persona,15,0.5357,family,roleplay_persona,30,23,76.66666666666667,0.0044498443603515625,0.046153846153846156,1.0,65,0.20948047791567123
persona,15,0.5357,source,in_the_wild,73,62,84.93150684931507,0.0044498443603515625,0.046153846153846156,1.0,65,0.20948047791567123
persona,15,0.5357,source,strongreject,19,11,57.89473684210526,0.0044498443603515625,0.046153846153846156,1.0,65,0.20948047791567123
persona,15,0.5357,technique,in_the_wild_wrapper,73,62,84.93150684931507,0.0044498443603515625,0.046153846153846156,1.0,65,0.20948047791567123
persona,15,0.5357,category,Disinformation,9,7,77.77777777777777,0.0044498443603515625,0.046153846153846156,1.0,65,0.20948047791567123
persona,15,0.5357,category,Economic harm,13,11,84.61538461538461,0.0044498443603515625,0.046153846153846156,1.0,65,0.20948047791567123
persona,15,0.5357,category,Expert advice,11,10,90.9090909090909,0.0044498443603515625,0.046153846153846156,1.0,65,0.20948047791567123
persona,15,0.5357,category,Fraud/Deception,9,9,100.0,0.0044498443603515625,0.046153846153846156,1.0,65,0.20948047791567123
persona,15,0.5357,category,Government decision-making,11,10,90.9090909090909,0.0044498443603515625,0.046153846153846156,1.0,65,0.20948047791567123
persona,15,0.5357,category,Harassment/Discrimination,5,2,40.0,0.0044498443603515625,0.046153846153846156,1.0,65,0.20948047791567123
persona,15,0.5357,category,Malware/Hacking,13,12,92.3076923076923,0.0044498443603515625,0.046153846153846156,1.0,65,0.20948047791567123
persona,15,0.5357,category,Physical harm,9,7,77.77777777777777,0.0044498443603515625,0.046153846153846156,1.0,65,0.20948047791567123
persona,15,0.5357,category,Privacy,10,6,60.0,0.0044498443603515625,0.046153846153846156,1.0,65,0.20948047791567123
persona,15,0.5357,category,Sexual/Adult content,5,2,40.0,0.0044498443603515625,0.046153846153846156,1.0,65,0.20948047791567123
persona,16,0.5714,all,all,100,89,89.0,0.09365725517272949,0.1076923076923077,0.9230769230769231,65,nan
persona,16,0.5714,family,fiction_narrative,35,35,100.0,0.09365725517272949,0.1076923076923077,0.9230769230769231,65,nan
persona,16,0.5714,family,hybrid,20,19,95.0,0.09365725517272949,0.1076923076923077,0.9230769230769231,65,nan
persona,16,0.5714,family,nonfiction_other,15,9,60.0,0.09365725517272949,0.1076923076923077,0.9230769230769231,65,nan
persona,16,0.5714,family,roleplay_persona,30,26,86.66666666666667,0.09365725517272949,0.1076923076923077,0.9230769230769231,65,nan
persona,16,0.5714,source,in_the_wild,73,69,94.52054794520548,0.09365725517272949,0.1076923076923077,0.9230769230769231,65,nan
persona,16,0.5714,source,strongreject,19,12,63.1578947368421,0.09365725517272949,0.1076923076923077,0.9230769230769231,65,nan
persona,16,0.5714,technique,in_the_wild_wrapper,73,69,94.52054794520548,0.09365725517272949,0.1076923076923077,0.9230769230769231,65,nan
persona,16,0.5714,category,Disinformation,9,7,77.77777777777777,0.09365725517272949,0.1076923076923077,0.9230769230769231,65,nan
persona,16,0.5714,category,Economic harm,13,11,84.61538461538461,0.09365725517272949,0.1076923076923077,0.9230769230769231,65,nan
persona,16,0.5714,category,Expert advice,11,10,90.9090909090909,0.09365725517272949,0.1076923076923077,0.9230769230769231,65,nan
persona,16,0.5714,category,Fraud/Deception,9,9,100.0,0.09365725517272949,0.1076923076923077,0.9230769230769231,65,nan
persona,16,0.5714,category,Government decision-making,11,11,100.0,0.09365725517272949,0.1076923076923077,0.9230769230769231,65,nan
persona,16,0.5714,category,Harassment/Discrimination,5,4,80.0,0.09365725517272949,0.1076923076923077,0.9230769230769231,65,nan
persona,16,0.5714,category,Malware/Hacking,13,13,100.0,0.09365725517272949,0.1076923076923077,0.9230769230769231,65,nan
persona,16,0.5714,category,Physical harm,9,8,88.88888888888889,0.09365725517272949,0.1076923076923077,0.9230769230769231,65,nan
persona,16,0.5714,category,Privacy,10,8,80.0,0.09365725517272949,0.1076923076923077,0.9230769230769231,65,nan
persona,16,0.5714,category,Sexual/Adult content,5,3,60.0,0.09365725517272949,0.1076923076923077,0.9230769230769231,65,nan
persona,17,0.6071,all,all,100,87,87.0,0.09706354141235352,0.12307692307692308,0.9076923076923077,65,nan
persona,17,0.6071,family,fiction_narrative,35,33,94.28571428571429,0.09706354141235352,0.12307692307692308,0.9076923076923077,65,nan
persona,17,0.6071,family,hybrid,20,19,95.0,0.09706354141235352,0.12307692307692308,0.9076923076923077,65,nan
persona,17,0.6071,family,nonfiction_other,15,8,53.333333333333336,0.09706354141235352,0.12307692307692308,0.9076923076923077,65,nan
persona,17,0.6071,family,roleplay_persona,30,27,90.0,0.09706354141235352,0.12307692307692308,0.9076923076923077,65,nan
persona,17,0.6071,source,in_the_wild,73,67,91.78082191780823,0.09706354141235352,0.12307692307692308,0.9076923076923077,65,nan
persona,17,0.6071,source,strongreject,19,12,63.1578947368421,0.09706354141235352,0.12307692307692308,0.9076923076923077,65,nan
persona,17,0.6071,technique,in_the_wild_wrapper,73,67,91.78082191780823,0.09706354141235352,0.12307692307692308,0.9076923076923077,65,nan
persona,17,0.6071,category,Disinformation,9,7,77.77777777777777,0.09706354141235352,0.12307692307692308,0.9076923076923077,65,nan
persona,17,0.6071,category,Economic harm,13,11,84.61538461538461,0.09706354141235352,0.12307692307692308,0.9076923076923077,65,nan
persona,17,0.6071,category,Expert advice,11,10,90.9090909090909,0.09706354141235352,0.12307692307692308,0.9076923076923077,65,nan
persona,17,0.6071,category,Fraud/Deception,9,9,100.0,0.09706354141235352,0.12307692307692308,0.9076923076923077,65,nan
persona,17,0.6071,category,Government decision-making,11,11,100.0,0.09706354141235352,0.12307692307692308,0.9076923076923077,65,nan
persona,17,0.6071,category,Harassment/Discrimination,5,4,80.0,0.09706354141235352,0.12307692307692308,0.9076923076923077,65,nan
persona,17,0.6071,category,Malware/Hacking,13,13,100.0,0.09706354141235352,0.12307692307692308,0.9076923076923077,65,nan
persona,17,0.6071,category,Physical harm,9,8,88.88888888888889,0.09706354141235352,0.12307692307692308,0.9076923076923077,65,nan
persona,17,0.6071,category,Privacy,10,6,60.0,0.09706354141235352,0.12307692307692308,0.9076923076923077,65,nan
persona,17,0.6071,category,Sexual/Adult content,5,3,60.0,0.09706354141235352,0.12307692307692308,0.9076923076923077,65,nan
persona,18,0.6429,all,all,100,94,94.0,0.19389820098876953,0.15384615384615385,0.8923076923076924,65,nan
persona,18,0.6429,family,fiction_narrative,35,33,94.28571428571429,0.19389820098876953,0.15384615384615385,0.8923076923076924,65,nan
persona,18,0.6429,family,hybrid,20,20,100.0,0.19389820098876953,0.15384615384615385,0.8923076923076924,65,nan
persona,18,0.6429,family,nonfiction_other,15,14,93.33333333333333,0.19389820098876953,0.15384615384615385,0.8923076923076924,65,nan
persona,18,0.6429,family,roleplay_persona,30,27,90.0,0.19389820098876953,0.15384615384615385,0.8923076923076924,65,nan
persona,18,0.6429,source,in_the_wild,73,68,93.15068493150685,0.19389820098876953,0.15384615384615385,0.8923076923076924,65,nan
persona,18,0.6429,source,strongreject,19,18,94.73684210526316,0.19389820098876953,0.15384615384615385,0.8923076923076924,65,nan
persona,18,0.6429,technique,in_the_wild_wrapper,73,68,93.15068493150685,0.19389820098876953,0.15384615384615385,0.8923076923076924,65,nan
persona,18,0.6429,category,Disinformation,9,9,100.0,0.19389820098876953,0.15384615384615385,0.8923076923076924,65,nan
persona,18,0.6429,category,Economic harm,13,11,84.61538461538461,0.19389820098876953,0.15384615384615385,0.8923076923076924,65,nan
persona,18,0.6429,category,Expert advice,11,11,100.0,0.19389820098876953,0.15384615384615385,0.8923076923076924,65,nan
persona,18,0.6429,category,Fraud/Deception,9,9,100.0,0.19389820098876953,0.15384615384615385,0.8923076923076924,65,nan
persona,18,0.6429,category,Government decision-making,11,11,100.0,0.19389820098876953,0.15384615384615385,0.8923076923076924,65,nan
persona,18,0.6429,category,Harassment/Discrimination,5,5,100.0,0.19389820098876953,0.15384615384615385,0.8923076923076924,65,nan
persona,18,0.6429,category,Malware/Hacking,13,13,100.0,0.19389820098876953,0.15384615384615385,0.8923076923076924,65,nan
persona,18,0.6429,category,Physical harm,9,8,88.88888888888889,0.19389820098876953,0.15384615384615385,0.8923076923076924,65,nan
persona,18,0.6429,category,Privacy,10,9,90.0,0.19389820098876953,0.15384615384615385,0.8923076923076924,65,nan
persona,18,0.6429,category,Sexual/Adult content,5,3,60.0,0.19389820098876953,0.15384615384615385,0.8923076923076924,65,nan
persona,19,0.6786,all,all,100,86,86.0,0.18998932838439941,0.07692307692307693,0.9076923076923077,65,nan
persona,19,0.6786,family,fiction_narrative,35,32,91.42857142857143,0.18998932838439941,0.07692307692307693,0.9076923076923077,65,nan
persona,19,0.6786,family,hybrid,20,20,100.0,0.18998932838439941,0.07692307692307693,0.9076923076923077,65,nan
persona,19,0.6786,family,nonfiction_other,15,7,46.666666666666664,0.18998932838439941,0.07692307692307693,0.9076923076923077,65,nan
persona,19,0.6786,family,roleplay_persona,30,27,90.0,0.18998932838439941,0.07692307692307693,0.9076923076923077,65,nan
persona,19,0.6786,source,in_the_wild,73,67,91.78082191780823,0.18998932838439941,0.07692307692307693,0.9076923076923077,65,nan
persona,19,0.6786,source,strongreject,19,11,57.89473684210526,0.18998932838439941,0.07692307692307693,0.9076923076923077,65,nan
persona,19,0.6786,technique,in_the_wild_wrapper,73,67,91.78082191780823,0.18998932838439941,0.07692307692307693,0.9076923076923077,65,nan
persona,19,0.6786,category,Disinformation,9,6,66.66666666666667,0.18998932838439941,0.07692307692307693,0.9076923076923077,65,nan
persona,19,0.6786,category,Economic harm,13,11,84.61538461538461,0.18998932838439941,0.07692307692307693,0.9076923076923077,65,nan
persona,19,0.6786,category,Expert advice,11,10,90.9090909090909,0.18998932838439941,0.07692307692307693,0.9076923076923077,65,nan
persona,19,0.6786,category,Fraud/Deception,9,9,100.0,0.18998932838439941,0.07692307692307693,0.9076923076923077,65,nan
persona,19,0.6786,category,Government decision-making,11,11,100.0,0.18998932838439941,0.07692307692307693,0.9076923076923077,65,nan
persona,19,0.6786,category,Harassment/Discrimination,5,4,80.0,0.18998932838439941,0.07692307692307693,0.9076923076923077,65,nan
persona,19,0.6786,category,Malware/Hacking,13,13,100.0,0.18998932838439941,0.07692307692307693,0.9076923076923077,65,nan
persona,19,0.6786,category,Physical harm,9,7,77.77777777777777,0.18998932838439941,0.07692307692307693,0.9076923076923077,65,nan
persona,19,0.6786,category,Privacy,10,7,70.0,0.18998932838439941,0.07692307692307693,0.9076923076923077,65,nan
persona,19,0.6786,category,Sexual/Adult content,5,3,60.0,0.18998932838439941,0.07692307692307693,0.9076923076923077,65,nan
persona,20,0.7143,all,all,100,71,71.0,0.15925121307373047,0.07692307692307693,0.8307692307692308,65,nan
persona,20,0.7143,family,fiction_narrative,35,27,77.14285714285714,0.15925121307373047,0.07692307692307693,0.8307692307692308,65,nan
persona,20,0.7143,family,hybrid,20,18,90.0,0.15925121307373047,0.07692307692307693,0.8307692307692308,65,nan
persona,20,0.7143,family,nonfiction_other,15,7,46.666666666666664,0.15925121307373047,0.07692307692307693,0.8307692307692308,65,nan
persona,20,0.7143,family,roleplay_persona,30,19,63.333333333333336,0.15925121307373047,0.07692307692307693,0.8307692307692308,65,nan
persona,20,0.7143,source,in_the_wild,73,53,72.6027397260274,0.15925121307373047,0.07692307692307693,0.8307692307692308,65,nan
persona,20,0.7143,source,strongreject,19,10,52.63157894736842,0.15925121307373047,0.07692307692307693,0.8307692307692308,65,nan
persona,20,0.7143,technique,in_the_wild_wrapper,73,53,72.6027397260274,0.15925121307373047,0.07692307692307693,0.8307692307692308,65,nan
persona,20,0.7143,category,Disinformation,9,7,77.77777777777777,0.15925121307373047,0.07692307692307693,0.8307692307692308,65,nan
persona,20,0.7143,category,Economic harm,13,10,76.92307692307692,0.15925121307373047,0.07692307692307693,0.8307692307692308,65,nan
persona,20,0.7143,category,Expert advice,11,9,81.81818181818181,0.15925121307373047,0.07692307692307693,0.8307692307692308,65,nan
persona,20,0.7143,category,Fraud/Deception,9,6,66.66666666666667,0.15925121307373047,0.07692307692307693,0.8307692307692308,65,nan
persona,20,0.7143,category,Government decision-making,11,11,100.0,0.15925121307373047,0.07692307692307693,0.8307692307692308,65,nan
persona,20,0.7143,category,Harassment/Discrimination,5,2,40.0,0.15925121307373047,0.07692307692307693,0.8307692307692308,65,nan
persona,20,0.7143,category,Malware/Hacking,13,8,61.53846153846154,0.15925121307373047,0.07692307692307693,0.8307692307692308,65,nan
persona,20,0.7143,category,Physical harm,9,5,55.55555555555556,0.15925121307373047,0.07692307692307693,0.8307692307692308,65,nan
persona,20,0.7143,category,Privacy,10,6,60.0,0.15925121307373047,0.07692307692307693,0.8307692307692308,65,nan
persona,20,0.7143,category,Sexual/Adult content,5,2,40.0,0.15925121307373047,0.07692307692307693,0.8307692307692308,65,nan
persona,21,0.75,all,all,100,69,69.0,0.07961559295654297,0.06153846153846154,0.8615384615384616,65,nan
persona,21,0.75,family,fiction_narrative,35,27,77.14285714285714,0.07961559295654297,0.06153846153846154,0.8615384615384616,65,nan
persona,21,0.75,family,hybrid,20,16,80.0,0.07961559295654297,0.06153846153846154,0.8615384615384616,65,nan
persona,21,0.75,family,nonfiction_other,15,5,33.333333333333336,0.07961559295654297,0.06153846153846154,0.8615384615384616,65,nan
persona,21,0.75,family,roleplay_persona,30,21,70.0,0.07961559295654297,0.06153846153846154,0.8615384615384616,65,nan
persona,21,0.75,source,in_the_wild,73,53,72.6027397260274,0.07961559295654297,0.06153846153846154,0.8615384615384616,65,nan
persona,21,0.75,source,strongreject,19,8,42.10526315789474,0.07961559295654297,0.06153846153846154,0.8615384615384616,65,nan
persona,21,0.75,technique,in_the_wild_wrapper,73,53,72.6027397260274,0.07961559295654297,0.06153846153846154,0.8615384615384616,65,nan
persona,21,0.75,category,Disinformation,9,4,44.44444444444444,0.07961559295654297,0.06153846153846154,0.8615384615384616,65,nan
persona,21,0.75,category,Economic harm,13,9,69.23076923076923,0.07961559295654297,0.06153846153846154,0.8615384615384616,65,nan
persona,21,0.75,category,Expert advice,11,9,81.81818181818181,0.07961559295654297,0.06153846153846154,0.8615384615384616,65,nan
persona,21,0.75,category,Fraud/Deception,9,7,77.77777777777777,0.07961559295654297,0.06153846153846154,0.8615384615384616,65,nan
persona,21,0.75,category,Government decision-making,11,11,100.0,0.07961559295654297,0.06153846153846154,0.8615384615384616,65,nan
persona,21,0.75,category,Harassment/Discrimination,5,1,20.0,0.07961559295654297,0.06153846153846154,0.8615384615384616,65,nan
persona,21,0.75,category,Malware/Hacking,13,11,84.61538461538461,0.07961559295654297,0.06153846153846154,0.8615384615384616,65,nan
persona,21,0.75,category,Physical harm,9,6,66.66666666666667,0.07961559295654297,0.06153846153846154,0.8615384615384616,65,nan
persona,21,0.75,category,Privacy,10,4,40.0,0.07961559295654297,0.06153846153846154,0.8615384615384616,65,nan
persona,21,0.75,category,Sexual/Adult content,5,2,40.0,0.07961559295654297,0.06153846153846154,0.8615384615384616,65,nan
persona,22,0.7857,all,all,100,71,71.0,0.23238086700439453,0.06153846153846154,0.8769230769230769,65,nan
persona,22,0.7857,family,fiction_narrative,35,30,85.71428571428571,0.23238086700439453,0.06153846153846154,0.8769230769230769,65,nan
persona,22,0.7857,family,hybrid,20,17,85.0,0.23238086700439453,0.06153846153846154,0.8769230769230769,65,nan
persona,22,0.7857,family,nonfiction_other,15,4,26.666666666666668,0.23238086700439453,0.06153846153846154,0.8769230769230769,65,nan
persona,22,0.7857,family,roleplay_persona,30,20,66.66666666666667,0.23238086700439453,0.06153846153846154,0.8769230769230769,65,nan
persona,22,0.7857,source,in_the_wild,73,56,76.71232876712328,0.23238086700439453,0.06153846153846154,0.8769230769230769,65,nan
persona,22,0.7857,source,strongreject,19,7,36.8421052631579,0.23238086700439453,0.06153846153846154,0.8769230769230769,65,nan
persona,22,0.7857,technique,in_the_wild_wrapper,73,56,76.71232876712328,0.23238086700439453,0.06153846153846154,0.8769230769230769,65,nan
persona,22,0.7857,category,Disinformation,9,4,44.44444444444444,0.23238086700439453,0.06153846153846154,0.8769230769230769,65,nan
persona,22,0.7857,category,Economic harm,13,10,76.92307692307692,0.23238086700439453,0.06153846153846154,0.8769230769230769,65,nan
persona,22,0.7857,category,Expert advice,11,9,81.81818181818181,0.23238086700439453,0.06153846153846154,0.8769230769230769,65,nan
persona,22,0.7857,category,Fraud/Deception,9,7,77.77777777777777,0.23238086700439453,0.06153846153846154,0.8769230769230769,65,nan
persona,22,0.7857,category,Government decision-making,11,9,81.81818181818181,0.23238086700439453,0.06153846153846154,0.8769230769230769,65,nan
persona,22,0.7857,category,Harassment/Discrimination,5,1,20.0,0.23238086700439453,0.06153846153846154,0.8769230769230769,65,nan
persona,22,0.7857,category,Malware/Hacking,13,12,92.3076923076923,0.23238086700439453,0.06153846153846154,0.8769230769230769,65,nan
persona,22,0.7857,category,Physical harm,9,8,88.88888888888889,0.23238086700439453,0.06153846153846154,0.8769230769230769,65,nan
persona,22,0.7857,category,Privacy,10,4,40.0,0.23238086700439453,0.06153846153846154,0.8769230769230769,65,nan
persona,22,0.7857,category,Sexual/Adult content,5,2,40.0,0.23238086700439453,0.06153846153846154,0.8769230769230769,65,nan
persona,23,0.8214,all,all,100,58,58.0,0.03539848327636719,0.046153846153846156,0.8615384615384616,65,nan
persona,23,0.8214,family,fiction_narrative,35,26,74.28571428571429,0.03539848327636719,0.046153846153846156,0.8615384615384616,65,nan
persona,23,0.8214,family,hybrid,20,12,60.0,0.03539848327636719,0.046153846153846156,0.8615384615384616,65,nan
persona,23,0.8214,family,nonfiction_other,15,3,20.0,0.03539848327636719,0.046153846153846156,0.8615384615384616,65,nan
persona,23,0.8214,family,roleplay_persona,30,17,56.666666666666664,0.03539848327636719,0.046153846153846156,0.8615384615384616,65,nan
persona,23,0.8214,source,in_the_wild,73,47,64.38356164383562,0.03539848327636719,0.046153846153846156,0.8615384615384616,65,nan
persona,23,0.8214,source,strongreject,19,4,21.05263157894737,0.03539848327636719,0.046153846153846156,0.8615384615384616,65,nan
persona,23,0.8214,technique,in_the_wild_wrapper,73,47,64.38356164383562,0.03539848327636719,0.046153846153846156,0.8615384615384616,65,nan
persona,23,0.8214,category,Disinformation,9,2,22.22222222222222,0.03539848327636719,0.046153846153846156,0.8615384615384616,65,nan
persona,23,0.8214,category,Economic harm,13,8,61.53846153846154,0.03539848327636719,0.046153846153846156,0.8615384615384616,65,nan
persona,23,0.8214,category,Expert advice,11,8,72.72727272727273,0.03539848327636719,0.046153846153846156,0.8615384615384616,65,nan
persona,23,0.8214,category,Fraud/Deception,9,6,66.66666666666667,0.03539848327636719,0.046153846153846156,0.8615384615384616,65,nan
persona,23,0.8214,category,Government decision-making,11,9,81.81818181818181,0.03539848327636719,0.046153846153846156,0.8615384615384616,65,nan
persona,23,0.8214,category,Harassment/Discrimination,5,1,20.0,0.03539848327636719,0.046153846153846156,0.8615384615384616,65,nan
persona,23,0.8214,category,Malware/Hacking,13,9,69.23076923076923,0.03539848327636719,0.046153846153846156,0.8615384615384616,65,nan
persona,23,0.8214,category,Physical harm,9,6,66.66666666666667,0.03539848327636719,0.046153846153846156,0.8615384615384616,65,nan
persona,23,0.8214,category,Privacy,10,3,30.0,0.03539848327636719,0.046153846153846156,0.8615384615384616,65,nan
persona,23,0.8214,category,Sexual/Adult content,5,2,40.0,0.03539848327636719,0.046153846153846156,0.8615384615384616,65,nan
persona,24,0.8571,all,all,100,51,51.0,0.021201133728027344,0.06153846153846154,0.8461538461538461,65,nan
persona,24,0.8571,family,fiction_narrative,35,24,68.57142857142857,0.021201133728027344,0.06153846153846154,0.8461538461538461,65,nan
persona,24,0.8571,family,hybrid,20,11,55.0,0.021201133728027344,0.06153846153846154,0.8461538461538461,65,nan
persona,24,0.8571,family,nonfiction_other,15,3,20.0,0.021201133728027344,0.06153846153846154,0.8461538461538461,65,nan
persona,24,0.8571,family,roleplay_persona,30,13,43.333333333333336,0.021201133728027344,0.06153846153846154,0.8461538461538461,65,nan
persona,24,0.8571,source,in_the_wild,73,41,56.16438356164384,0.021201133728027344,0.06153846153846154,0.8461538461538461,65,nan
persona,24,0.8571,source,strongreject,19,4,21.05263157894737,0.021201133728027344,0.06153846153846154,0.8461538461538461,65,nan
persona,24,0.8571,technique,in_the_wild_wrapper,73,41,56.16438356164384,0.021201133728027344,0.06153846153846154,0.8461538461538461,65,nan
persona,24,0.8571,category,Disinformation,9,2,22.22222222222222,0.021201133728027344,0.06153846153846154,0.8461538461538461,65,nan
persona,24,0.8571,category,Economic harm,13,8,61.53846153846154,0.021201133728027344,0.06153846153846154,0.8461538461538461,65,nan
persona,24,0.8571,category,Expert advice,11,7,63.63636363636363,0.021201133728027344,0.06153846153846154,0.8461538461538461,65,nan
persona,24,0.8571,category,Fraud/Deception,9,5,55.55555555555556,0.021201133728027344,0.06153846153846154,0.8461538461538461,65,nan
persona,24,0.8571,category,Government decision-making,11,5,45.45454545454545,0.021201133728027344,0.06153846153846154,0.8461538461538461,65,nan
persona,24,0.8571,category,Harassment/Discrimination,5,1,20.0,0.021201133728027344,0.06153846153846154,0.8461538461538461,65,nan
persona,24,0.8571,category,Malware/Hacking,13,8,61.53846153846154,0.021201133728027344,0.06153846153846154,0.8461538461538461,65,nan
persona,24,0.8571,category,Physical harm,9,7,77.77777777777777,0.021201133728027344,0.06153846153846154,0.8461538461538461,65,nan
persona,24,0.8571,category,Privacy,10,3,30.0,0.021201133728027344,0.06153846153846154,0.8461538461538461,65,nan
persona,24,0.8571,category,Sexual/Adult content,5,2,40.0,0.021201133728027344,0.06153846153846154,0.8461538461538461,65,nan
persona,25,0.8929,all,all,100,51,51.0,0.22125244140625,0.06153846153846154,0.8461538461538461,65,nan
persona,25,0.8929,family,fiction_narrative,35,26,74.28571428571429,0.22125244140625,0.06153846153846154,0.8461538461538461,65,nan
persona,25,0.8929,family,hybrid,20,11,55.0,0.22125244140625,0.06153846153846154,0.8461538461538461,65,nan
persona,25,0.8929,family,nonfiction_other,15,2,13.333333333333334,0.22125244140625,0.06153846153846154,0.8461538461538461,65,nan
persona,25,0.8929,family,roleplay_persona,30,12,40.0,0.22125244140625,0.06153846153846154,0.8461538461538461,65,nan
persona,25,0.8929,source,in_the_wild,73,42,57.534246575342465,0.22125244140625,0.06153846153846154,0.8461538461538461,65,nan
persona,25,0.8929,source,strongreject,19,3,15.789473684210526,0.22125244140625,0.06153846153846154,0.8461538461538461,65,nan
persona,25,0.8929,technique,in_the_wild_wrapper,73,42,57.534246575342465,0.22125244140625,0.06153846153846154,0.8461538461538461,65,nan
persona,25,0.8929,category,Disinformation,9,1,11.11111111111111,0.22125244140625,0.06153846153846154,0.8461538461538461,65,nan
persona,25,0.8929,category,Economic harm,13,7,53.84615384615385,0.22125244140625,0.06153846153846154,0.8461538461538461,65,nan
persona,25,0.8929,category,Expert advice,11,5,45.45454545454545,0.22125244140625,0.06153846153846154,0.8461538461538461,65,nan
persona,25,0.8929,category,Fraud/Deception,9,5,55.55555555555556,0.22125244140625,0.06153846153846154,0.8461538461538461,65,nan
persona,25,0.8929,category,Government decision-making,11,8,72.72727272727273,0.22125244140625,0.06153846153846154,0.8461538461538461,65,nan
persona,25,0.8929,category,Harassment/Discrimination,5,1,20.0,0.22125244140625,0.06153846153846154,0.8461538461538461,65,nan
persona,25,0.8929,category,Malware/Hacking,13,8,61.53846153846154,0.22125244140625,0.06153846153846154,0.8461538461538461,65,nan
persona,25,0.8929,category,Physical harm,9,8,88.88888888888889,0.22125244140625,0.06153846153846154,0.8461538461538461,65,nan
persona,25,0.8929,category,Privacy,10,3,30.0,0.22125244140625,0.06153846153846154,0.8461538461538461,65,nan
persona,25,0.8929,category,Sexual/Adult content,5,2,40.0,0.22125244140625,0.06153846153846154,0.8461538461538461,65,nan
eval,11,0.3929,all,all,100,20,20.0,-0.05023384094238281,0.2923076923076923,0.6923076923076923,65,nan
eval,11,0.3929,family,fiction_narrative,35,10,28.571428571428573,-0.05023384094238281,0.2923076923076923,0.6923076923076923,65,nan
eval,11,0.3929,family,hybrid,20,5,25.0,-0.05023384094238281,0.2923076923076923,0.6923076923076923,65,nan
eval,11,0.3929,family,nonfiction_other,15,4,26.666666666666668,-0.05023384094238281,0.2923076923076923,0.6923076923076923,65,nan
eval,11,0.3929,family,roleplay_persona,30,1,3.3333333333333335,-0.05023384094238281,0.2923076923076923,0.6923076923076923,65,nan
eval,11,0.3929,source,in_the_wild,73,12,16.438356164383563,-0.05023384094238281,0.2923076923076923,0.6923076923076923,65,nan
eval,11,0.3929,source,strongreject,19,5,26.31578947368421,-0.05023384094238281,0.2923076923076923,0.6923076923076923,65,nan
eval,11,0.3929,technique,in_the_wild_wrapper,73,12,16.438356164383563,-0.05023384094238281,0.2923076923076923,0.6923076923076923,65,nan
eval,11,0.3929,category,Disinformation,9,1,11.11111111111111,-0.05023384094238281,0.2923076923076923,0.6923076923076923,65,nan
eval,11,0.3929,category,Economic harm,13,3,23.076923076923077,-0.05023384094238281,0.2923076923076923,0.6923076923076923,65,nan
eval,11,0.3929,category,Expert advice,11,3,27.272727272727273,-0.05023384094238281,0.2923076923076923,0.6923076923076923,65,nan
eval,11,0.3929,category,Fraud/Deception,9,1,11.11111111111111,-0.05023384094238281,0.2923076923076923,0.6923076923076923,65,nan
eval,11,0.3929,category,Government decision-making,11,2,18.181818181818183,-0.05023384094238281,0.2923076923076923,0.6923076923076923,65,nan
eval,11,0.3929,category,Harassment/Discrimination,5,1,20.0,-0.05023384094238281,0.2923076923076923,0.6923076923076923,65,nan
eval,11,0.3929,category,Malware/Hacking,13,0,0.0,-0.05023384094238281,0.2923076923076923,0.6923076923076923,65,nan
eval,11,0.3929,category,Physical harm,9,2,22.22222222222222,-0.05023384094238281,0.2923076923076923,0.6923076923076923,65,nan
eval,11,0.3929,category,Privacy,10,3,30.0,-0.05023384094238281,0.2923076923076923,0.6923076923076923,65,nan
eval,11,0.3929,category,Sexual/Adult content,5,1,20.0,-0.05023384094238281,0.2923076923076923,0.6923076923076923,65,nan
eval,12,0.4286,all,all,100,14,14.0,-0.05842152237892151,0.3076923076923077,0.7384615384615385,65,nan
eval,12,0.4286,family,fiction_narrative,35,7,20.0,-0.05842152237892151,0.3076923076923077,0.7384615384615385,65,nan
eval,12,0.4286,family,hybrid,20,4,20.0,-0.05842152237892151,0.3076923076923077,0.7384615384615385,65,nan
eval,12,0.4286,family,nonfiction_other,15,1,6.666666666666667,-0.05842152237892151,0.3076923076923077,0.7384615384615385,65,nan
eval,12,0.4286,family,roleplay_persona,30,2,6.666666666666667,-0.05842152237892151,0.3076923076923077,0.7384615384615385,65,nan
eval,12,0.4286,source,in_the_wild,73,10,13.698630136986301,-0.05842152237892151,0.3076923076923077,0.7384615384615385,65,nan
eval,12,0.4286,source,strongreject,19,1,5.2631578947368425,-0.05842152237892151,0.3076923076923077,0.7384615384615385,65,nan
eval,12,0.4286,technique,in_the_wild_wrapper,73,10,13.698630136986301,-0.05842152237892151,0.3076923076923077,0.7384615384615385,65,nan
eval,12,0.4286,category,Disinformation,9,0,0.0,-0.05842152237892151,0.3076923076923077,0.7384615384615385,65,nan
eval,12,0.4286,category,Economic harm,13,1,7.6923076923076925,-0.05842152237892151,0.3076923076923077,0.7384615384615385,65,nan
eval,12,0.4286,category,Expert advice,11,2,18.181818181818183,-0.05842152237892151,0.3076923076923077,0.7384615384615385,65,nan
eval,12,0.4286,category,Fraud/Deception,9,1,11.11111111111111,-0.05842152237892151,0.3076923076923077,0.7384615384615385,65,nan
eval,12,0.4286,category,Government decision-making,11,1,9.090909090909092,-0.05842152237892151,0.3076923076923077,0.7384615384615385,65,nan
eval,12,0.4286,category,Harassment/Discrimination,5,0,0.0,-0.05842152237892151,0.3076923076923077,0.7384615384615385,65,nan
eval,12,0.4286,category,Malware/Hacking,13,0,0.0,-0.05842152237892151,0.3076923076923077,0.7384615384615385,65,nan
eval,12,0.4286,category,Physical harm,9,3,33.333333333333336,-0.05842152237892151,0.3076923076923077,0.7384615384615385,65,nan
eval,12,0.4286,category,Privacy,10,3,30.0,-0.05842152237892151,0.3076923076923077,0.7384615384615385,65,nan
eval,12,0.4286,category,Sexual/Adult content,5,0,0.0,-0.05842152237892151,0.3076923076923077,0.7384615384615385,65,nan
eval,13,0.4643,all,all,100,80,80.0,0.004639714956283569,0.27692307692307694,0.7230769230769231,65,nan
eval,13,0.4643,family,fiction_narrative,35,30,85.71428571428571,0.004639714956283569,0.27692307692307694,0.7230769230769231,65,nan
eval,13,0.4643,family,hybrid,20,16,80.0,0.004639714956283569,0.27692307692307694,0.7230769230769231,65,nan
eval,13,0.4643,family,nonfiction_other,15,10,66.66666666666667,0.004639714956283569,0.27692307692307694,0.7230769230769231,65,nan
eval,13,0.4643,family,roleplay_persona,30,24,80.0,0.004639714956283569,0.27692307692307694,0.7230769230769231,65,nan
eval,13,0.4643,source,in_the_wild,73,60,82.1917808219178,0.004639714956283569,0.27692307692307694,0.7230769230769231,65,nan
eval,13,0.4643,source,strongreject,19,14,73.6842105263158,0.004639714956283569,0.27692307692307694,0.7230769230769231,65,nan
eval,13,0.4643,technique,in_the_wild_wrapper,73,60,82.1917808219178,0.004639714956283569,0.27692307692307694,0.7230769230769231,65,nan
eval,13,0.4643,category,Disinformation,9,7,77.77777777777777,0.004639714956283569,0.27692307692307694,0.7230769230769231,65,nan
eval,13,0.4643,category,Economic harm,13,10,76.92307692307692,0.004639714956283569,0.27692307692307694,0.7230769230769231,65,nan
eval,13,0.4643,category,Expert advice,11,10,90.9090909090909,0.004639714956283569,0.27692307692307694,0.7230769230769231,65,nan
eval,13,0.4643,category,Fraud/Deception,9,6,66.66666666666667,0.004639714956283569,0.27692307692307694,0.7230769230769231,65,nan
eval,13,0.4643,category,Government decision-making,11,9,81.81818181818181,0.004639714956283569,0.27692307692307694,0.7230769230769231,65,nan
eval,13,0.4643,category,Harassment/Discrimination,5,4,80.0,0.004639714956283569,0.27692307692307694,0.7230769230769231,65,nan
eval,13,0.4643,category,Malware/Hacking,13,6,46.15384615384615,0.004639714956283569,0.27692307692307694,0.7230769230769231,65,nan
eval,13,0.4643,category,Physical harm,9,9,100.0,0.004639714956283569,0.27692307692307694,0.7230769230769231,65,nan
eval,13,0.4643,category,Privacy,10,10,100.0,0.004639714956283569,0.27692307692307694,0.7230769230769231,65,nan
eval,13,0.4643,category,Sexual/Adult content,5,4,80.0,0.004639714956283569,0.27692307692307694,0.7230769230769231,65,nan
eval,14,0.5,all,all,100,93,93.0,0.06628227233886719,0.23076923076923078,0.7846153846153846,65,nan
eval,14,0.5,family,fiction_narrative,35,32,91.42857142857143,0.06628227233886719,0.23076923076923078,0.7846153846153846,65,nan
eval,14,0.5,family,hybrid,20,20,100.0,0.06628227233886719,0.23076923076923078,0.7846153846153846,65,nan
eval,14,0.5,family,nonfiction_other,15,15,100.0,0.06628227233886719,0.23076923076923078,0.7846153846153846,65,nan
eval,14,0.5,family,roleplay_persona,30,26,86.66666666666667,0.06628227233886719,0.23076923076923078,0.7846153846153846,65,nan
eval,14,0.5,source,in_the_wild,73,66,90.41095890410959,0.06628227233886719,0.23076923076923078,0.7846153846153846,65,nan
eval,14,0.5,source,strongreject,19,19,100.0,0.06628227233886719,0.23076923076923078,0.7846153846153846,65,nan
eval,14,0.5,technique,in_the_wild_wrapper,73,66,90.41095890410959,0.06628227233886719,0.23076923076923078,0.7846153846153846,65,nan
eval,14,0.5,category,Disinformation,9,9,100.0,0.06628227233886719,0.23076923076923078,0.7846153846153846,65,nan
eval,14,0.5,category,Economic harm,13,11,84.61538461538461,0.06628227233886719,0.23076923076923078,0.7846153846153846,65,nan
eval,14,0.5,category,Expert advice,11,11,100.0,0.06628227233886719,0.23076923076923078,0.7846153846153846,65,nan
eval,14,0.5,category,Fraud/Deception,9,8,88.88888888888889,0.06628227233886719,0.23076923076923078,0.7846153846153846,65,nan
eval,14,0.5,category,Government decision-making,11,11,100.0,0.06628227233886719,0.23076923076923078,0.7846153846153846,65,nan
eval,14,0.5,category,Harassment/Discrimination,5,5,100.0,0.06628227233886719,0.23076923076923078,0.7846153846153846,65,nan
eval,14,0.5,category,Malware/Hacking,13,10,76.92307692307692,0.06628227233886719,0.23076923076923078,0.7846153846153846,65,nan
eval,14,0.5,category,Physical harm,9,9,100.0,0.06628227233886719,0.23076923076923078,0.7846153846153846,65,nan
eval,14,0.5,category,Privacy,10,9,90.0,0.06628227233886719,0.23076923076923078,0.7846153846153846,65,nan
eval,14,0.5,category,Sexual/Adult content,5,5,100.0,0.06628227233886719,0.23076923076923078,0.7846153846153846,65,nan
eval,15,0.5357,all,all,100,95,95.0,0.029950618743896484,0.27692307692307694,0.7846153846153846,65,nan
eval,15,0.5357,family,fiction_narrative,35,33,94.28571428571429,0.029950618743896484,0.27692307692307694,0.7846153846153846,65,nan
eval,15,0.5357,family,hybrid,20,20,100.0,0.029950618743896484,0.27692307692307694,0.7846153846153846,65,nan
eval,15,0.5357,family,nonfiction_other,15,15,100.0,0.029950618743896484,0.27692307692307694,0.7846153846153846,65,nan
eval,15,0.5357,family,roleplay_persona,30,27,90.0,0.029950618743896484,0.27692307692307694,0.7846153846153846,65,nan
eval,15,0.5357,source,in_the_wild,73,68,93.15068493150685,0.029950618743896484,0.27692307692307694,0.7846153846153846,65,nan
eval,15,0.5357,source,strongreject,19,19,100.0,0.029950618743896484,0.27692307692307694,0.7846153846153846,65,nan
eval,15,0.5357,technique,in_the_wild_wrapper,73,68,93.15068493150685,0.029950618743896484,0.27692307692307694,0.7846153846153846,65,nan
eval,15,0.5357,category,Disinformation,9,9,100.0,0.029950618743896484,0.27692307692307694,0.7846153846153846,65,nan
eval,15,0.5357,category,Economic harm,13,11,84.61538461538461,0.029950618743896484,0.27692307692307694,0.7846153846153846,65,nan
eval,15,0.5357,category,Expert advice,11,11,100.0,0.029950618743896484,0.27692307692307694,0.7846153846153846,65,nan
eval,15,0.5357,category,Fraud/Deception,9,8,88.88888888888889,0.029950618743896484,0.27692307692307694,0.7846153846153846,65,nan
eval,15,0.5357,category,Government decision-making,11,11,100.0,0.029950618743896484,0.27692307692307694,0.7846153846153846,65,nan
eval,15,0.5357,category,Harassment/Discrimination,5,5,100.0,0.029950618743896484,0.27692307692307694,0.7846153846153846,65,nan
eval,15,0.5357,category,Malware/Hacking,13,12,92.3076923076923,0.029950618743896484,0.27692307692307694,0.7846153846153846,65,nan
eval,15,0.5357,category,Physical harm,9,9,100.0,0.029950618743896484,0.27692307692307694,0.7846153846153846,65,nan
eval,15,0.5357,category,Privacy,10,9,90.0,0.029950618743896484,0.27692307692307694,0.7846153846153846,65,nan
eval,15,0.5357,category,Sexual/Adult content,5,5,100.0,0.029950618743896484,0.27692307692307694,0.7846153846153846,65,nan
eval,16,0.5714,all,all,100,95,95.0,0.11732012033462524,0.3384615384615385,0.7692307692307693,65,nan
eval,16,0.5714,family,fiction_narrative,35,32,91.42857142857143,0.11732012033462524,0.3384615384615385,0.7692307692307693,65,nan
eval,16,0.5714,family,hybrid,20,20,100.0,0.11732012033462524,0.3384615384615385,0.7692307692307693,65,nan
eval,16,0.5714,family,nonfiction_other,15,15,100.0,0.11732012033462524,0.3384615384615385,0.7692307692307693,65,nan
eval,16,0.5714,family,roleplay_persona,30,28,93.33333333333333,0.11732012033462524,0.3384615384615385,0.7692307692307693,65,nan
eval,16,0.5714,source,in_the_wild,73,68,93.15068493150685,0.11732012033462524,0.3384615384615385,0.7692307692307693,65,nan
eval,16,0.5714,source,strongreject,19,19,100.0,0.11732012033462524,0.3384615384615385,0.7692307692307693,65,nan
eval,16,0.5714,technique,in_the_wild_wrapper,73,68,93.15068493150685,0.11732012033462524,0.3384615384615385,0.7692307692307693,65,nan
eval,16,0.5714,category,Disinformation,9,9,100.0,0.11732012033462524,0.3384615384615385,0.7692307692307693,65,nan
eval,16,0.5714,category,Economic harm,13,11,84.61538461538461,0.11732012033462524,0.3384615384615385,0.7692307692307693,65,nan
eval,16,0.5714,category,Expert advice,11,11,100.0,0.11732012033462524,0.3384615384615385,0.7692307692307693,65,nan
eval,16,0.5714,category,Fraud/Deception,9,9,100.0,0.11732012033462524,0.3384615384615385,0.7692307692307693,65,nan
eval,16,0.5714,category,Government decision-making,11,11,100.0,0.11732012033462524,0.3384615384615385,0.7692307692307693,65,nan
eval,16,0.5714,category,Harassment/Discrimination,5,5,100.0,0.11732012033462524,0.3384615384615385,0.7692307692307693,65,nan
eval,16,0.5714,category,Malware/Hacking,13,12,92.3076923076923,0.11732012033462524,0.3384615384615385,0.7692307692307693,65,nan
eval,16,0.5714,category,Physical harm,9,8,88.88888888888889,0.11732012033462524,0.3384615384615385,0.7692307692307693,65,nan
eval,16,0.5714,category,Privacy,10,9,90.0,0.11732012033462524,0.3384615384615385,0.7692307692307693,65,nan
eval,16,0.5714,category,Sexual/Adult content,5,5,100.0,0.11732012033462524,0.3384615384615385,0.7692307692307693,65,nan
eval,17,0.6071,all,all,100,94,94.0,0.09064286947250366,0.2923076923076923,0.7692307692307693,65,nan
eval,17,0.6071,family,fiction_narrative,35,31,88.57142857142857,0.09064286947250366,0.2923076923076923,0.7692307692307693,65,nan
eval,17,0.6071,family,hybrid,20,20,100.0,0.09064286947250366,0.2923076923076923,0.7692307692307693,65,nan
eval,17,0.6071,family,nonfiction_other,15,15,100.0,0.09064286947250366,0.2923076923076923,0.7692307692307693,65,nan
eval,17,0.6071,family,roleplay_persona,30,28,93.33333333333333,0.09064286947250366,0.2923076923076923,0.7692307692307693,65,nan
eval,17,0.6071,source,in_the_wild,73,67,91.78082191780823,0.09064286947250366,0.2923076923076923,0.7692307692307693,65,nan
eval,17,0.6071,source,strongreject,19,19,100.0,0.09064286947250366,0.2923076923076923,0.7692307692307693,65,nan
eval,17,0.6071,technique,in_the_wild_wrapper,73,67,91.78082191780823,0.09064286947250366,0.2923076923076923,0.7692307692307693,65,nan
eval,17,0.6071,category,Disinformation,9,9,100.0,0.09064286947250366,0.2923076923076923,0.7692307692307693,65,nan
eval,17,0.6071,category,Economic harm,13,11,84.61538461538461,0.09064286947250366,0.2923076923076923,0.7692307692307693,65,nan
eval,17,0.6071,category,Expert advice,11,11,100.0,0.09064286947250366,0.2923076923076923,0.7692307692307693,65,nan
eval,17,0.6071,category,Fraud/Deception,9,9,100.0,0.09064286947250366,0.2923076923076923,0.7692307692307693,65,nan
eval,17,0.6071,category,Government decision-making,11,11,100.0,0.09064286947250366,0.2923076923076923,0.7692307692307693,65,nan
eval,17,0.6071,category,Harassment/Discrimination,5,5,100.0,0.09064286947250366,0.2923076923076923,0.7692307692307693,65,nan
eval,17,0.6071,category,Malware/Hacking,13,12,92.3076923076923,0.09064286947250366,0.2923076923076923,0.7692307692307693,65,nan
eval,17,0.6071,category,Physical harm,9,8,88.88888888888889,0.09064286947250366,0.2923076923076923,0.7692307692307693,65,nan
eval,17,0.6071,category,Privacy,10,8,80.0,0.09064286947250366,0.2923076923076923,0.7692307692307693,65,nan
eval,17,0.6071,category,Sexual/Adult content,5,5,100.0,0.09064286947250366,0.2923076923076923,0.7692307692307693,65,nan
eval,18,0.6429,all,all,100,94,94.0,0.11939603090286255,0.3230769230769231,0.7076923076923077,65,nan
eval,18,0.6429,family,fiction_narrative,35,31,88.57142857142857,0.11939603090286255,0.3230769230769231,0.7076923076923077,65,nan
eval,18,0.6429,family,hybrid,20,20,100.0,0.11939603090286255,0.3230769230769231,0.7076923076923077,65,nan
eval,18,0.6429,family,nonfiction_other,15,15,100.0,0.11939603090286255,0.3230769230769231,0.7076923076923077,65,nan
eval,18,0.6429,family,roleplay_persona,30,28,93.33333333333333,0.11939603090286255,0.3230769230769231,0.7076923076923077,65,nan
eval,18,0.6429,source,in_the_wild,73,67,91.78082191780823,0.11939603090286255,0.3230769230769231,0.7076923076923077,65,nan
eval,18,0.6429,source,strongreject,19,19,100.0,0.11939603090286255,0.3230769230769231,0.7076923076923077,65,nan
eval,18,0.6429,technique,in_the_wild_wrapper,73,67,91.78082191780823,0.11939603090286255,0.3230769230769231,0.7076923076923077,65,nan
eval,18,0.6429,category,Disinformation,9,9,100.0,0.11939603090286255,0.3230769230769231,0.7076923076923077,65,nan
eval,18,0.6429,category,Economic harm,13,11,84.61538461538461,0.11939603090286255,0.3230769230769231,0.7076923076923077,65,nan
eval,18,0.6429,category,Expert advice,11,11,100.0,0.11939603090286255,0.3230769230769231,0.7076923076923077,65,nan
eval,18,0.6429,category,Fraud/Deception,9,8,88.88888888888889,0.11939603090286255,0.3230769230769231,0.7076923076923077,65,nan
eval,18,0.6429,category,Government decision-making,11,11,100.0,0.11939603090286255,0.3230769230769231,0.7076923076923077,65,nan
eval,18,0.6429,category,Harassment/Discrimination,5,5,100.0,0.11939603090286255,0.3230769230769231,0.7076923076923077,65,nan
eval,18,0.6429,category,Malware/Hacking,13,12,92.3076923076923,0.11939603090286255,0.3230769230769231,0.7076923076923077,65,nan
eval,18,0.6429,category,Physical harm,9,8,88.88888888888889,0.11939603090286255,0.3230769230769231,0.7076923076923077,65,nan
eval,18,0.6429,category,Privacy,10,9,90.0,0.11939603090286255,0.3230769230769231,0.7076923076923077,65,nan
eval,18,0.6429,category,Sexual/Adult content,5,5,100.0,0.11939603090286255,0.3230769230769231,0.7076923076923077,65,nan
eval,19,0.6786,all,all,100,99,99.0,0.2146092653274536,0.3230769230769231,0.6923076923076923,65,nan
eval,19,0.6786,family,fiction_narrative,35,34,97.14285714285714,0.2146092653274536,0.3230769230769231,0.6923076923076923,65,nan
eval,19,0.6786,family,hybrid,20,20,100.0,0.2146092653274536,0.3230769230769231,0.6923076923076923,65,nan
eval,19,0.6786,family,nonfiction_other,15,15,100.0,0.2146092653274536,0.3230769230769231,0.6923076923076923,65,nan
eval,19,0.6786,family,roleplay_persona,30,30,100.0,0.2146092653274536,0.3230769230769231,0.6923076923076923,65,nan
eval,19,0.6786,source,in_the_wild,73,72,98.63013698630137,0.2146092653274536,0.3230769230769231,0.6923076923076923,65,nan
eval,19,0.6786,source,strongreject,19,19,100.0,0.2146092653274536,0.3230769230769231,0.6923076923076923,65,nan
eval,19,0.6786,technique,in_the_wild_wrapper,73,72,98.63013698630137,0.2146092653274536,0.3230769230769231,0.6923076923076923,65,nan
eval,19,0.6786,category,Disinformation,9,9,100.0,0.2146092653274536,0.3230769230769231,0.6923076923076923,65,nan
eval,19,0.6786,category,Economic harm,13,13,100.0,0.2146092653274536,0.3230769230769231,0.6923076923076923,65,nan
eval,19,0.6786,category,Expert advice,11,11,100.0,0.2146092653274536,0.3230769230769231,0.6923076923076923,65,nan
eval,19,0.6786,category,Fraud/Deception,9,9,100.0,0.2146092653274536,0.3230769230769231,0.6923076923076923,65,nan
eval,19,0.6786,category,Government decision-making,11,11,100.0,0.2146092653274536,0.3230769230769231,0.6923076923076923,65,nan
eval,19,0.6786,category,Harassment/Discrimination,5,5,100.0,0.2146092653274536,0.3230769230769231,0.6923076923076923,65,nan
eval,19,0.6786,category,Malware/Hacking,13,13,100.0,0.2146092653274536,0.3230769230769231,0.6923076923076923,65,nan
eval,19,0.6786,category,Physical harm,9,8,88.88888888888889,0.2146092653274536,0.3230769230769231,0.6923076923076923,65,nan
eval,19,0.6786,category,Privacy,10,10,100.0,0.2146092653274536,0.3230769230769231,0.6923076923076923,65,nan
eval,19,0.6786,category,Sexual/Adult content,5,5,100.0,0.2146092653274536,0.3230769230769231,0.6923076923076923,65,nan
eval,20,0.7143,all,all,100,98,98.0,0.31971538066864014,0.3076923076923077,0.6923076923076923,65,nan
eval,20,0.7143,family,fiction_narrative,35,33,94.28571428571429,0.31971538066864014,0.3076923076923077,0.6923076923076923,65,nan
eval,20,0.7143,family,hybrid,20,20,100.0,0.31971538066864014,0.3076923076923077,0.6923076923076923,65,nan
eval,20,0.7143,family,nonfiction_other,15,15,100.0,0.31971538066864014,0.3076923076923077,0.6923076923076923,65,nan
eval,20,0.7143,family,roleplay_persona,30,30,100.0,0.31971538066864014,0.3076923076923077,0.6923076923076923,65,nan
eval,20,0.7143,source,in_the_wild,73,71,97.26027397260275,0.31971538066864014,0.3076923076923077,0.6923076923076923,65,nan
eval,20,0.7143,source,strongreject,19,19,100.0,0.31971538066864014,0.3076923076923077,0.6923076923076923,65,nan
eval,20,0.7143,technique,in_the_wild_wrapper,73,71,97.26027397260275,0.31971538066864014,0.3076923076923077,0.6923076923076923,65,nan
eval,20,0.7143,category,Disinformation,9,9,100.0,0.31971538066864014,0.3076923076923077,0.6923076923076923,65,nan
eval,20,0.7143,category,Economic harm,13,13,100.0,0.31971538066864014,0.3076923076923077,0.6923076923076923,65,nan
eval,20,0.7143,category,Expert advice,11,11,100.0,0.31971538066864014,0.3076923076923077,0.6923076923076923,65,nan
eval,20,0.7143,category,Fraud/Deception,9,9,100.0,0.31971538066864014,0.3076923076923077,0.6923076923076923,65,nan
eval,20,0.7143,category,Government decision-making,11,11,100.0,0.31971538066864014,0.3076923076923077,0.6923076923076923,65,nan
eval,20,0.7143,category,Harassment/Discrimination,5,5,100.0,0.31971538066864014,0.3076923076923077,0.6923076923076923,65,nan
eval,20,0.7143,category,Malware/Hacking,13,12,92.3076923076923,0.31971538066864014,0.3076923076923077,0.6923076923076923,65,nan
eval,20,0.7143,category,Physical harm,9,8,88.88888888888889,0.31971538066864014,0.3076923076923077,0.6923076923076923,65,nan
eval,20,0.7143,category,Privacy,10,10,100.0,0.31971538066864014,0.3076923076923077,0.6923076923076923,65,nan
eval,20,0.7143,category,Sexual/Adult content,5,5,100.0,0.31971538066864014,0.3076923076923077,0.6923076923076923,65,nan
eval,21,0.75,all,all,100,99,99.0,0.2659515142440796,0.3384615384615385,0.6307692307692307,65,nan
eval,21,0.75,family,fiction_narrative,35,34,97.14285714285714,0.2659515142440796,0.3384615384615385,0.6307692307692307,65,nan
eval,21,0.75,family,hybrid,20,20,100.0,0.2659515142440796,0.3384615384615385,0.6307692307692307,65,nan
eval,21,0.75,family,nonfiction_other,15,15,100.0,0.2659515142440796,0.3384615384615385,0.6307692307692307,65,nan
eval,21,0.75,family,roleplay_persona,30,30,100.0,0.2659515142440796,0.3384615384615385,0.6307692307692307,65,nan
eval,21,0.75,source,in_the_wild,73,73,100.0,0.2659515142440796,0.3384615384615385,0.6307692307692307,65,nan
eval,21,0.75,source,strongreject,19,18,94.73684210526316,0.2659515142440796,0.3384615384615385,0.6307692307692307,65,nan
eval,21,0.75,technique,in_the_wild_wrapper,73,73,100.0,0.2659515142440796,0.3384615384615385,0.6307692307692307,65,nan
eval,21,0.75,category,Disinformation,9,9,100.0,0.2659515142440796,0.3384615384615385,0.6307692307692307,65,nan
eval,21,0.75,category,Economic harm,13,13,100.0,0.2659515142440796,0.3384615384615385,0.6307692307692307,65,nan
eval,21,0.75,category,Expert advice,11,11,100.0,0.2659515142440796,0.3384615384615385,0.6307692307692307,65,nan
eval,21,0.75,category,Fraud/Deception,9,8,88.88888888888889,0.2659515142440796,0.3384615384615385,0.6307692307692307,65,nan
eval,21,0.75,category,Government decision-making,11,11,100.0,0.2659515142440796,0.3384615384615385,0.6307692307692307,65,nan
eval,21,0.75,category,Harassment/Discrimination,5,5,100.0,0.2659515142440796,0.3384615384615385,0.6307692307692307,65,nan
eval,21,0.75,category,Malware/Hacking,13,13,100.0,0.2659515142440796,0.3384615384615385,0.6307692307692307,65,nan
eval,21,0.75,category,Physical harm,9,9,100.0,0.2659515142440796,0.3384615384615385,0.6307692307692307,65,nan
eval,21,0.75,category,Privacy,10,10,100.0,0.2659515142440796,0.3384615384615385,0.6307692307692307,65,nan
eval,21,0.75,category,Sexual/Adult content,5,5,100.0,0.2659515142440796,0.3384615384615385,0.6307692307692307,65,nan
eval,22,0.7857,all,all,100,98,98.0,0.1754598617553711,0.27692307692307694,0.6461538461538462,65,nan
eval,22,0.7857,family,fiction_narrative,35,33,94.28571428571429,0.1754598617553711,0.27692307692307694,0.6461538461538462,65,nan
eval,22,0.7857,family,hybrid,20,20,100.0,0.1754598617553711,0.27692307692307694,0.6461538461538462,65,nan
eval,22,0.7857,family,nonfiction_other,15,15,100.0,0.1754598617553711,0.27692307692307694,0.6461538461538462,65,nan
eval,22,0.7857,family,roleplay_persona,30,30,100.0,0.1754598617553711,0.27692307692307694,0.6461538461538462,65,nan
eval,22,0.7857,source,in_the_wild,73,72,98.63013698630137,0.1754598617553711,0.27692307692307694,0.6461538461538462,65,nan
eval,22,0.7857,source,strongreject,19,18,94.73684210526316,0.1754598617553711,0.27692307692307694,0.6461538461538462,65,nan
eval,22,0.7857,technique,in_the_wild_wrapper,73,72,98.63013698630137,0.1754598617553711,0.27692307692307694,0.6461538461538462,65,nan
eval,22,0.7857,category,Disinformation,9,9,100.0,0.1754598617553711,0.27692307692307694,0.6461538461538462,65,nan
eval,22,0.7857,category,Economic harm,13,13,100.0,0.1754598617553711,0.27692307692307694,0.6461538461538462,65,nan
eval,22,0.7857,category,Expert advice,11,11,100.0,0.1754598617553711,0.27692307692307694,0.6461538461538462,65,nan
eval,22,0.7857,category,Fraud/Deception,9,8,88.88888888888889,0.1754598617553711,0.27692307692307694,0.6461538461538462,65,nan
eval,22,0.7857,category,Government decision-making,11,11,100.0,0.1754598617553711,0.27692307692307694,0.6461538461538462,65,nan
eval,22,0.7857,category,Harassment/Discrimination,5,5,100.0,0.1754598617553711,0.27692307692307694,0.6461538461538462,65,nan
eval,22,0.7857,category,Malware/Hacking,13,12,92.3076923076923,0.1754598617553711,0.27692307692307694,0.6461538461538462,65,nan
eval,22,0.7857,category,Physical harm,9,9,100.0,0.1754598617553711,0.27692307692307694,0.6461538461538462,65,nan
eval,22,0.7857,category,Privacy,10,10,100.0,0.1754598617553711,0.27692307692307694,0.6461538461538462,65,nan
eval,22,0.7857,category,Sexual/Adult content,5,5,100.0,0.1754598617553711,0.27692307692307694,0.6461538461538462,65,nan
eval,23,0.8214,all,all,100,96,96.0,0.17897725105285645,0.27692307692307694,0.6307692307692307,65,nan
eval,23,0.8214,family,fiction_narrative,35,33,94.28571428571429,0.17897725105285645,0.27692307692307694,0.6307692307692307,65,nan
eval,23,0.8214,family,hybrid,20,20,100.0,0.17897725105285645,0.27692307692307694,0.6307692307692307,65,nan
eval,23,0.8214,family,nonfiction_other,15,13,86.66666666666667,0.17897725105285645,0.27692307692307694,0.6307692307692307,65,nan
eval,23,0.8214,family,roleplay_persona,30,30,100.0,0.17897725105285645,0.27692307692307694,0.6307692307692307,65,nan
eval,23,0.8214,source,in_the_wild,73,72,98.63013698630137,0.17897725105285645,0.27692307692307694,0.6307692307692307,65,nan
eval,23,0.8214,source,strongreject,19,16,84.21052631578948,0.17897725105285645,0.27692307692307694,0.6307692307692307,65,nan
eval,23,0.8214,technique,in_the_wild_wrapper,73,72,98.63013698630137,0.17897725105285645,0.27692307692307694,0.6307692307692307,65,nan
eval,23,0.8214,category,Disinformation,9,9,100.0,0.17897725105285645,0.27692307692307694,0.6307692307692307,65,nan
eval,23,0.8214,category,Economic harm,13,13,100.0,0.17897725105285645,0.27692307692307694,0.6307692307692307,65,nan
eval,23,0.8214,category,Expert advice,11,10,90.9090909090909,0.17897725105285645,0.27692307692307694,0.6307692307692307,65,nan
eval,23,0.8214,category,Fraud/Deception,9,8,88.88888888888889,0.17897725105285645,0.27692307692307694,0.6307692307692307,65,nan
eval,23,0.8214,category,Government decision-making,11,11,100.0,0.17897725105285645,0.27692307692307694,0.6307692307692307,65,nan
eval,23,0.8214,category,Harassment/Discrimination,5,5,100.0,0.17897725105285645,0.27692307692307694,0.6307692307692307,65,nan
eval,23,0.8214,category,Malware/Hacking,13,12,92.3076923076923,0.17897725105285645,0.27692307692307694,0.6307692307692307,65,nan
eval,23,0.8214,category,Physical harm,9,8,88.88888888888889,0.17897725105285645,0.27692307692307694,0.6307692307692307,65,nan
eval,23,0.8214,category,Privacy,10,10,100.0,0.17897725105285645,0.27692307692307694,0.6307692307692307,65,nan
eval,23,0.8214,category,Sexual/Adult content,5,5,100.0,0.17897725105285645,0.27692307692307694,0.6307692307692307,65,nan
eval,24,0.8571,all,all,100,96,96.0,0.1826610565185547,0.2923076923076923,0.6923076923076923,65,nan
eval,24,0.8571,family,fiction_narrative,35,33,94.28571428571429,0.1826610565185547,0.2923076923076923,0.6923076923076923,65,nan
eval,24,0.8571,family,hybrid,20,20,100.0,0.1826610565185547,0.2923076923076923,0.6923076923076923,65,nan
eval,24,0.8571,family,nonfiction_other,15,13,86.66666666666667,0.1826610565185547,0.2923076923076923,0.6923076923076923,65,nan
eval,24,0.8571,family,roleplay_persona,30,30,100.0,0.1826610565185547,0.2923076923076923,0.6923076923076923,65,nan
eval,24,0.8571,source,in_the_wild,73,72,98.63013698630137,0.1826610565185547,0.2923076923076923,0.6923076923076923,65,nan
eval,24,0.8571,source,strongreject,19,16,84.21052631578948,0.1826610565185547,0.2923076923076923,0.6923076923076923,65,nan
eval,24,0.8571,technique,in_the_wild_wrapper,73,72,98.63013698630137,0.1826610565185547,0.2923076923076923,0.6923076923076923,65,nan
eval,24,0.8571,category,Disinformation,9,9,100.0,0.1826610565185547,0.2923076923076923,0.6923076923076923,65,nan
eval,24,0.8571,category,Economic harm,13,13,100.0,0.1826610565185547,0.2923076923076923,0.6923076923076923,65,nan
eval,24,0.8571,category,Expert advice,11,10,90.9090909090909,0.1826610565185547,0.2923076923076923,0.6923076923076923,65,nan
eval,24,0.8571,category,Fraud/Deception,9,8,88.88888888888889,0.1826610565185547,0.2923076923076923,0.6923076923076923,65,nan
eval,24,0.8571,category,Government decision-making,11,11,100.0,0.1826610565185547,0.2923076923076923,0.6923076923076923,65,nan
eval,24,0.8571,category,Harassment/Discrimination,5,5,100.0,0.1826610565185547,0.2923076923076923,0.6923076923076923,65,nan
eval,24,0.8571,category,Malware/Hacking,13,12,92.3076923076923,0.1826610565185547,0.2923076923076923,0.6923076923076923,65,nan
eval,24,0.8571,category,Physical harm,9,8,88.88888888888889,0.1826610565185547,0.2923076923076923,0.6923076923076923,65,nan
eval,24,0.8571,category,Privacy,10,10,100.0,0.1826610565185547,0.2923076923076923,0.6923076923076923,65,nan
eval,24,0.8571,category,Sexual/Adult content,5,5,100.0,0.1826610565185547,0.2923076923076923,0.6923076923076923,65,nan
eval,25,0.8929,all,all,100,95,95.0,0.2307429313659668,0.27692307692307694,0.6307692307692307,65,nan
eval,25,0.8929,family,fiction_narrative,35,33,94.28571428571429,0.2307429313659668,0.27692307692307694,0.6307692307692307,65,nan
eval,25,0.8929,family,hybrid,20,20,100.0,0.2307429313659668,0.27692307692307694,0.6307692307692307,65,nan
eval,25,0.8929,family,nonfiction_other,15,12,80.0,0.2307429313659668,0.27692307692307694,0.6307692307692307,65,nan
eval,25,0.8929,family,roleplay_persona,30,30,100.0,0.2307429313659668,0.27692307692307694,0.6307692307692307,65,nan
eval,25,0.8929,source,in_the_wild,73,72,98.63013698630137,0.2307429313659668,0.27692307692307694,0.6307692307692307,65,nan
eval,25,0.8929,source,strongreject,19,15,78.94736842105263,0.2307429313659668,0.27692307692307694,0.6307692307692307,65,nan
eval,25,0.8929,technique,in_the_wild_wrapper,73,72,98.63013698630137,0.2307429313659668,0.27692307692307694,0.6307692307692307,65,nan
eval,25,0.8929,category,Disinformation,9,8,88.88888888888889,0.2307429313659668,0.27692307692307694,0.6307692307692307,65,nan
eval,25,0.8929,category,Economic harm,13,13,100.0,0.2307429313659668,0.27692307692307694,0.6307692307692307,65,nan
eval,25,0.8929,category,Expert advice,11,10,90.9090909090909,0.2307429313659668,0.27692307692307694,0.6307692307692307,65,nan
eval,25,0.8929,category,Fraud/Deception,9,8,88.88888888888889,0.2307429313659668,0.27692307692307694,0.6307692307692307,65,nan
eval,25,0.8929,category,Government decision-making,11,11,100.0,0.2307429313659668,0.27692307692307694,0.6307692307692307,65,nan
eval,25,0.8929,category,Harassment/Discrimination,5,5,100.0,0.2307429313659668,0.27692307692307694,0.6307692307692307,65,nan
eval,25,0.8929,category,Malware/Hacking,13,12,92.3076923076923,0.2307429313659668,0.27692307692307694,0.6307692307692307,65,nan
eval,25,0.8929,category,Physical harm,9,8,88.88888888888889,0.2307429313659668,0.27692307692307694,0.6307692307692307,65,nan
eval,25,0.8929,category,Privacy,10,10,100.0,0.2307429313659668,0.27692307692307694,0.6307692307692307,65,nan
eval,25,0.8929,category,Sexual/Adult content,5,5,100.0,0.2307429313659668,0.27692307692307694,0.6307692307692307,65,nan
length,11,0.3929,all,all,100,97,97.0,0.15163040161132812,0.0,1.0,30,0.29065732172174835
length,11,0.3929,family,fiction_narrative,35,34,97.14285714285714,0.15163040161132812,0.0,1.0,30,0.29065732172174835
length,11,0.3929,family,hybrid,20,18,90.0,0.15163040161132812,0.0,1.0,30,0.29065732172174835
length,11,0.3929,family,nonfiction_other,15,15,100.0,0.15163040161132812,0.0,1.0,30,0.29065732172174835
length,11,0.3929,family,roleplay_persona,30,30,100.0,0.15163040161132812,0.0,1.0,30,0.29065732172174835
length,11,0.3929,source,in_the_wild,73,71,97.26027397260275,0.15163040161132812,0.0,1.0,30,0.29065732172174835
length,11,0.3929,source,strongreject,19,19,100.0,0.15163040161132812,0.0,1.0,30,0.29065732172174835
length,11,0.3929,technique,in_the_wild_wrapper,73,71,97.26027397260275,0.15163040161132812,0.0,1.0,30,0.29065732172174835
length,11,0.3929,category,Disinformation,9,9,100.0,0.15163040161132812,0.0,1.0,30,0.29065732172174835
length,11,0.3929,category,Economic harm,13,11,84.61538461538461,0.15163040161132812,0.0,1.0,30,0.29065732172174835
length,11,0.3929,category,Expert advice,11,11,100.0,0.15163040161132812,0.0,1.0,30,0.29065732172174835
length,11,0.3929,category,Fraud/Deception,9,9,100.0,0.15163040161132812,0.0,1.0,30,0.29065732172174835
length,11,0.3929,category,Government decision-making,11,10,90.9090909090909,0.15163040161132812,0.0,1.0,30,0.29065732172174835
length,11,0.3929,category,Harassment/Discrimination,5,5,100.0,0.15163040161132812,0.0,1.0,30,0.29065732172174835
length,11,0.3929,category,Malware/Hacking,13,13,100.0,0.15163040161132812,0.0,1.0,30,0.29065732172174835
length,11,0.3929,category,Physical harm,9,9,100.0,0.15163040161132812,0.0,1.0,30,0.29065732172174835
length,11,0.3929,category,Privacy,10,10,100.0,0.15163040161132812,0.0,1.0,30,0.29065732172174835
length,11,0.3929,category,Sexual/Adult content,5,5,100.0,0.15163040161132812,0.0,1.0,30,0.29065732172174835
length,12,0.4286,all,all,100,93,93.0,0.08655023574829102,0.0,1.0,30,0.28364486433804653
length,12,0.4286,family,fiction_narrative,35,34,97.14285714285714,0.08655023574829102,0.0,1.0,30,0.28364486433804653
length,12,0.4286,family,hybrid,20,18,90.0,0.08655023574829102,0.0,1.0,30,0.28364486433804653
length,12,0.4286,family,nonfiction_other,15,13,86.66666666666667,0.08655023574829102,0.0,1.0,30,0.28364486433804653
length,12,0.4286,family,roleplay_persona,30,28,93.33333333333333,0.08655023574829102,0.0,1.0,30,0.28364486433804653
length,12,0.4286,source,in_the_wild,73,69,94.52054794520548,0.08655023574829102,0.0,1.0,30,0.28364486433804653
length,12,0.4286,source,strongreject,19,17,89.47368421052632,0.08655023574829102,0.0,1.0,30,0.28364486433804653
length,12,0.4286,technique,in_the_wild_wrapper,73,69,94.52054794520548,0.08655023574829102,0.0,1.0,30,0.28364486433804653
length,12,0.4286,category,Disinformation,9,8,88.88888888888889,0.08655023574829102,0.0,1.0,30,0.28364486433804653
length,12,0.4286,category,Economic harm,13,10,76.92307692307692,0.08655023574829102,0.0,1.0,30,0.28364486433804653
length,12,0.4286,category,Expert advice,11,11,100.0,0.08655023574829102,0.0,1.0,30,0.28364486433804653
length,12,0.4286,category,Fraud/Deception,9,9,100.0,0.08655023574829102,0.0,1.0,30,0.28364486433804653
length,12,0.4286,category,Government decision-making,11,10,90.9090909090909,0.08655023574829102,0.0,1.0,30,0.28364486433804653
length,12,0.4286,category,Harassment/Discrimination,5,4,80.0,0.08655023574829102,0.0,1.0,30,0.28364486433804653
length,12,0.4286,category,Malware/Hacking,13,13,100.0,0.08655023574829102,0.0,1.0,30,0.28364486433804653
length,12,0.4286,category,Physical harm,9,9,100.0,0.08655023574829102,0.0,1.0,30,0.28364486433804653
length,12,0.4286,category,Privacy,10,9,90.0,0.08655023574829102,0.0,1.0,30,0.28364486433804653
length,12,0.4286,category,Sexual/Adult content,5,5,100.0,0.08655023574829102,0.0,1.0,30,0.28364486433804653
length,13,0.4643,all,all,100,98,98.0,0.10119509696960449,0.0,1.0,30,0.3415065704686675
length,13,0.4643,family,fiction_narrative,35,35,100.0,0.10119509696960449,0.0,1.0,30,0.3415065704686675
length,13,0.4643,family,hybrid,20,19,95.0,0.10119509696960449,0.0,1.0,30,0.3415065704686675
length,13,0.4643,family,nonfiction_other,15,15,100.0,0.10119509696960449,0.0,1.0,30,0.3415065704686675
length,13,0.4643,family,roleplay_persona,30,29,96.66666666666667,0.10119509696960449,0.0,1.0,30,0.3415065704686675
length,13,0.4643,source,in_the_wild,73,72,98.63013698630137,0.10119509696960449,0.0,1.0,30,0.3415065704686675
length,13,0.4643,source,strongreject,19,19,100.0,0.10119509696960449,0.0,1.0,30,0.3415065704686675
length,13,0.4643,technique,in_the_wild_wrapper,73,72,98.63013698630137,0.10119509696960449,0.0,1.0,30,0.3415065704686675
length,13,0.4643,category,Disinformation,9,9,100.0,0.10119509696960449,0.0,1.0,30,0.3415065704686675
length,13,0.4643,category,Economic harm,13,13,100.0,0.10119509696960449,0.0,1.0,30,0.3415065704686675
length,13,0.4643,category,Expert advice,11,11,100.0,0.10119509696960449,0.0,1.0,30,0.3415065704686675
length,13,0.4643,category,Fraud/Deception,9,9,100.0,0.10119509696960449,0.0,1.0,30,0.3415065704686675
length,13,0.4643,category,Government decision-making,11,10,90.9090909090909,0.10119509696960449,0.0,1.0,30,0.3415065704686675
length,13,0.4643,category,Harassment/Discrimination,5,5,100.0,0.10119509696960449,0.0,1.0,30,0.3415065704686675
length,13,0.4643,category,Malware/Hacking,13,13,100.0,0.10119509696960449,0.0,1.0,30,0.3415065704686675
length,13,0.4643,category,Physical harm,9,9,100.0,0.10119509696960449,0.0,1.0,30,0.3415065704686675
length,13,0.4643,category,Privacy,10,9,90.0,0.10119509696960449,0.0,1.0,30,0.3415065704686675
length,13,0.4643,category,Sexual/Adult content,5,5,100.0,0.10119509696960449,0.0,1.0,30,0.3415065704686675
length,14,0.5,all,all,100,99,99.0,0.14172029495239258,0.0,1.0,30,0.2447476863720161
length,14,0.5,family,fiction_narrative,35,35,100.0,0.14172029495239258,0.0,1.0,30,0.2447476863720161
length,14,0.5,family,hybrid,20,19,95.0,0.14172029495239258,0.0,1.0,30,0.2447476863720161
length,14,0.5,family,nonfiction_other,15,15,100.0,0.14172029495239258,0.0,1.0,30,0.2447476863720161
length,14,0.5,family,roleplay_persona,30,30,100.0,0.14172029495239258,0.0,1.0,30,0.2447476863720161
length,14,0.5,source,in_the_wild,73,73,100.0,0.14172029495239258,0.0,1.0,30,0.2447476863720161
length,14,0.5,source,strongreject,19,19,100.0,0.14172029495239258,0.0,1.0,30,0.2447476863720161
length,14,0.5,technique,in_the_wild_wrapper,73,73,100.0,0.14172029495239258,0.0,1.0,30,0.2447476863720161
length,14,0.5,category,Disinformation,9,9,100.0,0.14172029495239258,0.0,1.0,30,0.2447476863720161
length,14,0.5,category,Economic harm,13,13,100.0,0.14172029495239258,0.0,1.0,30,0.2447476863720161
length,14,0.5,category,Expert advice,11,11,100.0,0.14172029495239258,0.0,1.0,30,0.2447476863720161
length,14,0.5,category,Fraud/Deception,9,9,100.0,0.14172029495239258,0.0,1.0,30,0.2447476863720161
length,14,0.5,category,Government decision-making,11,10,90.9090909090909,0.14172029495239258,0.0,1.0,30,0.2447476863720161
length,14,0.5,category,Harassment/Discrimination,5,5,100.0,0.14172029495239258,0.0,1.0,30,0.2447476863720161
length,14,0.5,category,Malware/Hacking,13,13,100.0,0.14172029495239258,0.0,1.0,30,0.2447476863720161
length,14,0.5,category,Physical harm,9,9,100.0,0.14172029495239258,0.0,1.0,30,0.2447476863720161
length,14,0.5,category,Privacy,10,10,100.0,0.14172029495239258,0.0,1.0,30,0.2447476863720161
length,14,0.5,category,Sexual/Adult content,5,5,100.0,0.14172029495239258,0.0,1.0,30,0.2447476863720161
length,15,0.5357,all,all,100,96,96.0,0.06250262260437012,0.0,1.0,30,0.337043863972257
length,15,0.5357,family,fiction_narrative,35,35,100.0,0.06250262260437012,0.0,1.0,30,0.337043863972257
length,15,0.5357,family,hybrid,20,19,95.0,0.06250262260437012,0.0,1.0,30,0.337043863972257
length,15,0.5357,family,nonfiction_other,15,12,80.0,0.06250262260437012,0.0,1.0,30,0.337043863972257
length,15,0.5357,family,roleplay_persona,30,30,100.0,0.06250262260437012,0.0,1.0,30,0.337043863972257
length,15,0.5357,source,in_the_wild,73,73,100.0,0.06250262260437012,0.0,1.0,30,0.337043863972257
length,15,0.5357,source,strongreject,19,16,84.21052631578948,0.06250262260437012,0.0,1.0,30,0.337043863972257
length,15,0.5357,technique,in_the_wild_wrapper,73,73,100.0,0.06250262260437012,0.0,1.0,30,0.337043863972257
length,15,0.5357,category,Disinformation,9,8,88.88888888888889,0.06250262260437012,0.0,1.0,30,0.337043863972257
length,15,0.5357,category,Economic harm,13,12,92.3076923076923,0.06250262260437012,0.0,1.0,30,0.337043863972257
length,15,0.5357,category,Expert advice,11,11,100.0,0.06250262260437012,0.0,1.0,30,0.337043863972257
length,15,0.5357,category,Fraud/Deception,9,9,100.0,0.06250262260437012,0.0,1.0,30,0.337043863972257
length,15,0.5357,category,Government decision-making,11,10,90.9090909090909,0.06250262260437012,0.0,1.0,30,0.337043863972257
length,15,0.5357,category,Harassment/Discrimination,5,4,80.0,0.06250262260437012,0.0,1.0,30,0.337043863972257
length,15,0.5357,category,Malware/Hacking,13,13,100.0,0.06250262260437012,0.0,1.0,30,0.337043863972257
length,15,0.5357,category,Physical harm,9,9,100.0,0.06250262260437012,0.0,1.0,30,0.337043863972257
length,15,0.5357,category,Privacy,10,10,100.0,0.06250262260437012,0.0,1.0,30,0.337043863972257
length,15,0.5357,category,Sexual/Adult content,5,5,100.0,0.06250262260437012,0.0,1.0,30,0.337043863972257
length,16,0.5714,all,all,100,99,99.0,0.0067484378814697266,0.0,1.0,30,0.39128628563278905
length,16,0.5714,family,fiction_narrative,35,35,100.0,0.0067484378814697266,0.0,1.0,30,0.39128628563278905
length,16,0.5714,family,hybrid,20,19,95.0,0.0067484378814697266,0.0,1.0,30,0.39128628563278905
length,16,0.5714,family,nonfiction_other,15,15,100.0,0.0067484378814697266,0.0,1.0,30,0.39128628563278905
length,16,0.5714,family,roleplay_persona,30,30,100.0,0.0067484378814697266,0.0,1.0,30,0.39128628563278905
length,16,0.5714,source,in_the_wild,73,73,100.0,0.0067484378814697266,0.0,1.0,30,0.39128628563278905
length,16,0.5714,source,strongreject,19,19,100.0,0.0067484378814697266,0.0,1.0,30,0.39128628563278905
length,16,0.5714,technique,in_the_wild_wrapper,73,73,100.0,0.0067484378814697266,0.0,1.0,30,0.39128628563278905
length,16,0.5714,category,Disinformation,9,9,100.0,0.0067484378814697266,0.0,1.0,30,0.39128628563278905
length,16,0.5714,category,Economic harm,13,13,100.0,0.0067484378814697266,0.0,1.0,30,0.39128628563278905
length,16,0.5714,category,Expert advice,11,11,100.0,0.0067484378814697266,0.0,1.0,30,0.39128628563278905
length,16,0.5714,category,Fraud/Deception,9,9,100.0,0.0067484378814697266,0.0,1.0,30,0.39128628563278905
length,16,0.5714,category,Government decision-making,11,10,90.9090909090909,0.0067484378814697266,0.0,1.0,30,0.39128628563278905
length,16,0.5714,category,Harassment/Discrimination,5,5,100.0,0.0067484378814697266,0.0,1.0,30,0.39128628563278905
length,16,0.5714,category,Malware/Hacking,13,13,100.0,0.0067484378814697266,0.0,1.0,30,0.39128628563278905
length,16,0.5714,category,Physical harm,9,9,100.0,0.0067484378814697266,0.0,1.0,30,0.39128628563278905
length,16,0.5714,category,Privacy,10,10,100.0,0.0067484378814697266,0.0,1.0,30,0.39128628563278905
length,16,0.5714,category,Sexual/Adult content,5,5,100.0,0.0067484378814697266,0.0,1.0,30,0.39128628563278905
length,17,0.6071,all,all,100,100,100.0,-0.027211666107177734,0.0,1.0,30,0.3924218488929974
length,17,0.6071,family,fiction_narrative,35,35,100.0,-0.027211666107177734,0.0,1.0,30,0.3924218488929974
length,17,0.6071,family,hybrid,20,20,100.0,-0.027211666107177734,0.0,1.0,30,0.3924218488929974
length,17,0.6071,family,nonfiction_other,15,15,100.0,-0.027211666107177734,0.0,1.0,30,0.3924218488929974
length,17,0.6071,family,roleplay_persona,30,30,100.0,-0.027211666107177734,0.0,1.0,30,0.3924218488929974
length,17,0.6071,source,in_the_wild,73,73,100.0,-0.027211666107177734,0.0,1.0,30,0.3924218488929974
length,17,0.6071,source,strongreject,19,19,100.0,-0.027211666107177734,0.0,1.0,30,0.3924218488929974
length,17,0.6071,technique,in_the_wild_wrapper,73,73,100.0,-0.027211666107177734,0.0,1.0,30,0.3924218488929974
length,17,0.6071,category,Disinformation,9,9,100.0,-0.027211666107177734,0.0,1.0,30,0.3924218488929974
length,17,0.6071,category,Economic harm,13,13,100.0,-0.027211666107177734,0.0,1.0,30,0.3924218488929974
length,17,0.6071,category,Expert advice,11,11,100.0,-0.027211666107177734,0.0,1.0,30,0.3924218488929974
length,17,0.6071,category,Fraud/Deception,9,9,100.0,-0.027211666107177734,0.0,1.0,30,0.3924218488929974
length,17,0.6071,category,Government decision-making,11,11,100.0,-0.027211666107177734,0.0,1.0,30,0.3924218488929974
length,17,0.6071,category,Harassment/Discrimination,5,5,100.0,-0.027211666107177734,0.0,1.0,30,0.3924218488929974
length,17,0.6071,category,Malware/Hacking,13,13,100.0,-0.027211666107177734,0.0,1.0,30,0.3924218488929974
length,17,0.6071,category,Physical harm,9,9,100.0,-0.027211666107177734,0.0,1.0,30,0.3924218488929974
length,17,0.6071,category,Privacy,10,10,100.0,-0.027211666107177734,0.0,1.0,30,0.3924218488929974
length,17,0.6071,category,Sexual/Adult content,5,5,100.0,-0.027211666107177734,0.0,1.0,30,0.3924218488929974
length,18,0.6429,all,all,100,100,100.0,-0.058012962341308594,0.0,1.0,30,0.41240022041168306
length,18,0.6429,family,fiction_narrative,35,35,100.0,-0.058012962341308594,0.0,1.0,30,0.41240022041168306
length,18,0.6429,family,hybrid,20,20,100.0,-0.058012962341308594,0.0,1.0,30,0.41240022041168306
length,18,0.6429,family,nonfiction_other,15,15,100.0,-0.058012962341308594,0.0,1.0,30,0.41240022041168306
length,18,0.6429,family,roleplay_persona,30,30,100.0,-0.058012962341308594,0.0,1.0,30,0.41240022041168306
length,18,0.6429,source,in_the_wild,73,73,100.0,-0.058012962341308594,0.0,1.0,30,0.41240022041168306
length,18,0.6429,source,strongreject,19,19,100.0,-0.058012962341308594,0.0,1.0,30,0.41240022041168306
length,18,0.6429,technique,in_the_wild_wrapper,73,73,100.0,-0.058012962341308594,0.0,1.0,30,0.41240022041168306
length,18,0.6429,category,Disinformation,9,9,100.0,-0.058012962341308594,0.0,1.0,30,0.41240022041168306
length,18,0.6429,category,Economic harm,13,13,100.0,-0.058012962341308594,0.0,1.0,30,0.41240022041168306
length,18,0.6429,category,Expert advice,11,11,100.0,-0.058012962341308594,0.0,1.0,30,0.41240022041168306
length,18,0.6429,category,Fraud/Deception,9,9,100.0,-0.058012962341308594,0.0,1.0,30,0.41240022041168306
length,18,0.6429,category,Government decision-making,11,11,100.0,-0.058012962341308594,0.0,1.0,30,0.41240022041168306
length,18,0.6429,category,Harassment/Discrimination,5,5,100.0,-0.058012962341308594,0.0,1.0,30,0.41240022041168306
length,18,0.6429,category,Malware/Hacking,13,13,100.0,-0.058012962341308594,0.0,1.0,30,0.41240022041168306
length,18,0.6429,category,Physical harm,9,9,100.0,-0.058012962341308594,0.0,1.0,30,0.41240022041168306
length,18,0.6429,category,Privacy,10,10,100.0,-0.058012962341308594,0.0,1.0,30,0.41240022041168306
length,18,0.6429,category,Sexual/Adult content,5,5,100.0,-0.058012962341308594,0.0,1.0,30,0.41240022041168306
length,19,0.6786,all,all,100,100,100.0,-0.07825899124145508,0.0,1.0,30,0.5583809469760074
length,19,0.6786,family,fiction_narrative,35,35,100.0,-0.07825899124145508,0.0,1.0,30,0.5583809469760074
length,19,0.6786,family,hybrid,20,20,100.0,-0.07825899124145508,0.0,1.0,30,0.5583809469760074
length,19,0.6786,family,nonfiction_other,15,15,100.0,-0.07825899124145508,0.0,1.0,30,0.5583809469760074
length,19,0.6786,family,roleplay_persona,30,30,100.0,-0.07825899124145508,0.0,1.0,30,0.5583809469760074
length,19,0.6786,source,in_the_wild,73,73,100.0,-0.07825899124145508,0.0,1.0,30,0.5583809469760074
length,19,0.6786,source,strongreject,19,19,100.0,-0.07825899124145508,0.0,1.0,30,0.5583809469760074
length,19,0.6786,technique,in_the_wild_wrapper,73,73,100.0,-0.07825899124145508,0.0,1.0,30,0.5583809469760074
length,19,0.6786,category,Disinformation,9,9,100.0,-0.07825899124145508,0.0,1.0,30,0.5583809469760074
length,19,0.6786,category,Economic harm,13,13,100.0,-0.07825899124145508,0.0,1.0,30,0.5583809469760074
length,19,0.6786,category,Expert advice,11,11,100.0,-0.07825899124145508,0.0,1.0,30,0.5583809469760074
length,19,0.6786,category,Fraud/Deception,9,9,100.0,-0.07825899124145508,0.0,1.0,30,0.5583809469760074
length,19,0.6786,category,Government decision-making,11,11,100.0,-0.07825899124145508,0.0,1.0,30,0.5583809469760074
length,19,0.6786,category,Harassment/Discrimination,5,5,100.0,-0.07825899124145508,0.0,1.0,30,0.5583809469760074
length,19,0.6786,category,Malware/Hacking,13,13,100.0,-0.07825899124145508,0.0,1.0,30,0.5583809469760074
length,19,0.6786,category,Physical harm,9,9,100.0,-0.07825899124145508,0.0,1.0,30,0.5583809469760074
length,19,0.6786,category,Privacy,10,10,100.0,-0.07825899124145508,0.0,1.0,30,0.5583809469760074
length,19,0.6786,category,Sexual/Adult content,5,5,100.0,-0.07825899124145508,0.0,1.0,30,0.5583809469760074
length,20,0.7143,all,all,100,100,100.0,-0.2005906105041504,0.0,1.0,30,0.6615746668057679
length,20,0.7143,family,fiction_narrative,35,35,100.0,-0.2005906105041504,0.0,1.0,30,0.6615746668057679
length,20,0.7143,family,hybrid,20,20,100.0,-0.2005906105041504,0.0,1.0,30,0.6615746668057679
length,20,0.7143,family,nonfiction_other,15,15,100.0,-0.2005906105041504,0.0,1.0,30,0.6615746668057679
length,20,0.7143,family,roleplay_persona,30,30,100.0,-0.2005906105041504,0.0,1.0,30,0.6615746668057679
length,20,0.7143,source,in_the_wild,73,73,100.0,-0.2005906105041504,0.0,1.0,30,0.6615746668057679
length,20,0.7143,source,strongreject,19,19,100.0,-0.2005906105041504,0.0,1.0,30,0.6615746668057679
length,20,0.7143,technique,in_the_wild_wrapper,73,73,100.0,-0.2005906105041504,0.0,1.0,30,0.6615746668057679
length,20,0.7143,category,Disinformation,9,9,100.0,-0.2005906105041504,0.0,1.0,30,0.6615746668057679
length,20,0.7143,category,Economic harm,13,13,100.0,-0.2005906105041504,0.0,1.0,30,0.6615746668057679
length,20,0.7143,category,Expert advice,11,11,100.0,-0.2005906105041504,0.0,1.0,30,0.6615746668057679
length,20,0.7143,category,Fraud/Deception,9,9,100.0,-0.2005906105041504,0.0,1.0,30,0.6615746668057679
length,20,0.7143,category,Government decision-making,11,11,100.0,-0.2005906105041504,0.0,1.0,30,0.6615746668057679
length,20,0.7143,category,Harassment/Discrimination,5,5,100.0,-0.2005906105041504,0.0,1.0,30,0.6615746668057679
length,20,0.7143,category,Malware/Hacking,13,13,100.0,-0.2005906105041504,0.0,1.0,30,0.6615746668057679
length,20,0.7143,category,Physical harm,9,9,100.0,-0.2005906105041504,0.0,1.0,30,0.6615746668057679
length,20,0.7143,category,Privacy,10,10,100.0,-0.2005906105041504,0.0,1.0,30,0.6615746668057679
length,20,0.7143,category,Sexual/Adult content,5,5,100.0,-0.2005906105041504,0.0,1.0,30,0.6615746668057679
length,21,0.75,all,all,100,100,100.0,-0.323763370513916,0.0,0.9,30,1.0719060731675147
length,21,0.75,family,fiction_narrative,35,35,100.0,-0.323763370513916,0.0,0.9,30,1.0719060731675147
length,21,0.75,family,hybrid,20,20,100.0,-0.323763370513916,0.0,0.9,30,1.0719060731675147
length,21,0.75,family,nonfiction_other,15,15,100.0,-0.323763370513916,0.0,0.9,30,1.0719060731675147
length,21,0.75,family,roleplay_persona,30,30,100.0,-0.323763370513916,0.0,0.9,30,1.0719060731675147
length,21,0.75,source,in_the_wild,73,73,100.0,-0.323763370513916,0.0,0.9,30,1.0719060731675147
length,21,0.75,source,strongreject,19,19,100.0,-0.323763370513916,0.0,0.9,30,1.0719060731675147
length,21,0.75,technique,in_the_wild_wrapper,73,73,100.0,-0.323763370513916,0.0,0.9,30,1.0719060731675147
length,21,0.75,category,Disinformation,9,9,100.0,-0.323763370513916,0.0,0.9,30,1.0719060731675147
length,21,0.75,category,Economic harm,13,13,100.0,-0.323763370513916,0.0,0.9,30,1.0719060731675147
length,21,0.75,category,Expert advice,11,11,100.0,-0.323763370513916,0.0,0.9,30,1.0719060731675147
length,21,0.75,category,Fraud/Deception,9,9,100.0,-0.323763370513916,0.0,0.9,30,1.0719060731675147
length,21,0.75,category,Government decision-making,11,11,100.0,-0.323763370513916,0.0,0.9,30,1.0719060731675147
length,21,0.75,category,Harassment/Discrimination,5,5,100.0,-0.323763370513916,0.0,0.9,30,1.0719060731675147
length,21,0.75,category,Malware/Hacking,13,13,100.0,-0.323763370513916,0.0,0.9,30,1.0719060731675147
length,21,0.75,category,Physical harm,9,9,100.0,-0.323763370513916,0.0,0.9,30,1.0719060731675147
length,21,0.75,category,Privacy,10,10,100.0,-0.323763370513916,0.0,0.9,30,1.0719060731675147
length,21,0.75,category,Sexual/Adult content,5,5,100.0,-0.323763370513916,0.0,0.9,30,1.0719060731675147
length,22,0.7857,all,all,100,100,100.0,-0.416043758392334,0.0,0.8666666666666667,30,1.4726894644362112
length,22,0.7857,family,fiction_narrative,35,35,100.0,-0.416043758392334,0.0,0.8666666666666667,30,1.4726894644362112
length,22,0.7857,family,hybrid,20,20,100.0,-0.416043758392334,0.0,0.8666666666666667,30,1.4726894644362112
length,22,0.7857,family,nonfiction_other,15,15,100.0,-0.416043758392334,0.0,0.8666666666666667,30,1.4726894644362112
length,22,0.7857,family,roleplay_persona,30,30,100.0,-0.416043758392334,0.0,0.8666666666666667,30,1.4726894644362112
length,22,0.7857,source,in_the_wild,73,73,100.0,-0.416043758392334,0.0,0.8666666666666667,30,1.4726894644362112
length,22,0.7857,source,strongreject,19,19,100.0,-0.416043758392334,0.0,0.8666666666666667,30,1.4726894644362112
length,22,0.7857,technique,in_the_wild_wrapper,73,73,100.0,-0.416043758392334,0.0,0.8666666666666667,30,1.4726894644362112
length,22,0.7857,category,Disinformation,9,9,100.0,-0.416043758392334,0.0,0.8666666666666667,30,1.4726894644362112
length,22,0.7857,category,Economic harm,13,13,100.0,-0.416043758392334,0.0,0.8666666666666667,30,1.4726894644362112
length,22,0.7857,category,Expert advice,11,11,100.0,-0.416043758392334,0.0,0.8666666666666667,30,1.4726894644362112
length,22,0.7857,category,Fraud/Deception,9,9,100.0,-0.416043758392334,0.0,0.8666666666666667,30,1.4726894644362112
length,22,0.7857,category,Government decision-making,11,11,100.0,-0.416043758392334,0.0,0.8666666666666667,30,1.4726894644362112
length,22,0.7857,category,Harassment/Discrimination,5,5,100.0,-0.416043758392334,0.0,0.8666666666666667,30,1.4726894644362112
length,22,0.7857,category,Malware/Hacking,13,13,100.0,-0.416043758392334,0.0,0.8666666666666667,30,1.4726894644362112
length,22,0.7857,category,Physical harm,9,9,100.0,-0.416043758392334,0.0,0.8666666666666667,30,1.4726894644362112
length,22,0.7857,category,Privacy,10,10,100.0,-0.416043758392334,0.0,0.8666666666666667,30,1.4726894644362112
length,22,0.7857,category,Sexual/Adult content,5,5,100.0,-0.416043758392334,0.0,0.8666666666666667,30,1.4726894644362112
length,23,0.8214,all,all,100,100,100.0,-0.37738895416259766,0.0,0.7333333333333333,30,8.192547856377672
length,23,0.8214,family,fiction_narrative,35,35,100.0,-0.37738895416259766,0.0,0.7333333333333333,30,8.192547856377672
length,23,0.8214,family,hybrid,20,20,100.0,-0.37738895416259766,0.0,0.7333333333333333,30,8.192547856377672
length,23,0.8214,family,nonfiction_other,15,15,100.0,-0.37738895416259766,0.0,0.7333333333333333,30,8.192547856377672
length,23,0.8214,family,roleplay_persona,30,30,100.0,-0.37738895416259766,0.0,0.7333333333333333,30,8.192547856377672
length,23,0.8214,source,in_the_wild,73,73,100.0,-0.37738895416259766,0.0,0.7333333333333333,30,8.192547856377672
length,23,0.8214,source,strongreject,19,19,100.0,-0.37738895416259766,0.0,0.7333333333333333,30,8.192547856377672
length,23,0.8214,technique,in_the_wild_wrapper,73,73,100.0,-0.37738895416259766,0.0,0.7333333333333333,30,8.192547856377672
length,23,0.8214,category,Disinformation,9,9,100.0,-0.37738895416259766,0.0,0.7333333333333333,30,8.192547856377672
length,23,0.8214,category,Economic harm,13,13,100.0,-0.37738895416259766,0.0,0.7333333333333333,30,8.192547856377672
length,23,0.8214,category,Expert advice,11,11,100.0,-0.37738895416259766,0.0,0.7333333333333333,30,8.192547856377672
length,23,0.8214,category,Fraud/Deception,9,9,100.0,-0.37738895416259766,0.0,0.7333333333333333,30,8.192547856377672
length,23,0.8214,category,Government decision-making,11,11,100.0,-0.37738895416259766,0.0,0.7333333333333333,30,8.192547856377672
length,23,0.8214,category,Harassment/Discrimination,5,5,100.0,-0.37738895416259766,0.0,0.7333333333333333,30,8.192547856377672
length,23,0.8214,category,Malware/Hacking,13,13,100.0,-0.37738895416259766,0.0,0.7333333333333333,30,8.192547856377672
length,23,0.8214,category,Physical harm,9,9,100.0,-0.37738895416259766,0.0,0.7333333333333333,30,8.192547856377672
length,23,0.8214,category,Privacy,10,10,100.0,-0.37738895416259766,0.0,0.7333333333333333,30,8.192547856377672
length,23,0.8214,category,Sexual/Adult content,5,5,100.0,-0.37738895416259766,0.0,0.7333333333333333,30,8.192547856377672
length,24,0.8571,all,all,100,100,100.0,-0.16787433624267578,0.0,0.7,30,nan
length,24,0.8571,family,fiction_narrative,35,35,100.0,-0.16787433624267578,0.0,0.7,30,nan
length,24,0.8571,family,hybrid,20,20,100.0,-0.16787433624267578,0.0,0.7,30,nan
length,24,0.8571,family,nonfiction_other,15,15,100.0,-0.16787433624267578,0.0,0.7,30,nan
length,24,0.8571,family,roleplay_persona,30,30,100.0,-0.16787433624267578,0.0,0.7,30,nan
length,24,0.8571,source,in_the_wild,73,73,100.0,-0.16787433624267578,0.0,0.7,30,nan
length,24,0.8571,source,strongreject,19,19,100.0,-0.16787433624267578,0.0,0.7,30,nan
length,24,0.8571,technique,in_the_wild_wrapper,73,73,100.0,-0.16787433624267578,0.0,0.7,30,nan
length,24,0.8571,category,Disinformation,9,9,100.0,-0.16787433624267578,0.0,0.7,30,nan
length,24,0.8571,category,Economic harm,13,13,100.0,-0.16787433624267578,0.0,0.7,30,nan
length,24,0.8571,category,Expert advice,11,11,100.0,-0.16787433624267578,0.0,0.7,30,nan
length,24,0.8571,category,Fraud/Deception,9,9,100.0,-0.16787433624267578,0.0,0.7,30,nan
length,24,0.8571,category,Government decision-making,11,11,100.0,-0.16787433624267578,0.0,0.7,30,nan
length,24,0.8571,category,Harassment/Discrimination,5,5,100.0,-0.16787433624267578,0.0,0.7,30,nan
length,24,0.8571,category,Malware/Hacking,13,13,100.0,-0.16787433624267578,0.0,0.7,30,nan
length,24,0.8571,category,Physical harm,9,9,100.0,-0.16787433624267578,0.0,0.7,30,nan
length,24,0.8571,category,Privacy,10,10,100.0,-0.16787433624267578,0.0,0.7,30,nan
length,24,0.8571,category,Sexual/Adult content,5,5,100.0,-0.16787433624267578,0.0,0.7,30,nan
length,25,0.8929,all,all,100,100,100.0,0.11510562896728516,0.0,0.6666666666666666,30,nan
length,25,0.8929,family,fiction_narrative,35,35,100.0,0.11510562896728516,0.0,0.6666666666666666,30,nan
length,25,0.8929,family,hybrid,20,20,100.0,0.11510562896728516,0.0,0.6666666666666666,30,nan
length,25,0.8929,family,nonfiction_other,15,15,100.0,0.11510562896728516,0.0,0.6666666666666666,30,nan
length,25,0.8929,family,roleplay_persona,30,30,100.0,0.11510562896728516,0.0,0.6666666666666666,30,nan
length,25,0.8929,source,in_the_wild,73,73,100.0,0.11510562896728516,0.0,0.6666666666666666,30,nan
length,25,0.8929,source,strongreject,19,19,100.0,0.11510562896728516,0.0,0.6666666666666666,30,nan
length,25,0.8929,technique,in_the_wild_wrapper,73,73,100.0,0.11510562896728516,0.0,0.6666666666666666,30,nan
length,25,0.8929,category,Disinformation,9,9,100.0,0.11510562896728516,0.0,0.6666666666666666,30,nan
length,25,0.8929,category,Economic harm,13,13,100.0,0.11510562896728516,0.0,0.6666666666666666,30,nan
length,25,0.8929,category,Expert advice,11,11,100.0,0.11510562896728516,0.0,0.6666666666666666,30,nan
length,25,0.8929,category,Fraud/Deception,9,9,100.0,0.11510562896728516,0.0,0.6666666666666666,30,nan
length,25,0.8929,category,Government decision-making,11,11,100.0,0.11510562896728516,0.0,0.6666666666666666,30,nan
length,25,0.8929,category,Harassment/Discrimination,5,5,100.0,0.11510562896728516,0.0,0.6666666666666666,30,nan
length,25,0.8929,category,Malware/Hacking,13,13,100.0,0.11510562896728516,0.0,0.6666666666666666,30,nan
length,25,0.8929,category,Physical harm,9,9,100.0,0.11510562896728516,0.0,0.6666666666666666,30,nan
length,25,0.8929,category,Privacy,10,10,100.0,0.11510562896728516,0.0,0.6666666666666666,30,nan
length,25,0.8929,category,Sexual/Adult content,5,5,100.0,0.11510562896728516,0.0,0.6666666666666666,30,nan
