pair_id,split,narr_mode,realism,nonnarr_style,tense_narr,tense_nonnarr,tense_polarity,context,prompt_narrative,prompt_nonnarrative,text_narrative,text_nonnarrative,n_words_narr,n_words_nonnarr
v2-tr-01,train,scenic_past,realistic,criterial,past,present,default,weather_station,"Continue the text below.

Teodora carried the balloon out at ten to six, both arms under it, and the wind took the skin against her chin before she reached the launch square. The sonde swung on its cord and knocked her knee twice. She waited for the gust to pass, counted, and let go a little too early — the balloon went up sideways and the cord snapped taut against the mast.","Continue the text below.

A failed launch is a matter of ascent angle, not of damage. Sideways ascent, meaning departure from vertical beyond thirty degrees, is one class of failure; contact between the cord and the mast is a second, independent of the first. Neither concerns the sonde. Wind speed at the square is the usual cause of both, and the gust interval, not the balloon or the skin, sets the margin.","Teodora carried the balloon out at ten to six, both arms under it, and the wind took the skin against her chin before she reached the launch square. The sonde swung on its cord and knocked her knee twice. She waited for the gust to pass, counted, and let go a little too early — the balloon went up sideways and the cord snapped taut against the mast.","A failed launch is a matter of ascent angle, not of damage. Sideways ascent, meaning departure from vertical beyond thirty degrees, is one class of failure; contact between the cord and the mast is a second, independent of the first. Neither concerns the sonde. Wind speed at the square is the usual cause of both, and the gust interval, not the balloon or the skin, sets the margin.",67,68
v2-tr-02,train,scenic_past,non_realistic,criterial,past,past,both_past,lighthouse,"Continue the text below.

The lamp had been unattended for eleven weeks when Salla climbed to the gallery and found the lens turning. It turned at the proper rate, four revolutions to the minute, and the clockwork beneath it was seized solid with rust. She put her hand on the drive weight. The chain was slack the whole of its length, and the weight hung an inch clear of the floor, and the lens went on turning.","Continue the text below.

Rate was the sole criterion of a sound lamp: four revolutions to the minute, no more and no less, whatever the state of the clockwork. Rust on the drive was a matter for the record and not a fault in itself. A slack chain was the one condition that counted against the lens, since weight clear of the floor was the definition of a stopped train, not of a turning one.","The lamp had been unattended for eleven weeks when Salla climbed to the gallery and found the lens turning. It turned at the proper rate, four revolutions to the minute, and the clockwork beneath it was seized solid with rust. She put her hand on the drive weight. The chain was slack the whole of its length, and the weight hung an inch clear of the floor, and the lens went on turning.","Rate was the sole criterion of a sound lamp: four revolutions to the minute, no more and no less, whatever the state of the clockwork. Rust on the drive was a matter for the record and not a fault in itself. A slack chain was the one condition that counted against the lens, since weight clear of the floor was the definition of a stopped train, not of a turning one.",73,71
v2-tr-03,train,oral,realistic,criterial,past,past,both_past,shearing_shed,"Continue the text below.

Nobody in the shed would work behind Tomos, and there was a reason for it. He took a fleece off in one piece, never two, and he did it faster than the man on the next stand could do it badly. The trouble was the second cuts. He left them all over the board, and the classer had to pick through every fleece he threw, and it cost more time than he saved.","Continue the text below.

A fleece was classed on the length of its staple and on the proportion of second cuts in it, and the two were independent of each other. Speed at the stand was no part of the class, nor was a fleece off in one piece worth more than a fleece off in two. Second cuts loose on the board were of no account; those bound into the fleece cost the classer time.","Nobody in the shed would work behind Tomos, and there was a reason for it. He took a fleece off in one piece, never two, and he did it faster than the man on the next stand could do it badly. The trouble was the second cuts. He left them all over the board, and the classer had to pick through every fleece he threw, and it cost more time than he saved.","A fleece was classed on the length of its staple and on the proportion of second cuts in it, and the two were independent of each other. Speed at the stand was no part of the class, nor was a fleece off in one piece worth more than a fleece off in two. Second cuts loose on the board were of no account; those bound into the fleece cost the classer time.",73,72
v2-tr-04,train,scenic_past,realistic,criterial,past,present,default,bell_foundry,"Continue the text below.

Iolanda broke the mould at dawn and the bell came out whole, which was the first thing, and then she saw the line. It ran from the shoulder to the waist, a hair's width, grey against grey. She struck the bell with the heel of her hand and it answered true. She struck it again at the waist, over the line, and the note went flat and stayed flat.","Continue the text below.

A casting flaw is graded by its depth and its position, never by its length or its width. A grey line at the shoulder is cosmetic, since the shoulder carries little of the vibration. The same line at the waist is disqualifying, because the waist is where the note of a bell is set. Soundness under one strike of the hand is no criterion; what counts is whether the note holds flat.","Iolanda broke the mould at dawn and the bell came out whole, which was the first thing, and then she saw the line. It ran from the shoulder to the waist, a hair's width, grey against grey. She struck the bell with the heel of her hand and it answered true. She struck it again at the waist, over the line, and the note went flat and stayed flat.","A casting flaw is graded by its depth and its position, never by its length or its width. A grey line at the shoulder is cosmetic, since the shoulder carries little of the vibration. The same line at the waist is disqualifying, because the waist is where the note of a bell is set. Soundness under one strike of the hand is no criterion; what counts is whether the note holds flat.",69,72
v2-tr-05,train,present,non_realistic,criterial,present,past,reversed,archery_range,"Continue the text below.

Maret's third arrow goes into the same hole as her second, which the range master has never seen, and she does not look pleased about it. She nocks the fourth. Behind the target the straw is packed too loose and the shafts are punching clean through into the earth bank. She has lost two heads already this morning. She shoots anyway, and the fourth goes through as well.","Continue the text below.

A grouping was judged on its diameter alone, and arrows in one hole were counted as a group of nil, which was the highest score available. Loss of a head was a matter for the range's account and never for the score. Shafts through the target were not a fault in the shot; the fault lay in the packing of the straw and in the bank behind it.","Maret's third arrow goes into the same hole as her second, which the range master has never seen, and she does not look pleased about it. She nocks the fourth. Behind the target the straw is packed too loose and the shafts are punching clean through into the earth bank. She has lost two heads already this morning. She shoots anyway, and the fourth goes through as well.","A grouping was judged on its diameter alone, and arrows in one hole were counted as a group of nil, which was the highest score available. Loss of a head was a matter for the range's account and never for the score. Shafts through the target were not a fault in the shot; the fault lay in the packing of the straw and in the bank behind it.",68,68
v2-tr-06,train,oral,realistic,criterial,past,present,default,dairy,"Continue the text below.

The dairy at Kelso had a churn that soured milk in half the time of any other in the district and nobody ever worked out why. They scalded it, they scrubbed it, they took the staves apart one winter and put them back in the same order. Old Bregha said it was the wood and the rest said it was the water, and it went on souring milk for thirty years.","Continue the text below.

Souring is timed from the set of the curd, not from the first change in smell, and the two are hours apart. A churn is held responsible only where the same milk sours in it and keeps in another of the same wood, and the staves are no part of the question. Water hardness is the commoner cause, since it acts on every vessel in a district rather than on one.","The dairy at Kelso had a churn that soured milk in half the time of any other in the district and nobody ever worked out why. They scalded it, they scrubbed it, they took the staves apart one winter and put them back in the same order. Old Bregha said it was the wood and the rest said it was the water, and it went on souring milk for thirty years.","Souring is timed from the set of the curd, not from the first change in smell, and the two are hours apart. A churn is held responsible only where the same milk sours in it and keeps in another of the same wood, and the staves are no part of the question. Water hardness is the commoner cause, since it acts on every vessel in a district rather than on one.",71,71
v2-tr-07,train,present,realistic,criterial,present,past,reversed,glider,"Continue the text below.

Ferran finds the thermal by the crows and not by the instrument, which is a second behind him the whole way. He banks hard left and holds thirty degrees. The variometer catches up, reads four metres up, then two, then nothing at all, and he is out the far side of it before the needle has settled. He comes round again on the same crows.","Continue the text below.

A thermal was reckoned found where lift held for a full turn, and a single reading in metres was not sufficient. Instrument lag was allowed for by discounting the first seconds of any indication, the needle being slower than the air. Crows were evidence of a core, not of its strength, and a bank angle beyond thirty degrees was held to lose more in drag than it gained.","Ferran finds the thermal by the crows and not by the instrument, which is a second behind him the whole way. He banks hard left and holds thirty degrees. The variometer catches up, reads four metres up, then two, then nothing at all, and he is out the far side of it before the needle has settled. He comes round again on the same crows.","A thermal was reckoned found where lift held for a full turn, and a single reading in metres was not sufficient. Instrument lag was allowed for by discounting the first seconds of any indication, the needle being slower than the air. Crows were evidence of a core, not of its strength, and a bank angle beyond thirty degrees was held to lose more in drag than it gained.",65,68
v2-tr-08,train,folktale,non_realistic,criterial,past,past,both_past,ward_stones,"Continue the text below.

There was a keep whose walls were held by four ward-stones, and the youngest daughter of the house was set to read them each Michaelmas. Three she found sound. The fourth had gone the colour of wet ash at the seam and rang hollow under her knuckle, and she wrote it down as sound, because the mason who had cut it was her father, and she was fifteen.","Continue the text below.

A ward-stone was read at the seam and nowhere else, colour first and tone second. Ash-grey at the seam was the sole disqualifying colour; every other shade was permitted whatever its depth. A hollow tone was corroborating and never sufficient on its own, since tone was a property of the mounting as much as of the stone, and a sound stone badly set rang hollow too.","There was a keep whose walls were held by four ward-stones, and the youngest daughter of the house was set to read them each Michaelmas. Three she found sound. The fourth had gone the colour of wet ash at the seam and rang hollow under her knuckle, and she wrote it down as sound, because the mason who had cut it was her father, and she was fifteen.","A ward-stone was read at the seam and nowhere else, colour first and tone second. Ash-grey at the seam was the sole disqualifying colour; every other shade was permitted whatever its depth. A hollow tone was corroborating and never sufficient on its own, since tone was a property of the mounting as much as of the stone, and a sound stone badly set rang hollow too.",68,66
v2-tr-09,train,present,non_realistic,criterial,present,past,reversed,spacecraft_hull,"Continue the text below.

Adaeze is nine hours into the survey and the pitting on panel forty is not what the manifest says it should be. The holes are round. Every other panel on the ship shows the long grazes of a glancing strike, and forty is punched clean through in nine places, front to back, as though something had come at it square. She marks it and moves to forty-one.","Continue the text below.

Pitting was classed by the ratio of depth to width, and a round hole and a long graze were separate classes with separate tolerances. Count was secondary to class, and the manifest count secondary again. Penetration front to back was disqualifying in either class, whatever the count, since the criterion was the integrity of the panel rather than the number of strikes on its face.","Adaeze is nine hours into the survey and the pitting on panel forty is not what the manifest says it should be. The holes are round. Every other panel on the ship shows the long grazes of a glancing strike, and forty is punched clean through in nine places, front to back, as though something had come at it square. She marks it and moves to forty-one.","Pitting was classed by the ratio of depth to width, and a round hole and a long graze were separate classes with separate tolerances. Count was secondary to class, and the manifest count secondary again. Penetration front to back was disqualifying in either class, whatever the count, since the criterion was the integrity of the panel rather than the number of strikes on its face.",67,65
v2-tr-10,train,scenic_past,non_realistic,criterial,past,present,default,sighting_society,"Continue the text below.

The society's fourth secretary was a man named Bosch who had never seen anything and did not expect to. He filed reports for nine years. In the tenth he sat up with a lamp in the east corridor of a house in Ghent, and at two he wrote a line in the register and closed it, and he resigned the following week without adding to the entry.","Continue the text below.

A report is admitted to the society's register on the number of independent witnesses and on the interval between the sighting and the entry, and on nothing else. A single witness is admissible where the interval is under an hour. Length is no criterion; a line filed at the hour carries the weight of a full account, and an account a week later carries none. The secretary holds both.","The society's fourth secretary was a man named Bosch who had never seen anything and did not expect to. He filed reports for nine years. In the tenth he sat up with a lamp in the east corridor of a house in Ghent, and at two he wrote a line in the register and closed it, and he resigned the following week without adding to the entry.","A report is admitted to the society's register on the number of independent witnesses and on the interval between the sighting and the entry, and on nothing else. A single witness is admissible where the interval is under an hour. Length is no criterion; a line filed at the hour carries the weight of a full account, and an account a week later carries none. The secretary holds both.",67,69
v2-tr-11,train,scenic_past,realistic,criterial,past,present,default,rail_track,"Continue the text below.

Vasile walked the up line from the viaduct to the tunnel mouth every Tuesday for twenty-two years. On the last Tuesday he found the gauge wide by nine millimetres over four sleepers, and the keys sound, and the chairs sound, and no reason for it anywhere he could see. He packed the ballast, wrote it in the book, and walked back to look at it again before dark.","Continue the text below.

Gauge is a fault at a threshold rather than by degree: nine millimetres wide over four sleepers is within tolerance on straight track and outside it on any curve. Soundness of keys and chairs bears on the cause and not on the classification. Ballast is a remedy for a subsiding fault and no remedy where keys and chairs are sound, since the widening then lies in the rail itself.","Vasile walked the up line from the viaduct to the tunnel mouth every Tuesday for twenty-two years. On the last Tuesday he found the gauge wide by nine millimetres over four sleepers, and the keys sound, and the chairs sound, and no reason for it anywhere he could see. He packed the ballast, wrote it in the book, and walked back to look at it again before dark.","Gauge is a fault at a threshold rather than by degree: nine millimetres wide over four sleepers is within tolerance on straight track and outside it on any curve. Soundness of keys and chairs bears on the cause and not on the classification. Ballast is a remedy for a subsiding fault and no remedy where keys and chairs are sound, since the widening then lies in the rail itself.",68,69
v2-tr-12,train,oral,realistic,criterial,past,past,both_past,beekeeping,"Continue the text below.

Marku kept eleven hives on the south wall and the ninth swarmed twice in one summer, which he took as an insult. He opened it in July and there was brood in every frame and no queen anywhere in it. He shut it again. In August it swarmed a third time, and when he opened it that evening there were two queens on the same comb, and neither would fight.","Continue the text below.

Queenlessness was read from the brood and not from the temper of a hive, and brood of all ages in every frame was sufficient evidence of a laying queen whether one was seen or not. A hive opened in July and again in August gave two readings of one condition. Two queens on one comb were classed as a supersedure rather than a swarm, and were left alone.","Marku kept eleven hives on the south wall and the ninth swarmed twice in one summer, which he took as an insult. He opened it in July and there was brood in every frame and no queen anywhere in it. He shut it again. In August it swarmed a third time, and when he opened it that evening there were two queens on the same comb, and neither would fight.","Queenlessness was read from the brood and not from the temper of a hive, and brood of all ages in every frame was sufficient evidence of a laying queen whether one was seen or not. A hive opened in July and again in August gave two readings of one condition. Two queens on one comb were classed as a supersedure rather than a swarm, and were left alone.",70,68
v2-tr-13,train,present,realistic,technical,present,past,reversed,handloom,"Continue the text below.

Aurel finds the fault on the third pick. One warp thread is riding above the heddle eye instead of through it, and every shed since has closed on it, so the cloth carries a float four rows deep. He stops the loom mid-beat. He does not unpick yet; he leans in and follows the thread back along the warp to the beam, looking for where it left its eye.","Continue the text below.

On a countermarch loom the shed was the interval between the lifted and the unlifted warp, and every thread's position in it was fixed by the eye of one heddle. A float was a length of warp outside that control, unbound on the face of the cloth. Its depth in rows was a measure of the number of picks affected, not of the severity of the fault.","Aurel finds the fault on the third pick. One warp thread is riding above the heddle eye instead of through it, and every shed since has closed on it, so the cloth carries a float four rows deep. He stops the loom mid-beat. He does not unpick yet; he leans in and follows the thread back along the warp to the beam, looking for where it left its eye.","On a countermarch loom the shed was the interval between the lifted and the unlifted warp, and every thread's position in it was fixed by the eye of one heddle. A float was a length of warp outside that control, unbound on the face of the cloth. Its depth in rows was a measure of the number of picks affected, not of the severity of the fault.",69,67
v2-tr-14,train,scenic_past,realistic,technical,past,present,default,pipe_organ,"Continue the text below.

Ilse pulled the great open diapason at the end of the voluntary and the whole west end of the church went out of tune at once. She held it. Four pipes in the middle of the rank were a quarter-tone flat together, which was not damp and not dust, and she knew the sound of both. She finished on the flutes and went up into the loft with a lamp.","Continue the text below.

A rank of pipes is fed from one wind-chest through a single slider, and its pitch is a function of the pressure in that chest and of the length of each pipe. A run of adjacent pipes flat by an equal interval is a property of the chest, since dust and damp are local to the pipe and give scattered rather than adjacent deviation across a rank.","Ilse pulled the great open diapason at the end of the voluntary and the whole west end of the church went out of tune at once. She held it. Four pipes in the middle of the rank were a quarter-tone flat together, which was not damp and not dust, and she knew the sound of both. She finished on the flutes and went up into the loft with a lamp.","A rank of pipes is fed from one wind-chest through a single slider, and its pitch is a function of the pressure in that chest and of the length of each pipe. A run of adjacent pipes flat by an equal interval is a property of the chest, since dust and damp are local to the pipe and give scattered rather than adjacent deviation across a rank.",70,67
v2-tr-15,train,present,non_realistic,technical,present,past,reversed,watch_escapement,"Continue the text below.

Nen has the case open and the movement face down on the pad and the escapement is doing something no escapement does. The balance turns one way. It has turned one way for six hours by the wall clock, never back, and the hairspring is neither wound nor slack. Under the loupe the pallet jewels are not touching the escape wheel at all, and the wheel is turning too.","Continue the text below.

In a lever escapement the balance was coupled to the escape wheel through two pallet jewels, and its motion was necessarily reciprocal: each impulse was the release of one tooth and the locking of the next. The hairspring was the return element and set the period. Contact between pallet and wheel was the whole of the coupling, and without it the balance and the wheel were independent bodies of independent period.","Nen has the case open and the movement face down on the pad and the escapement is doing something no escapement does. The balance turns one way. It has turned one way for six hours by the wall clock, never back, and the hairspring is neither wound nor slack. Under the loupe the pallet jewels are not touching the escape wheel at all, and the wheel is turning too.","In a lever escapement the balance was coupled to the escape wheel through two pallet jewels, and its motion was necessarily reciprocal: each impulse was the release of one tooth and the locking of the next. The hairspring was the return element and set the period. Contact between pallet and wheel was the whole of the coupling, and without it the balance and the wheel were independent bodies of independent period.",69,71
v2-tr-16,train,scenic_past,non_realistic,technical,past,past,both_past,windmill_cap,"Continue the text below.

The mill above Sarvar turned its cap into the wind on the fifth of every month whatever the wind was doing, and the miller's son sat under the fantail one November to watch it happen. The fantail was still. The cap came round anyway, forty degrees against the wind, and settled, and the sails began to turn backwards and grind as well as they ever had.","Continue the text below.

The cap of a tower mill was carried on a curb of rollers and was turned by a fantail geared down to a worm on the curb. The fantail was the sole source of that motion and stood at right angles to the sails, so that any wind across the cap was its drive. With the fantail at rest the cap and the wind were in a fixed relation.","The mill above Sarvar turned its cap into the wind on the fifth of every month whatever the wind was doing, and the miller's son sat under the fantail one November to watch it happen. The fantail was still. The cap came round anyway, forty degrees against the wind, and settled, and the sails began to turn backwards and grind as well as they ever had.","The cap of a tower mill was carried on a curb of rollers and was turned by a fantail geared down to a worm on the curb. The fantail was the sole source of that motion and stood at right angles to the sails, so that any wind across the cap was its drive. With the fantail at rest the cap and the wind were in a fixed relation.",66,69
v2-tr-17,train,oral,realistic,technical,past,present,default,printing_press,"Continue the text below.

The press at Trencsen had a platen that came down true on the left and shy on the right by the thickness of a card, and every apprentice was told about it on the first day. They packed the tympan under the right side and it printed clean for forty years. When the frame was finally trued in ninety-one the packing stayed in, and it printed shy on the left.","Continue the text below.

Impression on a hand press is a function of the parallelism between platen and bed, and is adjusted at the tympan rather than at the frame. Packing under one side of the tympan is a rise on that side of the thickness of the packing. The correction is therefore a property of the packing and not of the platen, and is specific to the frame it fits.","The press at Trencsen had a platen that came down true on the left and shy on the right by the thickness of a card, and every apprentice was told about it on the first day. They packed the tympan under the right side and it printed clean for forty years. When the frame was finally trued in ninety-one the packing stayed in, and it printed shy on the left.","Impression on a hand press is a function of the parallelism between platen and bed, and is adjusted at the tympan rather than at the frame. Packing under one side of the tympan is a rise on that side of the thickness of the packing. The correction is therefore a property of the packing and not of the platen, and is specific to the frame it fits.",70,67
v2-tr-18,train,present,non_realistic,technical,present,past,reversed,centrifuge_ring,"Continue the text below.

The ring is at eight-tenths of a gravity and Oyeyemi is standing in the spoke access with a wrench she has no use for, listening. There is a beat in it. Once a revolution something in the outboard bearing takes up and lets go, and the whole ring steps a hand's width out of true and steps back, and the gauges on the hub read nothing at all.","Continue the text below.

A habitation ring was supported at the hub on a single bearing race and was stiff only in the plane of rotation. Displacement out of that plane was resisted by the spokes in tension and was therefore periodic at the rotation frequency wherever any one spoke was slack. Hub instruments were referenced to the hub and were insensitive to displacement of the rim at any frequency.","The ring is at eight-tenths of a gravity and Oyeyemi is standing in the spoke access with a wrench she has no use for, listening. There is a beat in it. Once a revolution something in the outboard bearing takes up and lets go, and the whole ring steps a hand's width out of true and steps back, and the gauges on the hub read nothing at all.",A habitation ring was supported at the hub on a single bearing race and was stiff only in the plane of rotation. Displacement out of that plane was resisted by the spokes in tension and was therefore periodic at the rotation frequency wherever any one spoke was slack. Hub instruments were referenced to the hub and were insensitive to displacement of the rim at any frequency.,68,66
v2-tr-19,train,folktale,non_realistic,technical,past,past,both_past,automaton,"Continue the text below.

A duke had an automaton that wrote his name in a fair hand, and he showed it to every visitor for eleven years. In the twelfth a girl who cleaned the room noticed that it wrote the name in a different hand on Sundays, smaller and sloped the other way, and that nobody wound it on Saturday nights, and that it wrote on Sundays all the same.","Continue the text below.

A writing automaton stored its text as a cam stack, one cam to each stroke, and the hand it produced was a property of the cam profiles rather than of the mechanism that read them. Selection between stacks was by a lever at the base. The mainspring was the sole source of power, and its state of wind bore on speed alone and not on legibility.","A duke had an automaton that wrote his name in a fair hand, and he showed it to every visitor for eleven years. In the twelfth a girl who cleaned the room noticed that it wrote the name in a different hand on Sundays, smaller and sloped the other way, and that nobody wound it on Saturday nights, and that it wrote on Sundays all the same.","A writing automaton stored its text as a cam stack, one cam to each stroke, and the hand it produced was a property of the cam profiles rather than of the mechanism that read them. Selection between stacks was by a lever at the base. The mainspring was the sole source of power, and its state of wind bore on speed alone and not on legibility.",67,66
v2-tr-20,train,scenic_past,realistic,technical,past,present,default,canal_lock,"Continue the text below.

Brona worked the bottom lock at Ardara for nine seasons and never had a chamber empty in under four minutes until the March the culvert silted. That morning it took eleven. She raised the paddles full and stood on the beam and watched the water come down the wall in a thin sheet instead of a boil, and the level in the chamber hardly moved at all.","Continue the text below.

A lock empties through culverts in the chamber wall, and the rate is set by the smallest cross-section anywhere in that path rather than by the opening of the paddles. Full paddle travel is therefore no guarantee of full flow. Sheet discharge at the wall face rather than turbulence is a property of low velocity, and low velocity in a fixed culvert is a matter of obstruction.","Brona worked the bottom lock at Ardara for nine seasons and never had a chamber empty in under four minutes until the March the culvert silted. That morning it took eleven. She raised the paddles full and stood on the beam and watched the water come down the wall in a thin sheet instead of a boil, and the level in the chamber hardly moved at all.","A lock empties through culverts in the chamber wall, and the rate is set by the smallest cross-section anywhere in that path rather than by the opening of the paddles. Full paddle travel is therefore no guarantee of full flow. Sheet discharge at the wall face rather than turbulence is a property of low velocity, and low velocity in a fixed culvert is a matter of obstruction.",67,67
v2-tr-21,train,present,realistic,taxonomy,present,present,both_present,restaurant_pass,"Continue the text below.

Second service and the pass is backed up four plates. Ivo has the tongs in his left hand and is holding a sauce spoon in his teeth because both burners went at once. He sets down the halibut, wipes the rim with his thumb, and sees the sauce has broken — a grey ring already spreading at the edge of the plate. He calls for a new plate and starts again.","Continue the text below.

An emulsion differs from a suspension in what holds the two phases apart: in the first, a film at the interface; in the second, nothing but the viscosity of the medium. Broken and split are not synonyms. A broken sauce is one without the film, separated by density, grey at the rim and clear beneath. A split one is intact but over-thinned, an error of proportion rather than of technique.","Second service and the pass is backed up four plates. Ivo has the tongs in his left hand and is holding a sauce spoon in his teeth because both burners went at once. He sets down the halibut, wipes the rim with his thumb, and sees the sauce has broken — a grey ring already spreading at the edge of the plate. He calls for a new plate and starts again.","An emulsion differs from a suspension in what holds the two phases apart: in the first, a film at the interface; in the second, nothing but the viscosity of the medium. Broken and split are not synonyms. A broken sauce is one without the film, separated by density, grey at the rim and clear beneath. A split one is intact but over-thinned, an error of proportion rather than of technique.",70,70
v2-tr-22,train,oral,realistic,taxonomy,past,present,default,wine_cellar,"Continue the text below.

There was a cellarman at Vouvray who could name a fault in a glass before it reached his mouth and was wrong about one bottle in his life. It was a magnum from ninety-four and he called it cork across the room. They opened it and the cork was sound as a bell. He drank a glass, said nothing, and never called a fault from across a room again.","Continue the text below.

Cork taint differs from oxidation in what it removes rather than in what it adds: the first mutes fruit and leaves the structure intact, the second flattens the structure and leaves an apple note in its place. Reduction is a third and separate class, distinguished from both by its reversibility in air. None of the three is diagnosable from the state of the cork itself, nor from its age.","There was a cellarman at Vouvray who could name a fault in a glass before it reached his mouth and was wrong about one bottle in his life. It was a magnum from ninety-four and he called it cork across the room. They opened it and the cork was sound as a bell. He drank a glass, said nothing, and never called a fault from across a room again.","Cork taint differs from oxidation in what it removes rather than in what it adds: the first mutes fruit and leaves the structure intact, the second flattens the structure and leaves an apple note in its place. Reduction is a third and separate class, distinguished from both by its reversibility in air. None of the three is diagnosable from the state of the cork itself, nor from its age.",69,69
v2-tr-23,train,scenic_past,non_realistic,taxonomy,past,present,default,ship_rigging,"Continue the text below.

The Hesperine carried nine miles of cordage and one length of it would not take a splice. Kovac tried it four times off Cadiz and the lay opened every time within a fathom of the join. On the fifth he laid it up over a thimble instead and it held to the end of the voyage, and it held when they tested it to breaking in Lisbon at twice its rated load.","Continue the text below.

A splice differs from a knot in that it is made within the lay of the rope and not around it, so a splice is a property of the rope's construction and a knot is a property of its path. A hitch is a third class, distinguished from both by requiring a second object. Only the first of the three is sensitive to the lay, and only the first is permanent.","The Hesperine carried nine miles of cordage and one length of it would not take a splice. Kovac tried it four times off Cadiz and the lay opened every time within a fathom of the join. On the fifth he laid it up over a thimble instead and it held to the end of the voyage, and it held when they tested it to breaking in Lisbon at twice its rated load.","A splice differs from a knot in that it is made within the lay of the rope and not around it, so a splice is a property of the rope's construction and a knot is a property of its path. A hitch is a third class, distinguished from both by requiring a second object. Only the first of the three is sensitive to the lay, and only the first is permanent.",72,71
v2-tr-24,train,scenic_past,non_realistic,taxonomy,past,present,default,physician_ward,"Continue the text below.

The physician at Ravensmoor kept a chart of the sick with three columns and by the second week she had drawn a fourth. The new column had two names in it. Both had the flush and the tremor of the second column and neither had the fever, and both were sitting up and talking on the ninth day, and everyone in the second column was gone by the seventh.","Continue the text below.

The three classes are distinguished by which signs occur together, not by severity. Flush with fever is the first class; tremor with fever is the second. Flush and tremor without fever belong to neither, and are a fourth class rather than a mild form of the second, since the ninth day is the point of divergence and mildness alone would not produce a divergence of that kind.","The physician at Ravensmoor kept a chart of the sick with three columns and by the second week she had drawn a fourth. The new column had two names in it. Both had the flush and the tremor of the second column and neither had the fever, and both were sitting up and talking on the ninth day, and everyone in the second column was gone by the seventh.","The three classes are distinguished by which signs occur together, not by severity. Flush with fever is the first class; tremor with fever is the second. Flush and tremor without fever belong to neither, and are a fourth class rather than a mild form of the second, since the ninth day is the point of divergence and mildness alone would not produce a divergence of that kind.",69,67
v2-tr-25,train,folktale,non_realistic,taxonomy,past,past,both_past,hill_smithy,"Continue the text below.

A smith in the hills graded her steel in four names and sold the third for the price of the first, and no lord who bought it ever complained. Her daughter asked why. She said the fourth grade broke, and the first grade held, and the second and third both held, and only one man in a hundred could tell the second from the third, and none of them bought steel.","Continue the text below.

The four grades were distinguished by carbon and by the evenness of its distribution, and not by hardness, which was a property of the finished blade. The first and second differed in evenness alone. The third was even but low in carbon, and the fourth was uneven and high, which was the one combination without toughness at any temper, and the only one of the four beyond correction.","A smith in the hills graded her steel in four names and sold the third for the price of the first, and no lord who bought it ever complained. Her daughter asked why. She said the fourth grade broke, and the first grade held, and the second and third both held, and only one man in a hundred could tell the second from the third, and none of them bought steel.","The four grades were distinguished by carbon and by the evenness of its distribution, and not by hardness, which was a property of the finished blade. The first and second differed in evenness alone. The third was even but low in carbon, and the fourth was uneven and high, which was the one combination without toughness at any temper, and the only one of the four beyond correction.",71,68
v2-tr-26,train,present,realistic,taxonomy,present,present,both_present,valley_sky,"Continue the text below.

Ilinca has the barometer on the sill and the barometer says nothing has changed since Tuesday. The sky says otherwise. There is a sheet of grey over the whole valley with a hole in it directly above the house, a clean-edged hole about a mile across, and inside the hole the air is perfectly clear, and the sheet has not moved in either direction for two days.","Continue the text below.

Stratus differs from altostratus in altitude and in edge: the lower sheet is diffuse at its margins, the higher one sharp enough to cast a defined shadow. Both are layer forms and neither is a convective form. A hole in a layer form is classed by its edge rather than by its size, since a sharp edge belongs to subsidence and a ragged one to erosion.","Ilinca has the barometer on the sill and the barometer says nothing has changed since Tuesday. The sky says otherwise. There is a sheet of grey over the whole valley with a hole in it directly above the house, a clean-edged hole about a mile across, and inside the hole the air is perfectly clear, and the sheet has not moved in either direction for two days.","Stratus differs from altostratus in altitude and in edge: the lower sheet is diffuse at its margins, the higher one sharp enough to cast a defined shadow. Both are layer forms and neither is a convective form. A hole in a layer form is classed by its edge rather than by its size, since a sharp edge belongs to subsidence and a ragged one to erosion.",67,66
v2-tr-27,train,scenic_past,non_realistic,topographic,past,present,default,foreshore,"Continue the text below.

The tide was out past the second bar when Marek saw the boat, and it was coming in without a wake. He watched it cross water too shallow to float it. When it grounded, nothing stepped off. He walked down to the hull and found it dry to the touch, dry inside, dry along the keel where it had come up through six feet of sea, and warm.","Continue the text below.

Three bars lie parallel to the shingle, the outermost above water only at the lowest tides. Between the second bar and the shore the depth at slack is under two feet, too little for a keeled hull, and the bed is firm sand rather than mud. The landward side of each bar is the drier of the two, and the whole foreshore is above the waterline for six hours in twelve.","The tide was out past the second bar when Marek saw the boat, and it was coming in without a wake. He watched it cross water too shallow to float it. When it grounded, nothing stepped off. He walked down to the hull and found it dry to the touch, dry inside, dry along the keel where it had come up through six feet of sea, and warm.","Three bars lie parallel to the shingle, the outermost above water only at the lowest tides. Between the second bar and the shore the depth at slack is under two feet, too little for a keeled hull, and the bed is firm sand rather than mud. The landward side of each bar is the drier of the two, and the whole foreshore is above the waterline for six hours in twelve.",68,71
v2-tr-28,train,scenic_past,non_realistic,topographic,past,present,default,cave_system,"Continue the text below.

Anselm surveyed the Bruckner system for three summers and in the third he found the chamber. It was four hundred metres in and eighty metres across and the floor was flat, flat as a threshing floor, and dry. There was no sediment anywhere in it and no formation on the walls, and his tape gave him the same reading in every direction from the centre, to the centimetre.","Continue the text below.

The system is three levels of passage on a single joint set, with the lowest at four hundred metres from the entrance and the largest chambers on it. Floors are sediment over breakdown and are level only in the last hundred metres. Chamber plans are elongate along the joint rather than circular, and wall formation is general below the second level and absent above it.","Anselm surveyed the Bruckner system for three summers and in the third he found the chamber. It was four hundred metres in and eighty metres across and the floor was flat, flat as a threshing floor, and dry. There was no sediment anywhere in it and no formation on the walls, and his tape gave him the same reading in every direction from the centre, to the centimetre.","The system is three levels of passage on a single joint set, with the lowest at four hundred metres from the entrance and the largest chambers on it. Floors are sediment over breakdown and are level only in the last hundred metres. Chamber plans are elongate along the joint rather than circular, and wall formation is general below the second level and absent above it.",68,65
v2-tr-29,train,oral,realistic,topographic,past,present,default,mountain_pass,"Continue the text below.

They used to say the pass at Dovre was open on the ninth of May and shut on the ninth of October and a man could set his year by it. Nobody says it now. The winter Lisbet drove the mail over it she went up on the second of May on bare stone and came back on the twenty-eighth through four feet of new snow, and it was the same year both times.","Continue the text below.

The pass lies at nine hundred metres on a north-south axis, with the steeper ground on the northern approach and a broad saddle at the summit. The saddle itself is level for some six hundred metres. Snow lies longest in the eastern hollows below it, which are in shadow from October. The southern approach is stone for most of its length and holds no great depth of snow at any season.","They used to say the pass at Dovre was open on the ninth of May and shut on the ninth of October and a man could set his year by it. Nobody says it now. The winter Lisbet drove the mail over it she went up on the second of May on bare stone and came back on the twenty-eighth through four feet of new snow, and it was the same year both times.","The pass lies at nine hundred metres on a north-south axis, with the steeper ground on the northern approach and a broad saddle at the summit. The saddle itself is level for some six hundred metres. Snow lies longest in the eastern hollows below it, which are in shadow from October. The southern approach is stone for most of its length and holds no great depth of snow at any season.",74,71
v2-tr-30,train,present,non_realistic,topographic,present,past,reversed,salt_flat,"Continue the text below.

Urena is eleven kilometres out on the flat and the tracks behind her are the only marks on it in any direction. Ahead of her there is a line. It runs east and west as far as she can see, a hand's width wide, and it is not a crack and not a ridge, and when she kneels and puts her glove on it the salt is warm, and everywhere else it is not.","Continue the text below.

The flat was a hundred and forty kilometres across and lay within two metres of level over its whole extent. Relief across it was nowhere abrupt. The surface was a salt crust of some centimetres over brine. Lineations were general and ran east and west, at intervals of a few kilometres, and were expressed as differences in crust temperature rather than in relief, and were visible only as differences in tone.","Urena is eleven kilometres out on the flat and the tracks behind her are the only marks on it in any direction. Ahead of her there is a line. It runs east and west as far as she can see, a hand's width wide, and it is not a crack and not a ridge, and when she kneels and puts her glove on it the salt is warm, and everywhere else it is not.","The flat was a hundred and forty kilometres across and lay within two metres of level over its whole extent. Relief across it was nowhere abrupt. The surface was a salt crust of some centimetres over brine. Lineations were general and ran east and west, at intervals of a few kilometres, and were expressed as differences in crust temperature rather than in relief, and were visible only as differences in tone.",74,71
v2-tr-31,train,scenic_past,non_realistic,topographic,past,past,both_past,river_delta,"Continue the text below.

Kwabena mapped the delta twice, in the dry and in the flood, and the two maps did not agree about the third channel. In the dry it ran south-east to the sea. In the flood it ran south-west, the same channel, the same banks, and the water in it going the other way round the same island, and the island in both maps exactly where it had been.","Continue the text below.

The delta was seven channels on a fan of some thirty kilometres, of which the third was the deepest and the least confined by levees. Bed gradients across the fan were under a metre in ten kilometres. At that gradient the direction of any channel was a function of stage rather than of relief, and the islands between channels were stable in position at all stages.","Kwabena mapped the delta twice, in the dry and in the flood, and the two maps did not agree about the third channel. In the dry it ran south-east to the sea. In the flood it ran south-west, the same channel, the same banks, and the water in it going the other way round the same island, and the island in both maps exactly where it had been.","The delta was seven channels on a fan of some thirty kilometres, of which the third was the deepest and the least confined by levees. Bed gradients across the fan were under a metre in ten kilometres. At that gradient the direction of any channel was a function of stage rather than of relief, and the islands between channels were stable in position at all stages.",68,66
v2-tr-32,train,folktale,non_realistic,topographic,past,past,both_past,fen,"Continue the text below.

There was a fen that gave up one thing a year and always in the same month, and the men of the two villages that bordered it drew lots for the finding. In the year of the great drought it gave up a boat with a mast, standing upright in the peat with its sail set, forty miles from any water that would float it, and the sail was dry.","Continue the text below.

The fen was some nine thousand hectares of peat over clay, with the peat at four to six metres through the centre and thinner at both margins. Water table stood within a foot of the surface for most of the year. Objects within the peat were at all depths and in all attitudes, and the peat was anaerobic throughout, so preservation was general rather than local to any part.","There was a fen that gave up one thing a year and always in the same month, and the men of the two villages that bordered it drew lots for the finding. In the year of the great drought it gave up a boat with a mast, standing upright in the peat with its sail set, forty miles from any water that would float it, and the sail was dry.","The fen was some nine thousand hectares of peat over clay, with the peat at four to six metres through the centre and thinner at both margins. Water table stood within a foot of the surface for most of the year. Objects within the peat were at all depths and in all attitudes, and the peat was anaerobic throughout, so preservation was general rather than local to any part.",70,69
v2-tr-33,train,oral,realistic,statistical,past,present,default,school,"Continue the text below.

Everyone at that school remembers the year the bell broke. It rang at eleven twenty instead of noon, every day, for a fortnight, and nobody in the office would admit to knowing why. Half the school ate lunch early. The other half sat through forty extra minutes of double maths because their teacher refused to go by anything but her own watch, and she was right, and it didn't help.","Continue the text below.

Reported lunch timing varies more within schools than between them. In the sample, 46 percent of pupils take lunch inside a twenty-minute window around noon; the rest are distributed across the forty minutes on either side. Teacher-held timing accounts for most of the spread: where a class follows a clock other than the bell, its lunch start sits a mean eighteen minutes from the school median, in either direction.","Everyone at that school remembers the year the bell broke. It rang at eleven twenty instead of noon, every day, for a fortnight, and nobody in the office would admit to knowing why. Half the school ate lunch early. The other half sat through forty extra minutes of double maths because their teacher refused to go by anything but her own watch, and she was right, and it didn't help.","Reported lunch timing varies more within schools than between them. In the sample, 46 percent of pupils take lunch inside a twenty-minute window around noon; the rest are distributed across the forty minutes on either side. Teacher-held timing accounts for most of the spread: where a class follows a clock other than the bell, its lunch start sits a mean eighteen minutes from the school median, in either direction.",70,69
v2-tr-34,train,scenic_past,realistic,statistical,past,present,default,tenement,"Continue the text below.

The inspector for the fourth district was a woman called Wieczorek and she walked every stair in it in the spring of the year the census came round. At number nine Krochmalna she counted eleven in the front room and wrote it down and knocked on the back. The back room had one man in it, and a bed, and four chairs set round the walls, and he was paying twice the front room's rent.","Continue the text below.

Occupancy per room varies more between rooms in one building than between buildings in one district. In the fourth district the median is four persons to a room, with a quarter of rooms above eight and a tenth below two. Building age accounts for none of the variance in either measure. Rent per room is uncorrelated with occupancy and correlated with position, front rooms being the cheaper at every level of occupancy.","The inspector for the fourth district was a woman called Wieczorek and she walked every stair in it in the spring of the year the census came round. At number nine Krochmalna she counted eleven in the front room and wrote it down and knocked on the back. The back room had one man in it, and a bed, and four chairs set round the walls, and he was paying twice the front room's rent.","Occupancy per room varies more between rooms in one building than between buildings in one district. In the fourth district the median is four persons to a room, with a quarter of rooms above eight and a tenth below two. Building age accounts for none of the variance in either measure. Rent per room is uncorrelated with occupancy and correlated with position, front rooms being the cheaper at every level of occupancy.",75,72
v2-tr-35,train,present,non_realistic,statistical,present,past,reversed,orchestra_audition,"Continue the text below.

The screen is up and the panel has heard nine cellists and the ninth is playing the same passage the fourth played. Note for note, breath for breath, down to a lift before the last phrase that is not in the part. Somoza looks at the list. The fourth candidate withdrew before the audition began and her name is struck through in his own hand.","Continue the text below.

Behind a screen the distribution of panel scores was about a fifth narrower than the same panel's scoring in view. Agreement between panellists was highest at the extremes and lowest in the third quartile, where a third of all placings were decided. Order of appearance accounted for a mean of two places, candidates heard late in a session placing higher than their scores alone would give.","The screen is up and the panel has heard nine cellists and the ninth is playing the same passage the fourth played. Note for note, breath for breath, down to a lift before the last phrase that is not in the part. Somoza looks at the list. The fourth candidate withdrew before the audition began and her name is struck through in his own hand.","Behind a screen the distribution of panel scores was about a fifth narrower than the same panel's scoring in view. Agreement between panellists was highest at the extremes and lowest in the third quartile, where a third of all placings were decided. Order of appearance accounted for a mean of two places, candidates heard late in a session placing higher than their scores alone would give.",65,66
v2-tr-36,train,scenic_past,realistic,statistical,past,past,both_past,port_arrivals,"Continue the text below.

Rahim kept the arrivals book at the north quay for nineteen years and in the last of them he began to keep a second book of his own. In the second book he wrote down what the men said their trades were and what they were doing a month later. Of the hundred and forty joiners in the first year, three were joining wood. The rest were on the coal.","Continue the text below.

Declared trade and trade at one month agreed in about a fifth of returns. Declaration itself was made once and was never revised. Agreement was highest among trades with a licensing requirement and lowest among the building trades, of which joinery was the largest single declaration. Coal handling was the destination of a third of all arrivals, and was itself declared by fewer than one man in fifty.","Rahim kept the arrivals book at the north quay for nineteen years and in the last of them he began to keep a second book of his own. In the second book he wrote down what the men said their trades were and what they were doing a month later. Of the hundred and forty joiners in the first year, three were joining wood. The rest were on the coal.","Declared trade and trade at one month agreed in about a fifth of returns. Declaration itself was made once and was never revised. Agreement was highest among trades with a licensing requirement and lowest among the building trades, of which joinery was the largest single declaration. Coal handling was the destination of a third of all arrivals, and was itself declared by fewer than one man in fifty.",70,68
v2-tr-37,train,present,non_realistic,statistical,present,past,reversed,colony_berths,"Continue the text below.

Berth allocation closes at midnight and Tsegay has four hundred and six names for four hundred berths and no way to choose between them. He runs the lottery. It gives him four hundred names and the six it leaves out are the six who were last on the list, in order, which a lottery does not do. He runs it again with a new seed and it gives him the same six.","Continue the text below.

Allocation by lottery gave a uniform distribution over list position, with departures from uniformity of the order of the square root of the count. At four hundred and six names the expected number of the final six excluded by chance was under a tenth. Repeated draws under independent seeds were independent, and agreement between two draws on the excluded set was a matter of one in some millions of draws.","Berth allocation closes at midnight and Tsegay has four hundred and six names for four hundred berths and no way to choose between them. He runs the lottery. It gives him four hundred names and the six it leaves out are the six who were last on the list, in order, which a lottery does not do. He runs it again with a new seed and it gives him the same six.","Allocation by lottery gave a uniform distribution over list position, with departures from uniformity of the order of the square root of the count. At four hundred and six names the expected number of the final six excluded by chance was under a tenth. Repeated draws under independent seeds were independent, and agreement between two draws on the excluded set was a matter of one in some millions of draws.",72,70
v2-tr-38,train,oral,realistic,statistical,past,present,default,market_stalls,"Continue the text below.

Everybody on the Thursday market knew that Aunty Fetuma's stall took more money on a wet day than a dry one and everybody had a theory about it. She had the corner under the arch. When they roofed the whole market in seventy-eight and there was no wet and no dry any more, her takings settled at the wet-day figure and stayed there, and the theories stopped.","Continue the text below.

Takings per stall vary with position more than with weather, and the two are confounded where shelter is unevenly distributed. Corner pitches under permanent cover show a coefficient of variation across weather of under a tenth; open pitches show four times that. Under a roof the open pitches sit at the level of the covered ones, and the difference between the classes is small at all weathers.","Everybody on the Thursday market knew that Aunty Fetuma's stall took more money on a wet day than a dry one and everybody had a theory about it. She had the corner under the arch. When they roofed the whole market in seventy-eight and there was no wet and no dry any more, her takings settled at the wet-day figure and stayed there, and the theories stopped.","Takings per stall vary with position more than with weather, and the two are confounded where shelter is unevenly distributed. Corner pitches under permanent cover show a coefficient of variation across weather of under a tenth; open pitches show four times that. Under a roof the open pitches sit at the level of the covered ones, and the difference between the classes is small at all weathers.",67,67
v2-tr-39,train,folktale,non_realistic,encyclopedic,past,present,default,watermill,"Continue the text below.

There was a miller who owed the river a debt and paid it in flour, a handful thrown from the sluice gate every Friday at dusk. For nine years the wheel turned in drought and in flood alike. In the tenth year he kept the handful back, and the water rose to the axle and stopped there, neither turning the wheel nor falling, and it waited.","Continue the text below.

A breastshot wheel takes water at about axle height, between the overshot and undershot arrangements, and converts both the weight and the impulse of the flow. Its efficiency depends on the sluice gate, which sets the depth of water admitted to the buckets. Head above the axle is wasted; head below it does not fill the buckets. The working range is therefore narrow and fixed by the gate.","There was a miller who owed the river a debt and paid it in flour, a handful thrown from the sluice gate every Friday at dusk. For nine years the wheel turned in drought and in flood alike. In the tenth year he kept the handful back, and the water rose to the axle and stopped there, neither turning the wheel nor falling, and it waited.","A breastshot wheel takes water at about axle height, between the overshot and undershot arrangements, and converts both the weight and the impulse of the flow. Its efficiency depends on the sluice gate, which sets the depth of water admitted to the buckets. Head above the axle is wasted; head below it does not fill the buckets. The working range is therefore narrow and fixed by the gate.",66,68
v2-tr-40,train,scenic_past,non_realistic,encyclopedic,past,present,default,eclipse,"Continue the text below.

The eclipse was due at four minutes past eleven and at four minutes past eleven it came, and Halvorsen had his plate exposed and his watch in his hand. Totality ran two minutes and eleven seconds, as predicted. Then it ran again. The shadow came back over the same ground in the same direction eleven minutes later and lasted the same two minutes and eleven seconds, and no almanac had it.","Continue the text below.

A total eclipse is the passage of the lunar umbra across the surface, and its duration at any point is a function of the umbral diameter there and of the relative velocity of the shadow. Both are set by the orbits alone. The umbra is single and its track is monotonic in longitude, so any point on the surface lies within it for one interval only in a given syzygy.","The eclipse was due at four minutes past eleven and at four minutes past eleven it came, and Halvorsen had his plate exposed and his watch in his hand. Totality ran two minutes and eleven seconds, as predicted. Then it ran again. The shadow came back over the same ground in the same direction eleven minutes later and lasted the same two minutes and eleven seconds, and no almanac had it.","A total eclipse is the passage of the lunar umbra across the surface, and its duration at any point is a function of the umbral diameter there and of the relative velocity of the shadow. Both are set by the orbits alone. The umbra is single and its track is monotonic in longitude, so any point on the surface lies within it for one interval only in a given syzygy.",71,70
v2-tr-41,train,scenic_past,non_realistic,encyclopedic,past,past,both_past,peat_bank,"Continue the text below.

Sigrun cut turf on the same bank as her mother and her mother's mother and in the summer of the bad hay she cut down to something at seven feet. It was a hand, and a wrist, and a sleeve of woven stuff with a red thread in it, and the red was as red as the day it was dyed, and the fingernails were clean and cut short.","Continue the text below.

Peat was the accumulation of plant matter under waterlogged and acid conditions, at rates of the order of a millimetre in a year, so that depth was a proxy for age. The same conditions were hostile to bacterial action and to most fading. Organic material within the peat was therefore subject to compression and to staining rather than to decay, at any depth in the bank.","Sigrun cut turf on the same bank as her mother and her mother's mother and in the summer of the bad hay she cut down to something at seven feet. It was a hand, and a wrist, and a sleeve of woven stuff with a red thread in it, and the red was as red as the day it was dyed, and the fingernails were clean and cut short.","Peat was the accumulation of plant matter under waterlogged and acid conditions, at rates of the order of a millimetre in a year, so that depth was a proxy for age. The same conditions were hostile to bacterial action and to most fading. Organic material within the peat was therefore subject to compression and to staining rather than to decay, at any depth in the bank.",69,66
v2-tr-42,train,present,realistic,encyclopedic,present,past,reversed,tidal_bore,"Continue the text below.

Mireia is on the wall an hour before the bore and the water below her is going out, which is right, and then it stops. It does not turn. It stands still the whole width of the channel for a count of two hundred, flat as a table and level with the mark, and then it goes on out again, and the bore comes up on time behind it.","Continue the text below.

A tidal bore was the front of the flood tide propagating into a converging channel against the ebb, and required a large range, a shallow bed and a narrowing plan. Its arrival was set by the tide and not by the state of the ebb before it. Slack water was the interval of zero mean velocity and was of the order of minutes in such channels.","Mireia is on the wall an hour before the bore and the water below her is going out, which is right, and then it stops. It does not turn. It stands still the whole width of the channel for a count of two hundred, flat as a table and level with the mark, and then it goes on out again, and the bore comes up on time behind it.","A tidal bore was the front of the flood tide propagating into a converging channel against the ebb, and required a large range, a shallow bed and a narrowing plan. Its arrival was set by the tide and not by the state of the ebb before it. Slack water was the interval of zero mean velocity and was of the order of minutes in such channels.",69,66
v2-tr-43,train,present,non_realistic,encyclopedic,present,past,reversed,heraldry,"Continue the text below.

The herald has the roll open at the fourth quarter and the fourth quarter is wrong. It bears three martlets where the roll of ninety years back bears two, and the roll of forty years back bears two, and the paint over the third is the same age as the paint under it. Nobody has added a martlet. He turns the page and the arms opposite bear four.","Continue the text below.

Charges were counted as part of the blazon and were not subject to variation at the painter's discretion, so a difference in number between two rolls was a difference in the arms borne. Marshalling by quarters placed a distinct coat in each quarter. Cadency was expressed by an added mark rather than by an altered count, which made the count the more stable element of a blazon.","The herald has the roll open at the fourth quarter and the fourth quarter is wrong. It bears three martlets where the roll of ninety years back bears two, and the roll of forty years back bears two, and the paint over the third is the same age as the paint under it. Nobody has added a martlet. He turns the page and the arms opposite bear four.","Charges were counted as part of the blazon and were not subject to variation at the painter's discretion, so a difference in number between two rolls was a difference in the arms borne. Marshalling by quarters placed a distinct coat in each quarter. Cadency was expressed by an added mark rather than by an altered count, which made the count the more stable element of a blazon.",68,67
v2-tr-44,train,present,realistic,spec,present,past,reversed,scaffold,"Continue the text below.

Nadia is three lifts up when the board under her right foot gives half an inch and stops. She does not move. She looks down through the gap at the coupler holding the ledger and sees it is a right-angle clamp where a swivel should be, and that whoever set it has run the bolt in from the wrong side, so the jaw is open toward the load. She whistles once.","Continue the text below.

Ledger connections were required to be made with right-angle couplers, swivel couplers being permitted only where a member met another out of square. Bolts were to be entered from the side away from the load, so that the jaw was closed against it rather than open toward it. Boards were to bear on three supports, with no unsupported span admitting vertical movement greater than a quarter inch at any lift.","Nadia is three lifts up when the board under her right foot gives half an inch and stops. She does not move. She looks down through the gap at the coupler holding the ledger and sees it is a right-angle clamp where a swivel should be, and that whoever set it has run the bolt in from the wrong side, so the jaw is open toward the load. She whistles once.","Ledger connections were required to be made with right-angle couplers, swivel couplers being permitted only where a member met another out of square. Bolts were to be entered from the side away from the load, so that the jaw was closed against it rather than open toward it. Boards were to bear on three supports, with no unsupported span admitting vertical movement greater than a quarter inch at any lift.",71,70
v2-tr-45,train,oral,realistic,spec,past,present,default,bakery_weights,"Continue the text below.

The inspector came to Halim's bakery every quarter for eleven years and every quarter the loaves were four grams over and he wrote it down as compliant. In the twelfth year a new inspector came and weighed nine loaves and found them four grams over, and asked why, and Halim said because the old man liked them four grams over. She wrote that down too.","Continue the text below.

A loaf sold by weight is required to be not less than its declared weight, with no upper limit imposed by the schedule. Compliance is determined on the mean of a stated number of units and not on any single unit. A shortfall in one unit within a compliant mean is not an offence, and a uniform excess is outside the scope of the schedule entirely.","The inspector came to Halim's bakery every quarter for eleven years and every quarter the loaves were four grams over and he wrote it down as compliant. In the twelfth year a new inspector came and weighed nine loaves and found them four grams over, and asked why, and Halim said because the old man liked them four grams over. She wrote that down too.","A loaf sold by weight is required to be not less than its declared weight, with no upper limit imposed by the schedule. Compliance is determined on the mean of a stated number of units and not on any single unit. A shortfall in one unit within a compliant mean is not an offence, and a uniform excess is outside the scope of the schedule entirely.",65,66
v2-tr-46,train,scenic_past,non_realistic,spec,past,past,both_past,lifeboat_davits,"Continue the text below.

The Coriander went down in eleven minutes in flat calm and every soul aboard her was taken off in the boats, which was not what the inquiry expected to find. The second officer had swung all four davits out at the first alarm, before the order, against standing instructions, and had been reprimanded twice that year for doing the same thing in drills.","Continue the text below.

Davits were required to be capable of turning out a fully loaded boat with the ship listed fifteen degrees either way, and the turning out was to be effected by the falls alone without recourse to power. Boats were to be kept inboard except as the master directed. That direction was a condition of the requirement and not a matter of the davit's capability.","The Coriander went down in eleven minutes in flat calm and every soul aboard her was taken off in the boats, which was not what the inquiry expected to find. The second officer had swung all four davits out at the first alarm, before the order, against standing instructions, and had been reprimanded twice that year for doing the same thing in drills.","Davits were required to be capable of turning out a fully loaded boat with the ship listed fifteen degrees either way, and the turning out was to be effected by the falls alone without recourse to power. Boats were to be kept inboard except as the master directed. That direction was a condition of the requirement and not a matter of the davit's capability.",63,64
v2-tr-47,train,folktale,non_realistic,spec,past,past,both_past,guild_articles,"Continue the text below.

There was a guild that bound its apprentices for seven years and one day, and a boy came to it who had already served six years to a master in another town. They argued it a whole winter. In the end they bound him for seven years and one day and set him to the work of a journeyman from the first morning, and paid him nothing, and he stayed.","Continue the text below.

Articles were to run for a term of seven years and one day from the date of binding, and prior service elsewhere was not to be set against the term. Work assigned was at the discretion of the master and was not required to correspond to the stage of the term. Maintenance was the master's obligation; wages were not within the articles at any stage of it.","There was a guild that bound its apprentices for seven years and one day, and a boy came to it who had already served six years to a master in another town. They argued it a whole winter. In the end they bound him for seven years and one day and set him to the work of a journeyman from the first morning, and paid him nothing, and he stayed.","Articles were to run for a term of seven years and one day from the date of binding, and prior service elsewhere was not to be set against the term. Work assigned was at the discretion of the master and was not required to correspond to the stage of the term. Maintenance was the master's obligation; wages were not within the articles at any stage of it.",70,67
v2-tr-48,train,scenic_past,non_realistic,essay,past,present,default,sealed_archive,"Continue the text below.

The reading room had been sealed for two hundred years and the air inside still moved. Oyelaran set the lamp on the nearest table and the dust did not lift. It hung where it was, in layers, each one flat and separate, as though something had been turning the room over slowly all that time and had stopped only when the door opened. The catalogue drawers were warm.","Continue the text below.

Sealing a collection preserves the object and forfeits the reason for keeping it. The argument for closed storage rests on rates of decay, which are real and well measured; the argument against rests on use, which is harder to quantify and so tends to lose. But a catalogue no one opens is not a lesser holding than one in circulation. It is a different thing, and its decay is not material.","The reading room had been sealed for two hundred years and the air inside still moved. Oyelaran set the lamp on the nearest table and the dust did not lift. It hung where it was, in layers, each one flat and separate, as though something had been turning the room over slowly all that time and had stopped only when the door opened. The catalogue drawers were warm.","Sealing a collection preserves the object and forfeits the reason for keeping it. The argument for closed storage rests on rates of decay, which are real and well measured; the argument against rests on use, which is harder to quantify and so tends to lose. But a catalogue no one opens is not a lesser holding than one in circulation. It is a different thing, and its decay is not material.",68,71
v2-tr-49,train,scenic_past,realistic,essay,past,present,default,museum_basement,"Continue the text below.

The crate stood in the basement at Leiden for sixty years with a number on it and nothing else, and when Adjoa finally opened it in the spring there were two of everything inside. Two masks, two staffs, two of the small bronze figures, each pair identical to the eye, each pair with one label. The register had a single entry, dated 1898, and the word duplicate in a later hand.","Continue the text below.

The case for return rests on provenance, and provenance is precisely what a poorly kept register destroys. That is an argument for return rather than against it. A museum unable to say how an object came to it is in no position to claim that it came lawfully, and the burden of a missing record properly falls on the party whose duty it was to keep one in the first place.","The crate stood in the basement at Leiden for sixty years with a number on it and nothing else, and when Adjoa finally opened it in the spring there were two of everything inside. Two masks, two staffs, two of the small bronze figures, each pair identical to the eye, each pair with one label. The register had a single entry, dated 1898, and the word duplicate in a later hand.","The case for return rests on provenance, and provenance is precisely what a poorly kept register destroys. That is an argument for return rather than against it. A museum unable to say how an object came to it is in no position to claim that it came lawfully, and the burden of a missing record properly falls on the party whose duty it was to keep one in the first place.",71,71
v2-tr-50,train,oral,realistic,essay,past,present,default,valley_school,"Continue the text below.

There was a schoolmistress in the valley who fined her pupils a penny for every word of the dialect and kept the pennies in a jar on her desk. At the end of the year she bought a dictionary with them. She read out of it to the class every Friday for the rest of her life, and every one of those children spoke the dialect at home until they died.","Continue the text below.

A standard is useful in proportion to the number of people it reaches, and a dialect is useful in proportion to how well it fits the life of the people who speak it. These are different goods and neither displaces the other. The case for teaching the standard is therefore not a case against the dialect, and schooling that treats it as one loses both of them at the same time.","There was a schoolmistress in the valley who fined her pupils a penny for every word of the dialect and kept the pennies in a jar on her desk. At the end of the year she bought a dictionary with them. She read out of it to the class every Friday for the rest of her life, and every one of those children spoke the dialect at home until they died.","A standard is useful in proportion to the number of people it reaches, and a dialect is useful in proportion to how well it fits the life of the people who speak it. These are different goods and neither displaces the other. The case for teaching the standard is therefore not a case against the dialect, and schooling that treats it as one loses both of them at the same time.",71,71
v2-ho-01,heldout,scenic_past,realistic,criterial,past,past,both_past,vineyard_frost,"Continue the text below.

Gwenael walked the lower rows at first light and the frost had taken the second and the fourth and left the third alone, all the way to the wall. Same slope, same rootstock, same pruning. He counted the buds on nine vines in the third row and they were sound to the last one, and the vines either side of them were black to the second node.","Continue the text below.

Frost damage was graded on the count of dead buds over a fixed number of canes on each vine, not on the colour of the wood, which was black well above the temperature fatal to a bud or node. Row position was recorded as a cause and never as a grade. Slope, rootstock and pruning were constant within a block, so a difference between rows was a difference in air.","Gwenael walked the lower rows at first light and the frost had taken the second and the fourth and left the third alone, all the way to the wall. Same slope, same rootstock, same pruning. He counted the buds on nine vines in the third row and they were sound to the last one, and the vines either side of them were black to the second node.","Frost damage was graded on the count of dead buds over a fixed number of canes on each vine, not on the colour of the wood, which was black well above the temperature fatal to a bud or node. Row position was recorded as a cause and never as a grade. Slope, rootstock and pruning were constant within a block, so a difference between rows was a difference in air.",67,70
v2-ho-02,heldout,oral,realistic,criterial,past,present,default,tannery,"Continue the text below.

Old Sabri at the tannery could grade a hide with his eyes shut and did it that way to annoy the buyers. He went over it with the back of his hand and called it. In forty years he was overruled once, on a hide he called second and the buyer called first, and when they split it the flesh side had a warble hole in it the size of a pea.","Continue the text below.

A hide is graded on the flesh side and on the count and position of holes, not on the grain, which is a matter for the finish. A single warble hole in the centre of the butt is disqualifying from first grade whatever its size. Holes at the margins are not counted at all, since the margins lie outside the graded area, and no buyer's hand is on them at any grade.","Old Sabri at the tannery could grade a hide with his eyes shut and did it that way to annoy the buyers. He went over it with the back of his hand and called it. In forty years he was overruled once, on a hide he called second and the buyer called first, and when they split it the flesh side had a warble hole in it the size of a pea.","A hide is graded on the flesh side and on the count and position of holes, not on the grain, which is a matter for the finish. A single warble hole in the centre of the butt is disqualifying from first grade whatever its size. Holes at the margins are not counted at all, since the margins lie outside the graded area, and no buyer's hand is on them at any grade.",72,72
v2-ho-03,heldout,present,non_realistic,criterial,present,past,reversed,ore_assay,"Continue the text below.

Nkemdi has the core on the bench and the assay is reading platinum at nine parts in a thousand, which is four times anything in the belt. She runs it again. It reads nine again. She cuts a second core from the far side of the same body and it reads nothing at all, not a trace, and the two cores are eleven metres apart in the same rock.","Continue the text below.

An assay was reported on the mean of three cores and a single core was not a result, whatever its reading. Reproducibility within one core was a check on the bench and not on the body. Disagreement between cores from one body was the expected condition rather than a fault, since distribution of platinum in these bodies was nodular and the nodules were of the order of metres in the rock.","Nkemdi has the core on the bench and the assay is reading platinum at nine parts in a thousand, which is four times anything in the belt. She runs it again. It reads nine again. She cuts a second core from the far side of the same body and it reads nothing at all, not a trace, and the two cores are eleven metres apart in the same rock.","An assay was reported on the mean of three cores and a single core was not a result, whatever its reading. Reproducibility within one core was a check on the bench and not on the body. Disagreement between cores from one body was the expected condition rather than a fault, since distribution of platinum in these bodies was nodular and the nodules were of the order of metres in the rock.",69,71
v2-ho-04,heldout,scenic_past,non_realistic,criterial,past,present,default,falconry,"Continue the text below.

The falconer at Ashby had a tiercel that dropped its deck feathers in October, which is the wrong month, and grew them back inside a fortnight, which is not possible. She weighed it every morning. It held at eleven ounces through the whole of it and ate what it always ate, and in November it dropped them again and grew them again in twelve days.","Continue the text below.

Condition in moult is judged on weight held at the morning weighing and on appetite, and the month in which deck feathers are dropped is recorded but is no criterion. Rate of replacement in days is a criterion only where weight falls with it, since feather growth at a constant weight in ounces indicates surplus rather than deficiency. A second moult is classed on the same two measures.","The falconer at Ashby had a tiercel that dropped its deck feathers in October, which is the wrong month, and grew them back inside a fortnight, which is not possible. She weighed it every morning. It held at eleven ounces through the whole of it and ate what it always ate, and in November it dropped them again and grew them again in twelve days.","Condition in moult is judged on weight held at the morning weighing and on appetite, and the month in which deck feathers are dropped is recorded but is no criterion. Rate of replacement in days is a criterion only where weight falls with it, since feather growth at a constant weight in ounces indicates surplus rather than deficiency. A second moult is classed on the same two measures.",65,68
v2-ho-05,heldout,present,realistic,technical,present,past,reversed,freewheel,"Continue the text below.

Ceyda has the wheel in the stand and the freewheel is engaging in both directions, which it should not do at all. She spins it backwards and it drives. She takes the body off and the pawls are where pawls go, both of them, sprung and clean, and the ratchet ring is turned the wrong way round in its seat, and somebody has done that on purpose.","Continue the text below.

A freewheel body carried two or three sprung pawls bearing on a ratchet ring, and the direction of drive was set by the orientation of the ring's teeth relative to the pawls. The pawls themselves were symmetrical about their pivots. Drive in one direction and overrun in the other were therefore a property of the assembly and not of any component within it, the ratchet ring included.","Ceyda has the wheel in the stand and the freewheel is engaging in both directions, which it should not do at all. She spins it backwards and it drives. She takes the body off and the pawls are where pawls go, both of them, sprung and clean, and the ratchet ring is turned the wrong way round in its seat, and somebody has done that on purpose.","A freewheel body carried two or three sprung pawls bearing on a ratchet ring, and the direction of drive was set by the orientation of the ring's teeth relative to the pawls. The pawls themselves were symmetrical about their pivots. Drive in one direction and overrun in the other were therefore a property of the assembly and not of any component within it, the ratchet ring included.",67,67
v2-ho-06,heldout,scenic_past,non_realistic,technical,past,past,both_past,borehole_pump,"Continue the text below.

The pump at the mission drew sweet water from ninety feet for thirty years and in the thirty-first it began to draw it from nowhere at all. Sister Adaobi had the rising main up in sections on the ground, all ninety feet of it, and the foot valve on the end of it, and the pump on the head, and the pump was still delivering four gallons a minute.","Continue the text below.

A lift pump raised water by pressure difference alone and required a continuous column between the foot valve and the cylinder, the rising main being that column. Delivery was therefore limited by the height of the water table below the cylinder, and was conditional on the integrity of the main. Rate of delivery was independent of both, the foot valve being the lower termination of the assembly.","The pump at the mission drew sweet water from ninety feet for thirty years and in the thirty-first it began to draw it from nowhere at all. Sister Adaobi had the rising main up in sections on the ground, all ninety feet of it, and the foot valve on the end of it, and the pump on the head, and the pump was still delivering four gallons a minute.","A lift pump raised water by pressure difference alone and required a continuous column between the foot valve and the cylinder, the rising main being that column. Delivery was therefore limited by the height of the water table below the cylinder, and was conditional on the integrity of the main. Rate of delivery was independent of both, the foot valve being the lower termination of the assembly.",69,67
v2-ho-07,heldout,folktale,non_realistic,taxonomy,past,past,both_past,marsh_baskets,"Continue the text below.

A woman in the marsh wove baskets in three patterns and would not weave the fourth, and her granddaughter asked her the whole of one summer why not. She said the fourth held water. The granddaughter wove it anyway, at fourteen, out of the same rush from the same bed, and it held water, and it went on holding water after the rush in it had dried to nothing.","Continue the text below.

The three patterns were distinguished by the path of the weaver relative to the stakes: over one, over two, or paired. Tightness was a consequence of that path and not an independent property. A fourth pattern, in which the weaver crossed itself between stakes, was of a different class again, since its tightness was a function of the crossing rather than of the count of stakes beneath it.","A woman in the marsh wove baskets in three patterns and would not weave the fourth, and her granddaughter asked her the whole of one summer why not. She said the fourth held water. The granddaughter wove it anyway, at fourteen, out of the same rush from the same bed, and it held water, and it went on holding water after the rush in it had dried to nothing.","The three patterns were distinguished by the path of the weaver relative to the stakes: over one, over two, or paired. Tightness was a consequence of that path and not an independent property. A fourth pattern, in which the weaver crossed itself between stakes, was of a different class again, since its tightness was a function of the crossing rather than of the count of stakes beneath it.",69,68
v2-ho-08,heldout,scenic_past,realistic,taxonomy,past,present,default,soil_pit,"Continue the text below.

Bartomeu dug his pit on the flat above the terrace and found the horizons in the wrong order. Twenty centimetres of dark topsoil, then clay, then another dark layer forty centimetres down with worm channels in it and roots going through it, and then clay again below that. He photographed all four faces of the pit and the fourth face showed the same thing at the same depth.","Continue the text below.

Horizons are distinguished by the direction of movement of material rather than by colour: an eluvial horizon is one from which material has been removed, an illuvial one that in which it accumulates. Colour follows from organic content and is not itself a criterion. Depth is a criterion in none of the three. A buried horizon differs from both in that its boundaries are inherited rather than active.","Bartomeu dug his pit on the flat above the terrace and found the horizons in the wrong order. Twenty centimetres of dark topsoil, then clay, then another dark layer forty centimetres down with worm channels in it and roots going through it, and then clay again below that. He photographed all four faces of the pit and the fourth face showed the same thing at the same depth.","Horizons are distinguished by the direction of movement of material rather than by colour: an eluvial horizon is one from which material has been removed, an illuvial one that in which it accumulates. Colour follows from organic content and is not itself a criterion. Depth is a criterion in none of the three. A buried horizon differs from both in that its boundaries are inherited rather than active.",68,68
v2-ho-09,heldout,scenic_past,non_realistic,topographic,past,present,default,moraine_field,"Continue the text below.

Halldora crossed the moraine field in the third week and the boulders in the middle of it were sorted. Not scattered but sorted, largest at the centre and smallest at the edges, in nine rings, each ring a single size, and the rings concentric about a point where there was nothing at all but flat gravel and a little standing water.","Continue the text below.

A terminal moraine field is a belt of unsorted till a few hundred metres across, lying transverse to the direction of former flow. Relief within it is a matter of a few metres. Sorting is absent by definition in till, and where present in such a field it is confined to outwash channels, which are linear and lie along the local gradient.","Halldora crossed the moraine field in the third week and the boulders in the middle of it were sorted. Not scattered but sorted, largest at the centre and smallest at the edges, in nine rings, each ring a single size, and the rings concentric about a point where there was nothing at all but flat gravel and a little standing water.","A terminal moraine field is a belt of unsorted till a few hundred metres across, lying transverse to the direction of former flow. Relief within it is a matter of a few metres. Sorting is absent by definition in till, and where present in such a field it is confined to outwash channels, which are linear and lie along the local gradient.",61,62
v2-ho-10,heldout,present,realistic,topographic,present,past,reversed,lagoon_crust,"Continue the text below.

Wafa is walking the inner shore of the lagoon at the hour before the wind and the crust is holding her weight, which it does not do after March. Ahead of her the crust is broken in a line two hundred metres long and a metre wide, edges turned up on both sides, and the brine below it is clear, and there is nothing on either side of the line.","Continue the text below.

The lagoon was closed by a barrier and was some four kilometres across, with a salt crust over brine on its inner margin. Crust thickness was seasonal and greatest before the onset of the summer wind. Brine below the crust was clear at all thicknesses. Fractures in such a crust were polygonal at a scale of metres and were a consequence of desiccation, the upturned margins being characteristic.","Wafa is walking the inner shore of the lagoon at the hour before the wind and the crust is holding her weight, which it does not do after March. Ahead of her the crust is broken in a line two hundred metres long and a metre wide, edges turned up on both sides, and the brine below it is clear, and there is nothing on either side of the line.","The lagoon was closed by a barrier and was some four kilometres across, with a salt crust over brine on its inner margin. Crust thickness was seasonal and greatest before the onset of the summer wind. Brine below the crust was clear at all thicknesses. Fractures in such a crust were polygonal at a scale of metres and were a consequence of desiccation, the upturned margins being characteristic.",70,68
v2-ho-11,heldout,oral,realistic,statistical,past,present,default,fishing_fleet,"Continue the text below.

Everyone at Ballycotton knew that the Maire Rua landed more than any boat her size and the reason given was Diarmuid's eye for water. He kept no logs. When his nephew took her over and did keep logs, the boat landed the same weight for four seasons and the logs showed she was fishing the same nine marks as everybody else, in the same order, on the same tides.","Continue the text below.

Landings per boat correlate with hold capacity and with days at sea, and the residual on those two is small. Skipper identity accounts for under a tenth of variance in the returns for this fleet. Where marks fished are recorded, the number of distinct marks is uncorrelated with landings, and the order of working them is uncorrelated with both. Hold capacity is the larger of the two terms.","Everyone at Ballycotton knew that the Maire Rua landed more than any boat her size and the reason given was Diarmuid's eye for water. He kept no logs. When his nephew took her over and did keep logs, the boat landed the same weight for four seasons and the logs showed she was fishing the same nine marks as everybody else, in the same order, on the same tides.","Landings per boat correlate with hold capacity and with days at sea, and the residual on those two is small. Skipper identity accounts for under a tenth of variance in the returns for this fleet. Where marks fished are recorded, the number of distinct marks is uncorrelated with landings, and the order of working them is uncorrelated with both. Hold capacity is the larger of the two terms.",69,68
v2-ho-12,heldout,oral,realistic,statistical,past,past,both_past,theatre_house,"Continue the text below.

The Alhambra had two hundred seats and the house manager used to say she could tell the takings from the third row alone. She was right for eleven years. In the twelfth the company started papering the house with free tickets and she was right for another eleven, because the papered seats went in the back and the third row was always sold.","Continue the text below.

Occupancy of the front third was a better predictor of paid attendance than total occupancy, with a residual of some five per cent against twenty. Row position was recorded for every house. Complimentary admissions were concentrated in the rear half of the auditorium in nine houses of every ten. Total occupancy was therefore the weaker measure wherever any part of the house was papered.","The Alhambra had two hundred seats and the house manager used to say she could tell the takings from the third row alone. She was right for eleven years. In the twelfth the company started papering the house with free tickets and she was right for another eleven, because the papered seats went in the back and the third row was always sold.","Occupancy of the front third was a better predictor of paid attendance than total occupancy, with a residual of some five per cent against twenty. Row position was recorded for every house. Complimentary admissions were concentrated in the rear half of the auditorium in nine houses of every ten. Total occupancy was therefore the weaker measure wherever any part of the house was papered.",63,64
v2-ho-13,heldout,folktale,non_realistic,encyclopedic,past,present,default,hill_stone,"Continue the text below.

There was a stone on the hill above Kilmuir with a name cut in it that no one could read, and a lichen grew over the name and no one would scrape it off. Every seventy years or so the lichen died back off the letters and stood clear of them, a hand's breadth clear all round, and stayed clear for a season, and then grew over them again.","Continue the text below.

A crustose lichen is a composite of fungus and photobiont, without differentiated tissue, and increases at rates of the order of a millimetre in a year at the margin alone. Interior growth is absent, and the rate is uniform around a margin of even chemistry. Extent is therefore a function of age and of substrate, and margins recede only where the substrate beneath them differs from the surrounding surface.","There was a stone on the hill above Kilmuir with a name cut in it that no one could read, and a lichen grew over the name and no one would scrape it off. Every seventy years or so the lichen died back off the letters and stood clear of them, a hand's breadth clear all round, and stayed clear for a season, and then grew over them again.","A crustose lichen is a composite of fungus and photobiont, without differentiated tissue, and increases at rates of the order of a millimetre in a year at the margin alone. Interior growth is absent, and the rate is uniform around a margin of even chemistry. Extent is therefore a function of age and of substrate, and margins recede only where the substrate beneath them differs from the surrounding surface.",69,69
v2-ho-14,heldout,present,non_realistic,spec,present,past,reversed,kiln_schedule,"Continue the text below.

Perpetua has the schedule pinned to the door and the kiln is running eighty degrees above the top of it and rising. She cuts the gas. It goes on rising. She opens the spy and the cones are down, all three of them, and the ware behind them is the colour it should be at nine hundred and not at thirteen hundred, and the pyrometer reads thirteen hundred.","Continue the text below.

The schedule prescribed a rate of rise, a top temperature and a soak, and compliance was determined on the cones rather than on the pyrometer, which was an indication only. Where the two disagreed the cones governed. Gas supply was a means of control and no part of the record, and a rise after its interruption was reportable but was not of itself a breach of the schedule.","Perpetua has the schedule pinned to the door and the kiln is running eighty degrees above the top of it and rising. She cuts the gas. It goes on rising. She opens the spy and the cones are down, all three of them, and the ware behind them is the colour it should be at nine hundred and not at thirteen hundred, and the pyrometer reads thirteen hundred.","The schedule prescribed a rate of rise, a top temperature and a soak, and compliance was determined on the cones rather than on the pyrometer, which was an indication only. Where the two disagreed the cones governed. Gas supply was a means of control and no part of the record, and a rise after its interruption was reportable but was not of itself a breach of the schedule.",68,68
v2-ho-15,heldout,scenic_past,realistic,essay,past,present,default,translator_desk,"Continue the text below.

Yusuf translated the same forty lines nine times over eleven years and kept every version in the same folder. The first was literal and the ninth was not, and the ones in the middle were neither. He read all nine aloud to his daughter in the last winter of his life and asked her which was the poem, and she said the fourth, and he said he had thought so too.","Continue the text below.

Fidelity and readability are not endpoints of one scale, and treating them as such is what produces the false choice. A literal version is unfaithful wherever the original was not difficult; a fluent one is unfaithful wherever it was. The question is which of a text's properties are load-bearing, and that is a judgement about the particular text in hand and not a position on a spectrum at all.","Yusuf translated the same forty lines nine times over eleven years and kept every version in the same folder. The first was literal and the ninth was not, and the ones in the middle were neither. He read all nine aloud to his daughter in the last winter of his life and asked her which was the poem, and she said the fourth, and he said he had thought so too.","Fidelity and readability are not endpoints of one scale, and treating them as such is what produces the false choice. A literal version is unfaithful wherever the original was not difficult; a fluent one is unfaithful wherever it was. The question is which of a text's properties are load-bearing, and that is a judgement about the particular text in hand and not a position on a spectrum at all.",71,69
