probe,axis,layer,depth,null_folded,null_dz_folded,cos_probe_axis,cell_type,auroc,wins,ties,n,auroc_folded,cohens_dz,cohens_dz_folded,delta_excluded,excess_over_null,excess_dz_over_null,auroc_sd,n_draws,axis_mean_paired_cos
eval,eval,0,0.0,0.5,nan,0.0,diag_heldout,0.5,0,15,15,0.5,nan,nan,,0.0,nan,,,
eval,eval,0,0.0,0.5,nan,0.0,diag_lopo,0.5,0,50,50,0.5,nan,nan,,0.0,nan,,,
eval,eval,1,0.0357,0.596153846153846,0.2129771862544195,1.0,diag_heldout,1.0,15,0,15,1.0,1.6018925087494709,1.6018925087494709,,0.40384615384615397,1.3889153224950515,,,
eval,eval,1,0.0357,0.596153846153846,0.2129771862544195,1.0,diag_lopo,0.94,47,0,50,0.94,1.2827321409686034,1.2827321409686034,,0.3438461538461539,1.069754954714184,,,
eval,eval,2,0.0714,0.5923076923076922,0.20101895043426085,0.9999999999999999,diag_heldout,1.0,15,0,15,1.0,2.025773674883076,2.025773674883076,,0.4076923076923078,1.8247547244488154,,,
eval,eval,2,0.0714,0.5923076923076922,0.20101895043426085,0.9999999999999999,diag_lopo,0.94,47,0,50,0.94,1.4848882181340166,1.4848882181340166,,0.34769230769230774,1.2838692676997558,,,
eval,eval,3,0.1071,0.6092307692307692,0.22413397784348016,1.0000000000000002,diag_heldout,0.9333333333333333,14,0,15,0.9333333333333333,1.6153608738683332,1.6153608738683332,,0.3241025641025641,1.391226896024853,,,
eval,eval,3,0.1071,0.6092307692307692,0.22413397784348016,1.0000000000000002,diag_lopo,0.92,46,0,50,0.92,1.3238839136125498,1.3238839136125498,,0.3107692307692308,1.0997499357690697,,,
eval,eval,4,0.1429,0.5969230769230769,0.22594889838543467,1.0000000000000002,diag_heldout,0.9333333333333333,14,0,15,0.9333333333333333,1.457594845607458,1.457594845607458,,0.33641025641025646,1.2316459472220231,,,
eval,eval,4,0.1429,0.5969230769230769,0.22594889838543467,1.0000000000000002,diag_lopo,0.92,46,0,50,0.92,1.3546638980448398,1.3546638980448398,,0.32307692307692315,1.128714999659405,,,
eval,eval,5,0.1786,0.5776923076923076,0.20975899625094838,1.0,diag_heldout,0.9333333333333333,14,0,15,0.9333333333333333,1.2304022124522467,1.2304022124522467,,0.35564102564102573,1.0206432162012984,,,
eval,eval,5,0.1786,0.5776923076923076,0.20975899625094838,1.0,diag_lopo,0.94,47,0,50,0.94,1.3686825443667778,1.3686825443667778,,0.36230769230769233,1.1589235481158295,,,
eval,eval,6,0.2143,0.5984615384615385,0.23560511618903676,1.0000000000000002,diag_heldout,0.8666666666666667,13,0,15,0.8666666666666667,1.198334968683565,1.198334968683565,,0.2682051282051282,0.9627298524945281,,,
eval,eval,6,0.2143,0.5984615384615385,0.23560511618903676,1.0000000000000002,diag_lopo,0.88,44,0,50,0.88,1.1411752866851477,1.1411752866851477,,0.2815384615384615,0.9055701704961109,,,
eval,eval,7,0.25,0.6169230769230769,0.27466694402804126,0.9999999999999999,diag_heldout,0.9333333333333333,14,0,15,0.9333333333333333,1.371201786249949,1.371201786249949,,0.31641025641025644,1.096534842221908,,,
eval,eval,7,0.25,0.6169230769230769,0.27466694402804126,0.9999999999999999,diag_lopo,0.92,46,0,50,0.92,1.287253574240398,1.287253574240398,,0.30307692307692313,1.0125866302123567,,,
eval,eval,8,0.2857,0.5969230769230769,0.2663313560244277,0.9999999999999999,diag_heldout,0.9333333333333333,14,0,15,0.9333333333333333,1.6607641654977272,1.6607641654977272,,0.33641025641025646,1.3944328094732996,,,
eval,eval,8,0.2857,0.5969230769230769,0.2663313560244277,0.9999999999999999,diag_lopo,0.92,46,0,50,0.92,1.3782976935962168,1.3782976935962168,,0.32307692307692315,1.111966337571789,,,
eval,eval,9,0.3214,0.6,0.23586413432012782,0.9999999999999998,diag_heldout,1.0,15,0,15,1.0,1.5490836137144142,1.5490836137144142,,0.4,1.3132194793942864,,,
eval,eval,9,0.3214,0.6,0.23586413432012782,0.9999999999999998,diag_lopo,0.96,48,0,50,0.96,1.3972856238732534,1.3972856238732534,,0.36,1.1614214895531256,,,
eval,eval,10,0.3571,0.6138461538461538,0.2864031314827752,0.9999999999999999,diag_heldout,1.0,15,0,15,1.0,1.6339401791026709,1.6339401791026709,,0.3861538461538462,1.3475370476198956,,,
eval,eval,10,0.3571,0.6138461538461538,0.2864031314827752,0.9999999999999999,diag_lopo,0.94,47,0,50,0.94,1.3964529616449404,1.3964529616449404,,0.3261538461538461,1.1100498301621653,,,
eval,eval,11,0.3929,0.5776923076923077,0.22966738322277963,1.0,diag_heldout,1.0,15,0,15,1.0,1.3526936986084894,1.3526936986084894,,0.4223076923076923,1.1230263153857099,,,
eval,eval,11,0.3929,0.5776923076923077,0.22966738322277963,1.0,diag_lopo,0.94,47,0,50,0.94,1.479946859134572,1.479946859134572,,0.3623076923076922,1.2502794759117923,,,
eval,eval,12,0.4286,0.6100000000000001,0.2605982589729147,0.9999999999999999,diag_heldout,1.0,15,0,15,1.0,1.4009113593665778,1.4009113593665778,,0.3899999999999999,1.140313100393663,,,
eval,eval,12,0.4286,0.6100000000000001,0.2605982589729147,0.9999999999999999,diag_lopo,0.9,45,0,50,0.9,1.4824581142523747,1.4824581142523747,,0.2899999999999999,1.22185985527946,,,
eval,eval,13,0.4643,0.5815384615384616,0.2041007271497771,1.0000000000000002,diag_heldout,1.0,15,0,15,1.0,1.2688324403097355,1.2688324403097355,,0.41846153846153844,1.0647317131599585,,,
eval,eval,13,0.4643,0.5815384615384616,0.2041007271497771,1.0000000000000002,diag_lopo,0.94,47,0,50,0.94,1.643365029147244,1.643365029147244,,0.3584615384615384,1.439264301997467,,,
eval,eval,14,0.5,0.6046153846153846,0.23956839573526315,1.0000000000000002,diag_heldout,0.8,12,0,15,0.8,1.0295450945483848,1.0295450945483848,,0.1953846153846155,0.7899766988131217,,,
eval,eval,14,0.5,0.6046153846153846,0.23956839573526315,1.0000000000000002,diag_lopo,0.98,49,0,50,0.98,1.4520947600128689,1.4520947600128689,,0.3753846153846154,1.2125263642776056,,,
eval,eval,15,0.5357,0.5946153846153845,0.24004819400364283,1.0000000000000002,diag_heldout,0.9333333333333333,14,0,15,0.9333333333333333,1.1372335928548991,1.1372335928548991,,0.3387179487179488,0.8971853988512563,,,
eval,eval,15,0.5357,0.5946153846153845,0.24004819400364283,1.0000000000000002,diag_lopo,0.96,48,0,50,0.96,1.4678413498269995,1.4678413498269995,,0.3653846153846154,1.2277931558233568,,,
eval,eval,16,0.5714,0.6169230769230769,0.28429686843321067,0.9999999999999998,diag_heldout,1.0,15,0,15,1.0,1.280269378305704,1.280269378305704,,0.3830769230769231,0.9959725098724933,,,
eval,eval,16,0.5714,0.6169230769230769,0.28429686843321067,0.9999999999999998,diag_lopo,0.96,48,0,50,0.96,1.4385273511645866,1.4385273511645866,,0.34307692307692306,1.1542304827313759,,,
eval,eval,17,0.6071,0.593076923076923,0.2130271557833042,1.0,diag_heldout,1.0,15,0,15,1.0,1.2618321824416587,1.2618321824416587,,0.40692307692307705,1.0488050266583546,,,
eval,eval,17,0.6071,0.593076923076923,0.2130271557833042,1.0,diag_lopo,0.96,48,0,50,0.96,1.4566690601044845,1.4566690601044845,,0.366923076923077,1.2436419043211804,,,
eval,eval,18,0.6429,0.6069230769230769,0.26888373334254545,1.0,diag_heldout,1.0,15,0,15,1.0,1.2412663679156792,1.2412663679156792,,0.3930769230769231,0.9723826345731338,,,
eval,eval,18,0.6429,0.6069230769230769,0.26888373334254545,1.0,diag_lopo,0.96,48,0,50,0.96,1.4459625446485926,1.4459625446485926,,0.35307692307692307,1.177078811306047,,,
eval,eval,19,0.6786,0.6061538461538462,0.2496507436679622,1.0,diag_heldout,1.0,15,0,15,1.0,1.1436127367033384,1.1436127367033384,,0.39384615384615385,0.8939619930353762,,,
eval,eval,19,0.6786,0.6061538461538462,0.2496507436679622,1.0,diag_lopo,0.98,49,0,50,0.98,1.3801024989636392,1.3801024989636392,,0.37384615384615383,1.130451755295677,,,
eval,eval,20,0.7143,0.5930769230769231,0.2501559897571346,0.9999999999999999,diag_heldout,1.0,15,0,15,1.0,1.2737910163810706,1.2737910163810706,,0.40692307692307694,1.023635026623936,,,
eval,eval,20,0.7143,0.5930769230769231,0.2501559897571346,0.9999999999999999,diag_lopo,0.98,49,0,50,0.98,1.441337004797753,1.441337004797753,,0.3869230769230769,1.1911810150406184,,,
eval,eval,21,0.75,0.6138461538461538,0.24659184543515483,1.0000000000000002,diag_heldout,1.0,15,0,15,1.0,1.2116391697890112,1.2116391697890112,,0.3861538461538462,0.9650473243538564,,,
eval,eval,21,0.75,0.6138461538461538,0.24659184543515483,1.0000000000000002,diag_lopo,0.92,46,0,50,0.92,1.3653656406341808,1.3653656406341808,,0.3061538461538462,1.118773795199026,,,
eval,eval,22,0.7857,0.5853846153846154,0.1950788147585029,1.0,diag_heldout,1.0,15,0,15,1.0,1.383919050755972,1.383919050755972,,0.4146153846153846,1.188840235997469,,,
eval,eval,22,0.7857,0.5853846153846154,0.1950788147585029,1.0,diag_lopo,0.98,49,0,50,0.98,1.359725292561753,1.359725292561753,,0.3946153846153846,1.16464647780325,,,
eval,eval,23,0.8214,0.5923076923076922,0.20430655967132277,1.0000000000000002,diag_heldout,1.0,15,0,15,1.0,1.4195188199738873,1.4195188199738873,,0.4076923076923078,1.2152122603025646,,,
eval,eval,23,0.8214,0.5923076923076922,0.20430655967132277,1.0000000000000002,diag_lopo,0.96,48,0,50,0.96,1.3640274427062822,1.3640274427062822,,0.36769230769230776,1.1597208830349595,,,
eval,eval,24,0.8571,0.5999999999999999,0.21881681600062586,0.9999999999999998,diag_heldout,1.0,15,0,15,1.0,1.4850669512960588,1.4850669512960588,,0.40000000000000013,1.266250135295433,,,
eval,eval,24,0.8571,0.5999999999999999,0.21881681600062586,0.9999999999999998,diag_lopo,0.92,46,0,50,0.92,1.3043285670179423,1.3043285670179423,,0.3200000000000002,1.0855117510173165,,,
eval,eval,25,0.8929,0.5930769230769231,0.20531598890345984,1.0,diag_heldout,0.9333333333333333,14,0,15,0.9333333333333333,1.5165355449715197,1.5165355449715197,,0.3402564102564103,1.3112195560680597,,,
eval,eval,25,0.8929,0.5930769230769231,0.20531598890345984,1.0,diag_lopo,0.9,45,0,50,0.9,1.296714242308366,1.296714242308366,,0.30692307692307697,1.091398253404906,,,
eval,eval,26,0.9286,0.5838461538461537,0.2459807072844944,0.9999999999999998,diag_heldout,0.9333333333333333,14,0,15,0.9333333333333333,1.376081463636825,1.376081463636825,,0.34948717948717967,1.1301007563523306,,,
eval,eval,26,0.9286,0.5838461538461537,0.2459807072844944,0.9999999999999998,diag_lopo,0.9,45,0,50,0.9,1.297515816880647,1.297515816880647,,0.31615384615384634,1.0515351095961527,,,
eval,eval,27,0.9643,0.5815384615384614,0.2144207126584517,1.0,diag_heldout,0.9333333333333333,14,0,15,0.9333333333333333,1.3886744496309884,1.3886744496309884,,0.3517948717948719,1.1742537369725368,,,
eval,eval,27,0.9643,0.5815384615384614,0.2144207126584517,1.0,diag_lopo,0.94,47,0,50,0.94,1.2984363990194254,1.2984363990194254,,0.3584615384615385,1.0840156863609738,,,
eval,eval,28,1.0,0.5723076923076922,0.2221698038489593,0.9999999999999998,diag_heldout,1.0,15,0,15,1.0,1.474888084745696,1.474888084745696,,0.4276923076923078,1.2527182808967368,,,
eval,eval,28,1.0,0.5723076923076922,0.2221698038489593,0.9999999999999998,diag_lopo,0.9,45,0,50,0.9,1.3613910163417058,1.3613910163417058,,0.32769230769230784,1.1392212124927465,,,
eval,harm,0,0.0,0.5,nan,0.0,offdiag_pooled,0.5,0,65,65,0.5,nan,nan,0.65,0.0,nan,,,
eval,harm,1,0.0357,0.5853846153846153,0.16716704499313678,0.04014095174471928,offdiag_pooled,0.47692307692307695,31,0,65,0.523076923076923,0.05061883681315284,0.05061883681315284,0.65,-0.062307692307692286,-0.11654820817998394,,,
eval,harm,2,0.0714,0.5946153846153844,0.22626249170757579,0.032137528292331734,offdiag_pooled,0.47692307692307695,31,0,65,0.523076923076923,0.07268178225884529,0.07268178225884529,0.65,-0.07153846153846144,-0.15358070944873048,,,
eval,harm,3,0.1071,0.5784615384615385,0.19532994866152223,-0.05309941820410495,offdiag_pooled,0.4307692307692308,28,0,65,0.5692307692307692,-0.14952514759521512,0.14952514759521512,0.7,-0.009230769230769265,-0.045804801066307105,,,
eval,harm,4,0.1429,0.5938461538461539,0.2012416342849141,0.009034024615096174,offdiag_pooled,0.46153846153846156,30,0,65,0.5384615384615384,-0.02051377474086429,0.02051377474086429,0.7,-0.055384615384615477,-0.1807278595440498,,,
eval,harm,5,0.1786,0.5884615384615384,0.17773030697984438,0.05970487869591095,offdiag_pooled,0.49230769230769234,32,0,65,0.5076923076923077,0.1224916788746055,0.1224916788746055,0.65,-0.0807692307692307,-0.05523862810523887,,,
eval,harm,6,0.2143,0.5700000000000001,0.20208001051341115,0.1489853531439919,offdiag_pooled,0.6461538461538462,42,0,65,0.6461538461538462,0.22643781715302563,0.22643781715302563,,0.07615384615384613,0.024357806639614482,,,
eval,harm,7,0.25,0.6061538461538462,0.257147529427101,0.0791309536614863,offdiag_pooled,0.5692307692307692,37,0,65,0.5692307692307692,0.11368433801588543,0.11368433801588543,0.7,-0.03692307692307695,-0.14346319141121558,,,
eval,harm,8,0.2857,0.5746153846153845,0.19776467826447497,0.04964135203330214,offdiag_pooled,0.47692307692307695,31,0,65,0.523076923076923,0.10067588810025752,0.10067588810025752,0.65,-0.05153846153846153,-0.09708879016421745,,,
eval,harm,9,0.3214,0.5869230769230769,0.19255384625866961,0.004110889143092282,offdiag_pooled,0.46153846153846156,30,0,65,0.5384615384615384,-0.06049314123186348,0.06049314123186348,0.7,-0.048461538461538445,-0.13206070502680614,,,
eval,harm,10,0.3571,0.6223076923076923,0.2932504580848845,0.08733254021476483,offdiag_pooled,0.6,39,0,65,0.6,0.21201687188955556,0.21201687188955556,0.75,-0.02230769230769236,-0.08123358619532892,,,
eval,harm,11,0.3929,0.5938461538461538,0.2151679070339688,0.11260082686143989,offdiag_pooled,0.5846153846153846,38,0,65,0.5846153846153846,0.2548172289464955,0.2548172289464955,0.75,-0.009230769230769154,0.03964932191252671,,,
eval,harm,12,0.4286,0.6138461538461539,0.2997438251261246,0.14901146522440703,offdiag_pooled,0.6461538461538462,42,0,65,0.6461538461538462,0.37998435986030155,0.37998435986030155,,0.03230769230769226,0.08024053473417697,,,
eval,harm,13,0.4643,0.6538461538461536,0.37318431421942094,0.1280028236668074,offdiag_pooled,0.6461538461538462,42,0,65,0.6461538461538462,0.3548591635712635,0.3548591635712635,,-0.007692307692307443,-0.01832515064815743,,,
eval,harm,14,0.5,0.6715384615384614,0.4200718195484012,-0.030378732536471265,offdiag_pooled,0.49230769230769234,32,0,65,0.5076923076923077,-0.14659242100672956,0.14659242100672956,0.65,-0.16384615384615375,-0.2734793985416717,,,
eval,harm,15,0.5357,0.6600000000000001,0.4508031549637169,-0.09869538159152719,offdiag_pooled,0.3230769230769231,21,0,65,0.676923076923077,-0.5127057910681151,0.5127057910681151,,0.01692307692307682,0.06190263610439817,,,
eval,harm,16,0.5714,0.7115384615384617,0.5755070280251348,-0.15087181489374463,offdiag_pooled,0.26153846153846155,17,0,65,0.7384615384615385,-0.7290392236687264,0.7290392236687264,,0.026923076923076827,0.15353219564359166,,,
eval,harm,17,0.6071,0.6723076923076923,0.460481281770729,-0.09213156317942028,offdiag_pooled,0.3076923076923077,20,0,65,0.6923076923076923,-0.5237649685516331,0.5237649685516331,,0.020000000000000018,0.06328368678090412,,,
eval,harm,18,0.6429,0.7007692307692307,0.5431816744904787,-0.08375105097371945,offdiag_pooled,0.26153846153846155,17,0,65,0.7384615384615385,-0.5233184187027504,0.5233184187027504,,0.0376923076923078,-0.019863255787728296,,,
eval,harm,19,0.6786,0.7423076923076923,0.6986011260407227,0.04260540862613234,offdiag_pooled,0.6307692307692307,41,0,65,0.6307692307692307,0.36877903823280134,0.36877903823280134,0.75,-0.11153846153846159,-0.3298220878079213,,,
eval,harm,20,0.7143,0.7707692307692308,0.8614879118114491,-0.006464673282774966,offdiag_pooled,0.4307692307692308,28,0,65,0.5692307692307692,-0.049150865341372904,0.049150865341372904,0.7,-0.20153846153846156,-0.8123370464700762,,,
eval,harm,21,0.75,0.7192307692307692,0.6209806173873778,0.13267958714874523,offdiag_pooled,0.9076923076923077,59,0,65,0.9076923076923077,1.2395295943107407,1.2395295943107407,,0.18846153846153846,0.618548976923363,,,
eval,harm,22,0.7857,0.736923076923077,0.7056459911620554,0.07513322104018962,offdiag_pooled,0.7692307692307693,50,0,65,0.7692307692307693,0.7775582856509631,0.7775582856509631,,0.03230769230769226,0.07191229448890768,,,
eval,harm,23,0.8214,0.7215384615384616,0.6201187510094819,0.07441285680470693,offdiag_pooled,0.8,52,0,65,0.8,0.7954592760082634,0.7954592760082634,,0.07846153846153847,0.1753405249987815,,,
eval,harm,24,0.8571,0.7869230769230768,0.8803537421667533,0.08152620146638723,offdiag_pooled,0.8307692307692308,54,0,65,0.8307692307692308,0.886418437507647,0.886418437507647,,0.04384615384615398,0.006064695340893711,,,
eval,harm,25,0.8929,0.7223076923076922,0.6320508398157907,0.10100020938882123,offdiag_pooled,0.8461538461538461,55,0,65,0.8461538461538461,1.0072050086701696,1.0072050086701696,,0.12384615384615394,0.3751541688543789,,,
eval,harm,26,0.9286,0.7553846153846154,0.7931988699443677,0.03704261868394313,offdiag_pooled,0.676923076923077,44,0,65,0.676923076923077,0.41089873453145964,0.41089873453145964,,-0.07846153846153847,-0.3823001354129081,,,
eval,harm,27,0.9643,0.7192307692307693,0.6564133962755133,-0.009946703004932602,offdiag_pooled,0.47692307692307695,31,0,65,0.523076923076923,-0.09243476130442405,0.09243476130442405,0.65,-0.19615384615384635,-0.5639786349710892,,,
eval,harm,28,1.0,0.7153846153846153,0.6429098517728853,0.06439407928360699,offdiag_pooled,0.7384615384615385,48,0,65,0.7384615384615385,0.5868146791951464,0.5868146791951464,,0.023076923076923217,-0.05609517257773888,,,
eval,length,0,0.0,0.5,nan,0.0,offdiag_pooled,0.5,0,30,30,0.5,nan,nan,0.7,0.0,nan,,,
eval,length,1,0.0357,0.8866666666666667,1.7699177930689356,0.003802464680888138,offdiag_pooled,0.5666666666666667,17,0,30,0.5666666666666667,0.10231661400593131,0.10231661400593131,0.75,-0.32000000000000006,-1.6676011790630043,,,
eval,length,2,0.0714,0.835,1.7170424658830794,0.04019247816834307,offdiag_pooled,0.7333333333333333,22,0,30,0.7333333333333333,0.8919850147462978,0.8919850147462978,,-0.10166666666666668,-0.8250574511367816,,,
eval,length,3,0.1071,0.8949999999999999,1.6991317191277737,0.10042623322411041,offdiag_pooled,0.7333333333333333,22,0,30,0.7333333333333333,0.8334883933088557,0.8334883933088557,,-0.16166666666666663,-0.865643325818918,,,
eval,length,4,0.1429,0.8383333333333335,1.5060197920143452,0.03945217548356216,offdiag_pooled,0.6666666666666666,20,0,30,0.6666666666666666,0.30946775060351167,0.30946775060351167,,-0.17166666666666686,-1.1965520414108335,,,
eval,length,5,0.1786,0.775,1.0325434916909215,0.1688105914548732,offdiag_pooled,1.0,30,0,30,1.0,2.54594192176222,2.54594192176222,,0.22499999999999998,1.5133984300712984,,,
eval,length,6,0.2143,0.8300000000000001,1.5999118430098556,0.2974595657657816,offdiag_pooled,1.0,30,0,30,1.0,4.15229132626928,4.15229132626928,,0.16999999999999993,2.5523794832594247,,,
eval,length,7,0.25,0.8133333333333335,1.523519694603895,0.23966222435377682,offdiag_pooled,1.0,30,0,30,1.0,4.203965300318397,4.203965300318397,,0.18666666666666654,2.6804456057145023,,,
eval,length,8,0.2857,0.8266666666666665,1.397438261269001,0.19603057105467972,offdiag_pooled,1.0,30,0,30,1.0,3.965347844667549,3.965347844667549,,0.17333333333333345,2.5679095833985484,,,
eval,length,9,0.3214,0.7933333333333333,1.1882364400211085,0.2457659514786004,offdiag_pooled,1.0,30,0,30,1.0,4.2392197077050735,4.2392197077050735,,0.20666666666666667,3.050983267683965,,,
eval,length,10,0.3571,0.77,0.9562565650492008,0.3264721382799059,offdiag_pooled,1.0,30,0,30,1.0,2.775980692087208,2.775980692087208,,0.22999999999999998,1.8197241270380073,,,
eval,length,11,0.3929,0.7533333333333333,0.799243551909433,0.31951572199235173,offdiag_pooled,1.0,30,0,30,1.0,4.515111428311362,4.515111428311362,,0.2466666666666667,3.7158678764019286,,,
eval,length,12,0.4286,0.82,1.2625738700830675,0.30887831496869067,offdiag_pooled,1.0,30,0,30,1.0,4.095611265329152,4.095611265329152,,0.18000000000000005,2.8330373952460848,,,
eval,length,13,0.4643,0.79,1.0177602620635955,0.3546403281831331,offdiag_pooled,1.0,30,0,30,1.0,5.870237578116854,5.870237578116854,,0.20999999999999996,4.852477316053259,,,
eval,length,14,0.5,0.8400000000000001,1.2846215484478845,0.24575921968318307,offdiag_pooled,1.0,30,0,30,1.0,4.0380761313656075,4.0380761313656075,,0.15999999999999992,2.753454582917723,,,
eval,length,15,0.5357,0.7466666666666666,0.8351926653873528,0.2217718592904557,offdiag_pooled,1.0,30,0,30,1.0,3.869971454609863,3.869971454609863,,0.2533333333333334,3.03477878922251,,,
eval,length,16,0.5714,0.7866666666666667,1.00876948455192,0.23569344086431465,offdiag_pooled,1.0,30,0,30,1.0,4.4750617764838365,4.4750617764838365,,0.21333333333333326,3.4662922919319166,,,
eval,length,17,0.6071,0.7683333333333333,0.860034196867103,0.2363567784485769,offdiag_pooled,1.0,30,0,30,1.0,4.588375051949488,4.588375051949488,,0.2316666666666667,3.7283408550823856,,,
eval,length,18,0.6429,0.7716666666666666,0.9167452859655902,0.23758019067454988,offdiag_pooled,1.0,30,0,30,1.0,4.875326625702595,4.875326625702595,,0.2283333333333334,3.9585813397370044,,,
eval,length,19,0.6786,0.7233333333333333,0.7421707325203125,0.2491930972116746,offdiag_pooled,1.0,30,0,30,1.0,2.8865182483856997,2.8865182483856997,,0.2766666666666667,2.144347515865387,,,
eval,length,20,0.7143,0.7166666666666667,0.7249046379791965,0.26117038046774255,offdiag_pooled,1.0,30,0,30,1.0,2.8933577082330038,2.8933577082330038,,0.2833333333333333,2.168453070253807,,,
eval,length,21,0.75,0.7466666666666668,0.8397248509345033,0.2141415757058178,offdiag_pooled,1.0,30,0,30,1.0,2.0351048587729155,2.0351048587729155,,0.2533333333333332,1.1953800078384123,,,
eval,length,22,0.7857,0.6783333333333333,0.5291451335980156,0.21768352715882733,offdiag_pooled,1.0,30,0,30,1.0,1.8969311483867253,1.8969311483867253,,0.32166666666666666,1.3677860147887095,,,
eval,length,23,0.8214,0.6833333333333333,0.5071363382641356,0.2554835044363503,offdiag_pooled,1.0,30,0,30,1.0,1.9970317253059244,1.9970317253059244,,0.31666666666666665,1.4898953870417888,,,
eval,length,24,0.8571,0.6833333333333333,0.5598197852704454,0.261360215433208,offdiag_pooled,1.0,30,0,30,1.0,1.7980687326298928,1.7980687326298928,,0.31666666666666665,1.2382489473594473,,,
eval,length,25,0.8929,0.6866666666666665,0.4629620743495436,0.2587690100195429,offdiag_pooled,1.0,30,0,30,1.0,1.9668004876902496,1.9668004876902496,,0.31333333333333346,1.5038384133407061,,,
eval,length,26,0.9286,0.6866666666666665,0.5454551193977047,0.2822106160419316,offdiag_pooled,1.0,30,0,30,1.0,1.999261218628452,1.999261218628452,,0.31333333333333346,1.4538060992307473,,,
eval,length,27,0.9643,0.7116666666666667,0.5827346283111524,0.29398808523843367,offdiag_pooled,1.0,30,0,30,1.0,2.117288060982596,2.117288060982596,,0.28833333333333333,1.5345534326714438,,,
eval,length,28,1.0,0.6883333333333332,0.5275695659325285,0.2711787790940729,offdiag_pooled,1.0,30,0,30,1.0,2.1157791621920716,2.1157791621920716,,0.31166666666666676,1.588209596259543,,,
eval,persona,0,0.0,0.5,nan,0.0,offdiag_pooled,0.5,0,65,65,0.5,nan,nan,0.65,0.0,nan,,,
eval,persona,1,0.0357,0.7253846153846153,0.7268106252842956,-0.15967337827493572,offdiag_pooled,0.13846153846153847,9,0,65,0.8615384615384616,-0.980177872058921,0.980177872058921,,0.1361538461538463,0.2533672467746254,,,
eval,persona,2,0.0714,0.7184615384615384,0.6518985262601529,-0.13421982419989156,offdiag_pooled,0.15384615384615385,10,0,65,0.8461538461538461,-1.0724299654624996,1.0724299654624996,,0.12769230769230777,0.4205314392023467,,,
eval,persona,3,0.1071,0.74,0.7097658227547379,0.05354684652154558,offdiag_pooled,0.7230769230769231,47,0,65,0.7230769230769231,0.5719247805661519,0.5719247805661519,,-0.01692307692307693,-0.13784104218858595,,,
eval,persona,4,0.1429,0.7161538461538461,0.6628882766166957,-0.03396293967444093,offdiag_pooled,0.36923076923076925,24,0,65,0.6307692307692307,-0.2820512047342278,0.2820512047342278,0.75,-0.08538461538461539,-0.3808370718824679,,,
eval,persona,5,0.1786,0.7246153846153847,0.6945826847592765,0.15533478586590505,offdiag_pooled,0.8,52,0,65,0.8,0.9420696199387072,0.9420696199387072,,0.07538461538461538,0.24748693517943066,,,
eval,persona,6,0.2143,0.7076923076923077,0.6177077442969753,0.16985802494970612,offdiag_pooled,0.7692307692307693,50,0,65,0.7692307692307693,0.8390870566191642,0.8390870566191642,,0.06153846153846154,0.22137931232218888,,,
eval,persona,7,0.25,0.8353846153846154,1.1389426591177314,0.14262126857449722,offdiag_pooled,0.8769230769230769,57,0,65,0.8769230769230769,1.141937459941015,1.141937459941015,,0.041538461538461524,0.0029948008232836276,,,
eval,persona,8,0.2857,0.7884615384615385,0.856518791851015,0.08760962166647644,offdiag_pooled,0.8,52,0,65,0.8,0.8857476982538398,0.8857476982538398,,0.011538461538461497,0.029228906402824828,,,
eval,persona,9,0.3214,0.7223076923076923,0.7527826303203708,0.08854884758538367,offdiag_pooled,0.7846153846153846,51,0,65,0.7846153846153846,0.9101698327127795,0.9101698327127795,,0.062307692307692286,0.15738720239240866,,,
eval,persona,10,0.3571,0.7507692307692307,0.7554140408021404,0.1382183653554398,offdiag_pooled,0.8615384615384616,56,0,65,0.8615384615384616,1.0727712324175522,1.0727712324175522,,0.11076923076923084,0.31735719161541187,,,
eval,persona,11,0.3929,0.7692307692307693,0.8452680671482244,0.15049006623283487,offdiag_pooled,0.8461538461538461,55,0,65,0.8461538461538461,0.9638815211777384,0.9638815211777384,,0.07692307692307687,0.11861345402951395,,,
eval,persona,12,0.4286,0.7107692307692306,0.7203161520918497,0.15009102137476293,offdiag_pooled,0.8923076923076924,58,0,65,0.8923076923076924,1.1859292577724272,1.1859292577724272,,0.18153846153846176,0.46561310568057745,,,
eval,persona,13,0.4643,0.766923076923077,0.782620060136764,0.1455484206315279,offdiag_pooled,0.9384615384615385,61,0,65,0.9384615384615385,1.3630072380479927,1.3630072380479927,,0.17153846153846142,0.5803871779112287,,,
eval,persona,14,0.5,0.7553846153846153,0.8400252987697983,0.1702489976254344,offdiag_pooled,0.9846153846153847,64,0,65,0.9846153846153847,1.6412205850685013,1.6412205850685013,,0.22923076923076935,0.8011952862987031,,,
eval,persona,15,0.5357,0.6776923076923076,0.48407647370183177,0.1847183930857616,offdiag_pooled,0.9846153846153847,64,0,65,0.9846153846153847,1.5801134727864363,1.5801134727864363,,0.3069230769230771,1.0960369990846046,,,
eval,persona,16,0.5714,0.6907692307692308,0.5182441994392748,0.25295253003884643,offdiag_pooled,1.0,65,0,65,1.0,1.710744630573507,1.710744630573507,,0.3092307692307692,1.1925004311342322,,,
eval,persona,17,0.6071,0.7238461538461538,0.6093879311087071,0.2197394700578428,offdiag_pooled,0.9846153846153847,64,0,65,0.9846153846153847,1.6569514597477983,1.6569514597477983,,0.26076923076923086,1.0475635286390912,,,
eval,persona,18,0.6429,0.6815384615384615,0.43567421123967265,0.25605462348312635,offdiag_pooled,0.9846153846153847,64,0,65,0.9846153846153847,1.7689753331975238,1.7689753331975238,,0.30307692307692313,1.333301121957851,,,
eval,persona,19,0.6786,0.7176923076923077,0.5818403372359958,0.31927382748408817,offdiag_pooled,0.9846153846153847,64,0,65,0.9846153846153847,1.695866909166553,1.695866909166553,,0.26692307692307693,1.114026571930557,,,
eval,persona,20,0.7143,0.6461538461538461,0.40562375612802126,0.29258624987873344,offdiag_pooled,0.9846153846153847,64,0,65,0.9846153846153847,1.639858577742202,1.639858577742202,,0.3384615384615386,1.2342348216141805,,,
eval,persona,21,0.75,0.6892307692307691,0.4954590051316172,0.2795749683039221,offdiag_pooled,0.9076923076923077,59,0,65,0.9076923076923077,1.2716535992913538,1.2716535992913538,,0.2184615384615386,0.7761945941597366,,,
eval,persona,22,0.7857,0.673076923076923,0.42488184401278034,0.2509943809730206,offdiag_pooled,0.9230769230769231,60,0,65,0.9230769230769231,1.329384669478569,1.329384669478569,,0.2500000000000001,0.9045028254657885,,,
eval,persona,23,0.8214,0.6299999999999999,0.31744333688074233,0.25823267169171044,offdiag_pooled,0.8769230769230769,57,0,65,0.8769230769230769,1.2174628227754676,1.2174628227754676,,0.24692307692307702,0.9000194858947252,,,
eval,persona,24,0.8571,0.6307692307692306,0.3481248447658926,0.25069614350122527,offdiag_pooled,0.8615384615384616,56,0,65,0.8615384615384616,1.2076582006938124,1.2076582006938124,,0.23076923076923095,0.8595333559279197,,,
eval,persona,25,0.8929,0.6292307692307691,0.3194497788051145,0.2213139863416999,offdiag_pooled,0.8461538461538461,55,0,65,0.8461538461538461,1.0565030703951914,1.0565030703951914,,0.216923076923077,0.7370532915900769,,,
eval,persona,26,0.9286,0.6838461538461539,0.49260475899286105,0.2075644886453863,offdiag_pooled,0.8307692307692308,54,0,65,0.8307692307692308,1.0414577975914239,1.0414577975914239,,0.14692307692307693,0.5488530385985628,,,
eval,persona,27,0.9643,0.6469230769230769,0.36553629966772067,0.17627001473599277,offdiag_pooled,0.8615384615384616,56,0,65,0.8615384615384616,0.9533904062277405,0.9533904062277405,,0.21461538461538465,0.5878541065600198,,,
eval,persona,28,1.0,0.6438461538461537,0.3489158755267966,0.059225794062948756,offdiag_pooled,0.7076923076923077,46,0,65,0.7076923076923077,0.3383075757023678,0.3383075757023678,,0.063846153846154,-0.01060829982442879,,,
eval,story_v1,0,0.0,0.5,nan,0.0,offdiag_pooled,0.5,0,65,65,0.5,nan,nan,0.65,0.0,nan,,,
eval,story_v1,1,0.0357,0.6876923076923076,0.5108093988657897,-0.2744126895552687,offdiag_pooled,0.0,0,0,65,1.0,-2.4710597126982727,2.4710597126982727,,0.3123076923076924,1.960250313832483,,,
eval,story_v1,2,0.0714,0.7276923076923077,0.6121797593599403,-0.24368198707636782,offdiag_pooled,0.0,0,0,65,1.0,-2.587380095735521,2.587380095735521,,0.27230769230769225,1.9752003363755806,,,
eval,story_v1,3,0.1071,0.7261538461538463,0.6130633475724798,-0.17411765979793925,offdiag_pooled,0.09230769230769231,6,0,65,0.9076923076923077,-1.4689620565984534,1.4689620565984534,,0.18153846153846143,0.8558987090259735,,,
eval,story_v1,4,0.1429,0.7246153846153847,0.7002472899068157,-0.21742252351685512,offdiag_pooled,0.0,0,0,65,1.0,-1.933090186796281,1.933090186796281,,0.27538461538461534,1.2328428968894654,,,
eval,story_v1,5,0.1786,0.7538461538461538,0.7612007902914513,-0.11403918148576123,offdiag_pooled,0.06153846153846154,4,0,65,0.9384615384615385,-1.491650714332937,1.491650714332937,,0.18461538461538463,0.7304499240414857,,,
eval,story_v1,6,0.2143,0.683076923076923,0.6070100366220174,-0.06892454563309999,offdiag_pooled,0.24615384615384617,16,0,65,0.7538461538461538,-0.665165699485963,0.665165699485963,,0.0707692307692308,0.05815566286394569,,,
eval,story_v1,7,0.25,0.7461538461538464,0.7302443924126771,-0.06639710492796176,offdiag_pooled,0.2,13,0,65,0.8,-0.8790868015521567,0.8790868015521567,,0.053846153846153655,0.14884240913947955,,,
eval,story_v1,8,0.2857,0.7299999999999999,0.7606692661985643,0.01830870591599051,offdiag_pooled,0.5538461538461539,36,0,65,0.5538461538461539,0.1458442808995792,0.1458442808995792,0.7,-0.176153846153846,-0.6148249852989851,,,
eval,story_v1,9,0.3214,0.723076923076923,0.7080208741107541,-0.02547460563314009,offdiag_pooled,0.26153846153846155,17,0,65,0.7384615384615385,-0.49189079706954814,0.49189079706954814,,0.015384615384615552,-0.21613007704120596,,,
eval,story_v1,10,0.3571,0.7769230769230768,0.9619635964206031,-0.023072638056551274,offdiag_pooled,0.23076923076923078,15,0,65,0.7692307692307692,-0.40344108484086333,0.40344108484086333,,-0.007692307692307665,-0.5585225115797399,,,
eval,story_v1,11,0.3929,0.7046153846153846,0.5392546032163986,-0.0592412058200492,offdiag_pooled,0.16923076923076924,11,0,65,0.8307692307692307,-0.8011662948227173,0.8011662948227173,,0.12615384615384606,0.26191169160631866,,,
eval,story_v1,12,0.4286,0.7892307692307693,0.8366885333001173,-0.0378089160767772,offdiag_pooled,0.26153846153846155,17,0,65,0.7384615384615385,-0.5692928734732592,0.5692928734732592,,-0.05076923076923079,-0.2673956598268581,,,
eval,story_v1,13,0.4643,0.7384615384615385,0.7246148547519948,-0.12469340492849745,offdiag_pooled,0.06153846153846154,4,0,65,0.9384615384615385,-1.4119902225035805,1.4119902225035805,,0.19999999999999996,0.6873753677515857,,,
eval,story_v1,14,0.5,0.7607692307692309,0.8441455430551464,-0.07691969983023368,offdiag_pooled,0.1076923076923077,7,0,65,0.8923076923076922,-1.3224664766074936,1.3224664766074936,,0.13153846153846138,0.47832093355234717,,,
eval,story_v1,15,0.5357,0.7661538461538462,0.8861020929946448,-0.08669584694653783,offdiag_pooled,0.06153846153846154,4,0,65,0.9384615384615385,-1.4820781071146676,1.4820781071146676,,0.17230769230769227,0.5959760141200228,,,
eval,story_v1,16,0.5714,0.7746153846153846,0.8500198338345113,-0.0692667400980918,offdiag_pooled,0.09230769230769231,6,0,65,0.9076923076923077,-1.2930855074880767,1.2930855074880767,,0.1330769230769231,0.4430656736535654,,,
eval,story_v1,17,0.6071,0.7976923076923078,1.0815822796944983,-0.05689802889616361,offdiag_pooled,0.1076923076923077,7,0,65,0.8923076923076922,-1.1429748602965917,1.1429748602965917,,0.09461538461538443,0.061392580602093405,,,
eval,story_v1,18,0.6429,0.8007692307692308,1.0724392054042213,-0.030859977210226798,offdiag_pooled,0.26153846153846155,17,0,65,0.7384615384615385,-0.5144793020353541,0.5144793020353541,,-0.062307692307692286,-0.5579599033688672,,,
eval,story_v1,19,0.6786,0.6823076923076923,0.5151902314370502,-0.034240564448735196,offdiag_pooled,0.3230769230769231,21,0,65,0.676923076923077,-0.5156203521144714,0.5156203521144714,,-0.005384615384615321,0.0004301206774212085,,,
eval,story_v1,20,0.7143,0.8253846153846153,1.1067989561287077,-0.038035594976909615,offdiag_pooled,0.23076923076923078,15,0,65,0.7692307692307692,-0.6618365566111113,0.6618365566111113,,-0.05615384615384611,-0.4449623995175964,,,
eval,story_v1,21,0.75,0.7976923076923077,0.9161631591466282,-0.0774241118799812,offdiag_pooled,0.2153846153846154,14,0,65,0.7846153846153846,-0.7857763252214762,0.7857763252214762,,-0.013076923076923097,-0.13038683392515193,,,
eval,story_v1,22,0.7857,0.7707692307692308,0.7947662905430308,-0.09267958848875506,offdiag_pooled,0.15384615384615385,10,0,65,0.8461538461538461,-1.1838894971274823,1.1838894971274823,,0.07538461538461538,0.38912320658445143,,,
eval,story_v1,23,0.8214,0.7261538461538461,0.6394327416798138,-0.09952291261516794,offdiag_pooled,0.06153846153846154,4,0,65,0.9384615384615385,-1.4026941197020504,1.4026941197020504,,0.2123076923076923,0.7632613780222366,,,
eval,story_v1,24,0.8571,0.7623076923076922,0.7233329381662229,-0.11099872285362423,offdiag_pooled,0.07692307692307693,5,0,65,0.9230769230769231,-1.3432215831384324,1.3432215831384324,,0.1607692307692309,0.6198886449722095,,,
eval,story_v1,25,0.8929,0.6892307692307692,0.5394018255754789,-0.12419835085908416,offdiag_pooled,0.046153846153846156,3,0,65,0.9538461538461538,-1.496341476723654,1.496341476723654,,0.2646153846153846,0.9569396511481751,,,
eval,story_v1,26,0.9286,0.7107692307692307,0.6668949374105457,-0.10630050130380365,offdiag_pooled,0.046153846153846156,3,0,65,0.9538461538461538,-1.6190184532363345,1.6190184532363345,,0.24307692307692308,0.9521235158257888,,,
eval,story_v1,27,0.9643,0.7507692307692307,0.735980416793519,-0.09807929401927304,offdiag_pooled,0.03076923076923077,2,0,65,0.9692307692307692,-1.5730469014617632,1.5730469014617632,,0.21846153846153848,0.8370664846682442,,,
eval,story_v1,28,1.0,0.7307692307692307,0.713205914046493,-0.23203820618838514,offdiag_pooled,0.015384615384615385,1,0,65,0.9846153846153847,-3.0060482206004226,3.0060482206004226,,0.25384615384615394,2.2928423065539296,,,
eval,story_v2,0,0.0,0.5,nan,0.0,offdiag_pooled,0.5,0,65,65,0.5,nan,nan,0.65,0.0,nan,,,
eval,story_v2,1,0.0357,0.6876923076923077,0.502408108181965,-0.2528880634180268,offdiag_pooled,0.015384615384615385,1,0,65,0.9846153846153847,-2.3170343422953437,2.3170343422953437,,0.29692307692307696,1.8146262341133785,,,
eval,story_v2,2,0.0714,0.6607692307692308,0.36614271128826564,-0.25240191010014623,offdiag_pooled,0.015384615384615385,1,0,65,0.9846153846153847,-2.1384661769720315,2.1384661769720315,,0.3238461538461539,1.7723234656837659,,,
eval,story_v2,3,0.1071,0.6646153846153846,0.4326247688168895,-0.28719632162849695,offdiag_pooled,0.09230769230769231,6,0,65,0.9076923076923077,-1.6333794705876612,1.6333794705876612,,0.24307692307692308,1.2007547017707716,,,
eval,story_v2,4,0.1429,0.7069230769230769,0.5547792561446381,-0.2628163998086314,offdiag_pooled,0.09230769230769231,6,0,65,0.9076923076923077,-1.6181376502262783,1.6181376502262783,,0.2007692307692308,1.0633583940816402,,,
eval,story_v2,5,0.1786,0.7015384615384617,0.5716994391412603,-0.13765544330955953,offdiag_pooled,0.13846153846153847,9,0,65,0.8615384615384616,-1.149931597571221,1.149931597571221,,0.15999999999999992,0.5782321584299607,,,
eval,story_v2,6,0.2143,0.6815384615384615,0.4865133158813161,-0.16884351594636732,offdiag_pooled,0.2,13,0,65,0.8,-0.9439814807503195,0.9439814807503195,,0.11846153846153851,0.45746816486900344,,,
eval,story_v2,7,0.25,0.6753846153846155,0.4662591555662834,-0.14603776853794204,offdiag_pooled,0.16923076923076924,11,0,65,0.8307692307692307,-1.0974549782193228,1.0974549782193228,,0.15538461538461523,0.6311958226530394,,,
eval,story_v2,8,0.2857,0.7138461538461538,0.6264148728101665,-0.07901950708691664,offdiag_pooled,0.2153846153846154,14,0,65,0.7846153846153846,-0.7409832320170098,0.7409832320170098,,0.0707692307692308,0.11456835920684327,,,
eval,story_v2,9,0.3214,0.7207692307692307,0.6146935279127075,-0.09183846212149405,offdiag_pooled,0.13846153846153847,9,0,65,0.8615384615384616,-1.0684045881211783,1.0684045881211783,,0.14076923076923087,0.45371106020847085,,,
eval,story_v2,10,0.3571,0.8169230769230771,0.963382679778554,-0.09101275854283689,offdiag_pooled,0.2153846153846154,14,0,65,0.7846153846153846,-0.82390440926065,0.82390440926065,,-0.03230769230769248,-0.13947827051790396,,,
eval,story_v2,11,0.3929,0.7030769230769232,0.6267029125711303,-0.09364853579266091,offdiag_pooled,0.18461538461538463,12,0,65,0.8153846153846154,-0.8856311496864977,0.8856311496864977,,0.11230769230769222,0.2589282371153674,,,
eval,story_v2,12,0.4286,0.7538461538461539,0.7701271874044429,-0.08756528779977658,offdiag_pooled,0.2,13,0,65,0.8,-0.8862946175309172,0.8862946175309172,,0.0461538461538461,0.11616743012647435,,,
eval,story_v2,13,0.4643,0.7453846153846154,0.7256505334315468,-0.11319800902832895,offdiag_pooled,0.09230769230769231,6,0,65,0.9076923076923077,-1.3351897556571397,1.3351897556571397,,0.16230769230769226,0.6095392222255929,,,
eval,story_v2,14,0.5,0.7892307692307692,0.947952136748131,-0.05260947512943122,offdiag_pooled,0.13846153846153847,9,0,65,0.8615384615384616,-1.1147556658285362,1.1147556658285362,,0.0723076923076924,0.1668035290804053,,,
eval,story_v2,15,0.5357,0.7676923076923077,0.8423376093681396,-0.07696113471488121,offdiag_pooled,0.046153846153846156,3,0,65,0.9538461538461538,-1.9540452775088655,1.9540452775088655,,0.18615384615384611,1.1117076681407259,,,
eval,story_v2,16,0.5714,0.7223076923076923,0.7012497338187187,-0.07179700712913394,offdiag_pooled,0.03076923076923077,2,0,65,0.9692307692307692,-1.8395969181298473,1.8395969181298473,,0.2469230769230769,1.1383471843111286,,,
eval,story_v2,17,0.6071,0.8038461538461539,1.0904655465549857,-0.07093829667475986,offdiag_pooled,0.03076923076923077,2,0,65,0.9692307692307692,-2.0826375274826043,2.0826375274826043,,0.16538461538461535,0.9921719809276186,,,
eval,story_v2,18,0.6429,0.7984615384615383,1.1317981046481653,-0.0431607944387659,offdiag_pooled,0.13846153846153847,9,0,65,0.8615384615384616,-1.207112203546775,1.207112203546775,,0.06307692307692325,0.07531409889860963,,,
eval,story_v2,19,0.6786,0.7253846153846154,0.6479538831227616,-0.01126223403729751,offdiag_pooled,0.4,26,0,65,0.6,-0.2855428824746506,0.2855428824746506,0.75,-0.12538461538461543,-0.362411000648111,,,
eval,story_v2,20,0.7143,0.7984615384615384,0.9810797591513968,-0.009117829306600099,offdiag_pooled,0.4461538461538462,29,0,65,0.5538461538461539,-0.2682916322858756,0.2682916322858756,0.7,-0.24461538461538457,-0.7127881268655212,,,
eval,story_v2,21,0.75,0.7861538461538462,0.9802135715587994,0.021072148878485922,offdiag_pooled,0.6307692307692307,41,0,65,0.6307692307692307,0.4056214747048051,0.4056214747048051,0.75,-0.15538461538461545,-0.5745920968539944,,,
eval,story_v2,22,0.7857,0.7938461538461539,0.9158740656008979,-0.002909258191792225,offdiag_pooled,0.47692307692307695,31,0,65,0.523076923076923,-0.09808894139856364,0.09808894139856364,0.65,-0.2707692307692309,-0.8177851242023343,,,
eval,story_v2,23,0.8214,0.7423076923076922,0.8357517357633499,-0.023792355063844195,offdiag_pooled,0.27692307692307694,18,0,65,0.7230769230769231,-0.5704933810160705,0.5704933810160705,,-0.019230769230769162,-0.26525835474727943,,,
eval,story_v2,24,0.8571,0.7792307692307692,0.9209155325364314,-0.012978869710081947,offdiag_pooled,0.4307692307692308,28,0,65,0.5692307692307692,-0.31240674266651614,0.31240674266651614,0.7,-0.20999999999999996,-0.6085087898699153,,,
eval,story_v2,25,0.8929,0.6923076923076922,0.5130793919392029,-0.046285380230153134,offdiag_pooled,0.1076923076923077,7,0,65,0.8923076923076922,-1.0664374069057296,1.0664374069057296,,0.20000000000000007,0.5533580149665267,,,
eval,story_v2,26,0.9286,0.7884615384615385,0.8513048570760136,-0.048673227571466755,offdiag_pooled,0.1076923076923077,7,0,65,0.8923076923076922,-1.1577849958338944,1.1577849958338944,,0.1038461538461537,0.3064801387578808,,,
eval,story_v2,27,0.9643,0.7530769230769232,0.7849825980155922,-0.05808943841427594,offdiag_pooled,0.07692307692307693,5,0,65,0.9230769230769231,-1.2251786489548329,1.2251786489548329,,0.16999999999999993,0.44019605093924064,,,
eval,story_v2,28,1.0,0.7876923076923077,0.914377218963876,-0.18033796530462085,offdiag_pooled,0.015384615384615385,1,0,65,0.9846153846153847,-2.7951337234567952,2.7951337234567952,,0.19692307692307698,1.8807565044929193,,,
harm,eval,0,0.0,0.5,nan,0.0,offdiag_pooled,0.5,0,65,65,0.5,nan,nan,0.65,0.0,nan,,,
harm,eval,1,0.0357,0.596153846153846,0.2129771862544195,0.04014095174471928,offdiag_pooled,0.5692307692307692,37,0,65,0.5692307692307692,0.1495436299884003,0.1495436299884003,0.7,-0.026923076923076827,-0.06343355626601921,,,
harm,eval,2,0.0714,0.5923076923076922,0.20101895043426085,0.032137528292331734,offdiag_pooled,0.5538461538461539,36,0,65,0.5538461538461539,0.17136128225265243,0.17136128225265243,0.7,-0.038461538461538325,-0.02965766818160842,,,
harm,eval,3,0.1071,0.6092307692307692,0.22413397784348016,-0.05309941820410495,offdiag_pooled,0.4,26,0,65,0.6,-0.26675628600115686,0.26675628600115686,0.75,-0.009230769230769265,0.0426223081576767,,,
harm,eval,4,0.1429,0.5969230769230769,0.22594889838543467,0.009034024615096174,offdiag_pooled,0.5230769230769231,34,0,65,0.5230769230769231,0.024921649217589117,0.024921649217589117,0.65,-0.07384615384615378,-0.20102724916784553,,,
harm,eval,5,0.1786,0.5776923076923076,0.20975899625094838,0.05970487869591095,offdiag_pooled,0.6461538461538462,42,0,65,0.6461538461538462,0.3174208715641829,0.3174208715641829,,0.06846153846153857,0.10766187531323454,,,
harm,eval,6,0.2143,0.5984615384615385,0.23560511618903676,0.1489853531439919,offdiag_pooled,0.6307692307692307,41,0,65,0.6307692307692307,0.34174393378443313,0.34174393378443313,0.75,0.03230769230769226,0.10613881759539637,,,
harm,eval,7,0.25,0.6169230769230769,0.27466694402804126,0.0791309536614863,offdiag_pooled,0.5846153846153846,38,0,65,0.5846153846153846,0.17701054036531255,0.17701054036531255,0.75,-0.03230769230769226,-0.09765640366272871,,,
harm,eval,8,0.2857,0.5969230769230769,0.2663313560244277,0.04964135203330214,offdiag_pooled,0.6153846153846154,40,0,65,0.6153846153846154,0.18699831095375355,0.18699831095375355,0.75,0.01846153846153853,-0.07933304507067415,,,
harm,eval,9,0.3214,0.6,0.23586413432012782,0.004110889143092282,offdiag_pooled,0.49230769230769234,32,0,65,0.5076923076923077,0.027961620861469607,0.027961620861469607,0.65,-0.09230769230769231,-0.2079025134586582,,,
harm,eval,10,0.3571,0.6138461538461538,0.2864031314827752,0.08733254021476483,offdiag_pooled,0.6,39,0,65,0.6,0.17819791283523548,0.17819791283523548,0.75,-0.013846153846153841,-0.10820521864753971,,,
harm,eval,11,0.3929,0.5776923076923077,0.22966738322277963,0.11260082686143989,offdiag_pooled,0.6,39,0,65,0.6,0.28166613218591663,0.28166613218591663,0.75,0.02230769230769225,0.051998748963137,,,
harm,eval,12,0.4286,0.6100000000000001,0.2605982589729147,0.14901146522440703,offdiag_pooled,0.676923076923077,44,0,65,0.676923076923077,0.44365426972967215,0.44365426972967215,,0.06692307692307686,0.18305601075675743,,,
harm,eval,13,0.4643,0.5815384615384616,0.2041007271497771,0.1280028236668074,offdiag_pooled,0.676923076923077,44,0,65,0.676923076923077,0.4189087152676475,0.4189087152676475,,0.0953846153846154,0.2148079881178704,,,
harm,eval,14,0.5,0.6046153846153846,0.23956839573526315,-0.030378732536471265,offdiag_pooled,0.49230769230769234,32,0,65,0.5076923076923077,-0.048989101189057485,0.048989101189057485,0.65,-0.09692307692307689,-0.19057929454620565,,,
harm,eval,15,0.5357,0.5946153846153845,0.24004819400364283,-0.09869538159152719,offdiag_pooled,0.38461538461538464,25,0,65,0.6153846153846154,-0.23702766085861704,0.23702766085861704,0.75,0.020769230769230873,-0.003020533145025789,,,
harm,eval,16,0.5714,0.6169230769230769,0.28429686843321067,-0.15087181489374463,offdiag_pooled,0.4153846153846154,27,0,65,0.5846153846153845,-0.3438775323914301,0.3438775323914301,0.75,-0.03230769230769237,0.059580663958219426,,,
harm,eval,17,0.6071,0.593076923076923,0.2130271557833042,-0.09213156317942028,offdiag_pooled,0.4461538461538462,29,0,65,0.5538461538461539,-0.2661339488519995,0.2661339488519995,0.7,-0.03923076923076907,0.053106793068695285,,,
harm,eval,18,0.6429,0.6069230769230769,0.26888373334254545,-0.08375105097371945,offdiag_pooled,0.4307692307692308,28,0,65,0.5692307692307692,-0.244465738349004,0.244465738349004,0.7,-0.03769230769230769,-0.024417994993541442,,,
harm,eval,19,0.6786,0.6061538461538462,0.2496507436679622,0.04260540862613234,offdiag_pooled,0.46153846153846156,30,0,65,0.5384615384615384,-0.019032142854567138,0.019032142854567138,0.7,-0.06769230769230772,-0.23061860081339505,,,
harm,eval,20,0.7143,0.5930769230769231,0.2501559897571346,-0.006464673282774966,offdiag_pooled,0.5076923076923077,33,0,65,0.5076923076923077,-0.07561681230640215,0.07561681230640215,0.65,-0.08538461538461539,-0.17453917745073244,,,
harm,eval,21,0.75,0.6138461538461538,0.24659184543515483,0.13267958714874523,offdiag_pooled,0.5692307692307692,37,0,65,0.5692307692307692,0.11574688648618481,0.11574688648618481,0.7,-0.04461538461538461,-0.13084495894897002,,,
harm,eval,22,0.7857,0.5853846153846154,0.1950788147585029,0.07513322104018962,offdiag_pooled,0.5692307692307692,37,0,65,0.5692307692307692,0.045647639031936776,0.045647639031936776,0.7,-0.016153846153846185,-0.1494311757265661,,,
harm,eval,23,0.8214,0.5923076923076922,0.20430655967132277,0.07441285680470693,offdiag_pooled,0.5384615384615384,35,0,65,0.5384615384615384,0.051013301059254224,0.051013301059254224,0.7,-0.053846153846153766,-0.15329325861206855,,,
harm,eval,24,0.8571,0.5999999999999999,0.21881681600062586,0.08152620146638723,offdiag_pooled,0.6,39,0,65,0.6,0.06377221086081375,0.06377221086081375,0.75,1.1102230246251565e-16,-0.1550446051398121,,,
harm,eval,25,0.8929,0.5930769230769231,0.20531598890345984,0.10100020938882123,offdiag_pooled,0.5692307692307692,37,0,65,0.5692307692307692,0.10158348227852276,0.10158348227852276,0.7,-0.02384615384615385,-0.10373250662493708,,,
harm,eval,26,0.9286,0.5838461538461537,0.2459807072844944,0.03704261868394313,offdiag_pooled,0.5384615384615384,35,0,65,0.5384615384615384,0.037583800931116074,0.037583800931116074,0.7,-0.045384615384615246,-0.20839690635337832,,,
harm,eval,27,0.9643,0.5815384615384614,0.2144207126584517,-0.009946703004932602,offdiag_pooled,0.4461538461538462,29,0,65,0.5538461538461539,-0.03138366055402271,0.03138366055402271,0.7,-0.02769230769230757,-0.183037052104429,,,
harm,eval,28,1.0,0.5723076923076922,0.2221698038489593,0.06439407928360699,offdiag_pooled,0.49230769230769234,32,0,65,0.5076923076923077,0.05621601057351268,0.05621601057351268,0.65,-0.06461538461538452,-0.16595379327544663,,,
harm,harm,0,0.0,0.5,nan,0.0,diag_heldout,0.5,0,15,15,0.5,nan,nan,,0.0,nan,,,
harm,harm,0,0.0,0.5,nan,0.0,diag_lopo,0.5,0,50,50,0.5,nan,nan,,0.0,nan,,,
harm,harm,1,0.0357,0.5853846153846153,0.16716704499313678,0.9999999999999998,diag_heldout,0.8,12,0,15,0.8,0.5010666528297143,0.5010666528297143,,0.21461538461538476,0.3338996078365775,,,
harm,harm,1,0.0357,0.5853846153846153,0.16716704499313678,0.9999999999999998,diag_lopo,0.84,42,0,50,0.84,0.9222552925071051,0.9222552925071051,,0.2546153846153847,0.7550882475139684,,,
harm,harm,2,0.0714,0.5946153846153844,0.22626249170757579,1.0000000000000002,diag_heldout,0.7333333333333333,11,0,15,0.7333333333333333,0.6694931849108273,0.6694931849108273,,0.13871794871794885,0.44323069320325154,,,
harm,harm,2,0.0714,0.5946153846153844,0.22626249170757579,1.0000000000000002,diag_lopo,0.86,43,0,50,0.86,0.8754610330854857,0.8754610330854857,,0.26538461538461555,0.64919854137791,,,
harm,harm,3,0.1071,0.5784615384615385,0.19532994866152223,0.9999999999999999,diag_heldout,0.8,12,0,15,0.8,1.046418534521302,1.046418534521302,,0.22153846153846157,0.8510885858597798,,,
harm,harm,3,0.1071,0.5784615384615385,0.19532994866152223,0.9999999999999999,diag_lopo,0.88,44,0,50,0.88,0.9235787210161225,0.9235787210161225,,0.30153846153846153,0.7282487723546003,,,
harm,harm,4,0.1429,0.5938461538461539,0.2012416342849141,0.9999999999999999,diag_heldout,0.8,12,0,15,0.8,0.8899544444089789,0.8899544444089789,,0.20615384615384613,0.6887128101240647,,,
harm,harm,4,0.1429,0.5938461538461539,0.2012416342849141,0.9999999999999999,diag_lopo,0.88,44,0,50,0.88,1.0073283668536899,1.0073283668536899,,0.2861538461538461,0.8060867325687757,,,
harm,harm,5,0.1786,0.5884615384615384,0.17773030697984438,0.9999999999999999,diag_heldout,0.8,12,0,15,0.8,0.8864779725805757,0.8864779725805757,,0.21153846153846168,0.7087476656007313,,,
harm,harm,5,0.1786,0.5884615384615384,0.17773030697984438,0.9999999999999999,diag_lopo,0.92,46,0,50,0.92,1.2159824296395934,1.2159824296395934,,0.33153846153846167,1.038252122659749,,,
harm,harm,6,0.2143,0.5700000000000001,0.20208001051341115,0.9999999999999998,diag_heldout,0.8,12,0,15,0.8,0.8108269776503466,0.8108269776503466,,0.22999999999999998,0.6087469671369354,,,
harm,harm,6,0.2143,0.5700000000000001,0.20208001051341115,0.9999999999999998,diag_lopo,0.88,44,0,50,0.88,1.0194253715721648,1.0194253715721648,,0.30999999999999994,0.8173453610587537,,,
harm,harm,7,0.25,0.6061538461538462,0.257147529427101,1.0,diag_heldout,0.8,12,0,15,0.8,0.66214095529889,0.66214095529889,,0.1938461538461539,0.40499342587178905,,,
harm,harm,7,0.25,0.6061538461538462,0.257147529427101,1.0,diag_lopo,0.88,44,0,50,0.88,1.0520225048902188,1.0520225048902188,,0.27384615384615385,0.7948749754631177,,,
harm,harm,8,0.2857,0.5746153846153845,0.19776467826447497,0.9999999999999999,diag_heldout,0.8,12,0,15,0.8,0.8970993151278819,0.8970993151278819,,0.22538461538461552,0.6993346368634069,,,
harm,harm,8,0.2857,0.5746153846153845,0.19776467826447497,0.9999999999999999,diag_lopo,0.9,45,0,50,0.9,1.246108120591757,1.246108120591757,,0.3253846153846155,1.048343442327282,,,
harm,harm,9,0.3214,0.5869230769230769,0.19255384625866961,1.0000000000000002,diag_heldout,0.8666666666666667,13,0,15,0.8666666666666667,0.9432387726635145,0.9432387726635145,,0.2797435897435898,0.750684926404845,,,
harm,harm,9,0.3214,0.5869230769230769,0.19255384625866961,1.0000000000000002,diag_lopo,0.92,46,0,50,0.92,1.4349244435757735,1.4349244435757735,,0.33307692307692316,1.242370597317104,,,
harm,harm,10,0.3571,0.6223076923076923,0.2932504580848845,1.0,diag_heldout,0.8,12,0,15,0.8,0.8844054908897041,0.8844054908897041,,0.1776923076923077,0.5911550328048196,,,
harm,harm,10,0.3571,0.6223076923076923,0.2932504580848845,1.0,diag_lopo,0.92,46,0,50,0.92,1.4269793689588846,1.4269793689588846,,0.2976923076923077,1.133728910874,,,
harm,harm,11,0.3929,0.5938461538461538,0.2151679070339688,1.0,diag_heldout,0.8,12,0,15,0.8,0.9117436475721521,0.9117436475721521,,0.20615384615384624,0.6965757405381833,,,
harm,harm,11,0.3929,0.5938461538461538,0.2151679070339688,1.0,diag_lopo,0.9,45,0,50,0.9,1.4244534873388797,1.4244534873388797,,0.3061538461538462,1.209285580304911,,,
harm,harm,12,0.4286,0.6138461538461539,0.2997438251261246,0.9999999999999999,diag_heldout,0.8666666666666667,13,0,15,0.8666666666666667,1.072427891942891,1.072427891942891,,0.25282051282051277,0.7726840668167663,,,
harm,harm,12,0.4286,0.6138461538461539,0.2997438251261246,0.9999999999999999,diag_lopo,0.92,46,0,50,0.92,1.4874827934640358,1.4874827934640358,,0.3061538461538461,1.1877389683379111,,,
harm,harm,13,0.4643,0.6538461538461536,0.37318431421942094,1.0,diag_heldout,0.8666666666666667,13,0,15,0.8666666666666667,1.280013638489567,1.280013638489567,,0.21282051282051306,0.9068293242701462,,,
harm,harm,13,0.4643,0.6538461538461536,0.37318431421942094,1.0,diag_lopo,0.98,49,0,50,0.98,1.7821034707751748,1.7821034707751748,,0.32615384615384635,1.408919156555754,,,
harm,harm,14,0.5,0.6715384615384614,0.4200718195484012,1.0000000000000002,diag_heldout,0.9333333333333333,14,0,15,0.9333333333333333,1.432306534962039,1.432306534962039,,0.26179487179487193,1.0122347154136377,,,
harm,harm,14,0.5,0.6715384615384614,0.4200718195484012,1.0000000000000002,diag_lopo,1.0,50,0,50,1.0,1.988101171180876,1.988101171180876,,0.3284615384615386,1.5680293516324748,,,
harm,harm,15,0.5357,0.6600000000000001,0.4508031549637169,1.0,diag_heldout,0.9333333333333333,14,0,15,0.9333333333333333,1.4185240434926747,1.4185240434926747,,0.2733333333333332,0.9677208885289578,,,
harm,harm,15,0.5357,0.6600000000000001,0.4508031549637169,1.0,diag_lopo,1.0,50,0,50,1.0,2.000017056644774,2.000017056644774,,0.33999999999999986,1.5492139016810569,,,
harm,harm,16,0.5714,0.7115384615384617,0.5755070280251348,1.0000000000000002,diag_heldout,1.0,15,0,15,1.0,1.4927197998517405,1.4927197998517405,,0.2884615384615383,0.9172127718266058,,,
harm,harm,16,0.5714,0.7115384615384617,0.5755070280251348,1.0000000000000002,diag_lopo,1.0,50,0,50,1.0,2.0153683247363574,2.0153683247363574,,0.2884615384615383,1.4398612967112228,,,
harm,harm,17,0.6071,0.6723076923076923,0.460481281770729,1.0000000000000002,diag_heldout,1.0,15,0,15,1.0,1.5028761465912563,1.5028761465912563,,0.3276923076923077,1.0423948648205275,,,
harm,harm,17,0.6071,0.6723076923076923,0.460481281770729,1.0000000000000002,diag_lopo,1.0,50,0,50,1.0,2.1671845780240115,2.1671845780240115,,0.3276923076923077,1.7067032962532824,,,
harm,harm,18,0.6429,0.7007692307692307,0.5431816744904787,0.9999999999999998,diag_heldout,1.0,15,0,15,1.0,1.7049636953136047,1.7049636953136047,,0.2992307692307693,1.161782020823126,,,
harm,harm,18,0.6429,0.7007692307692307,0.5431816744904787,0.9999999999999998,diag_lopo,1.0,50,0,50,1.0,2.2299816444400413,2.2299816444400413,,0.2992307692307693,1.6867999699495626,,,
harm,harm,19,0.6786,0.7423076923076923,0.6986011260407227,1.0000000000000002,diag_heldout,1.0,15,0,15,1.0,2.615460643868657,2.615460643868657,,0.25769230769230766,1.9168595178279344,,,
harm,harm,19,0.6786,0.7423076923076923,0.6986011260407227,1.0000000000000002,diag_lopo,1.0,50,0,50,1.0,2.480141738061158,2.480141738061158,,0.25769230769230766,1.7815406120204353,,,
harm,harm,20,0.7143,0.7707692307692308,0.8614879118114491,0.9999999999999999,diag_heldout,1.0,15,0,15,1.0,2.5129742515555638,2.5129742515555638,,0.22923076923076924,1.6514863397441146,,,
harm,harm,20,0.7143,0.7707692307692308,0.8614879118114491,0.9999999999999999,diag_lopo,1.0,50,0,50,1.0,2.5895442368935986,2.5895442368935986,,0.22923076923076924,1.7280563250821495,,,
harm,harm,21,0.75,0.7192307692307692,0.6209806173873778,1.0,diag_heldout,1.0,15,0,15,1.0,2.6521639190618815,2.6521639190618815,,0.28076923076923077,2.0311833016745036,,,
harm,harm,21,0.75,0.7192307692307692,0.6209806173873778,1.0,diag_lopo,1.0,50,0,50,1.0,2.6583491322214106,2.6583491322214106,,0.28076923076923077,2.037368514834033,,,
harm,harm,22,0.7857,0.736923076923077,0.7056459911620554,1.0,diag_heldout,1.0,15,0,15,1.0,2.470489580997883,2.470489580997883,,0.263076923076923,1.7648435898358275,,,
harm,harm,22,0.7857,0.736923076923077,0.7056459911620554,1.0,diag_lopo,1.0,50,0,50,1.0,2.699235918858144,2.699235918858144,,0.263076923076923,1.9935899276960887,,,
harm,harm,23,0.8214,0.7215384615384616,0.6201187510094819,1.0,diag_heldout,1.0,15,0,15,1.0,2.427365678604469,2.427365678604469,,0.2784615384615384,1.8072469275949872,,,
harm,harm,23,0.8214,0.7215384615384616,0.6201187510094819,1.0,diag_lopo,1.0,50,0,50,1.0,2.7432562824054845,2.7432562824054845,,0.2784615384615384,2.1231375313960026,,,
harm,harm,24,0.8571,0.7869230769230768,0.8803537421667533,1.0000000000000002,diag_heldout,1.0,15,0,15,1.0,2.3170103425420527,2.3170103425420527,,0.21307692307692316,1.4366566003752994,,,
harm,harm,24,0.8571,0.7869230769230768,0.8803537421667533,1.0000000000000002,diag_lopo,1.0,50,0,50,1.0,2.741114019478777,2.741114019478777,,0.21307692307692316,1.8607602773120235,,,
harm,harm,25,0.8929,0.7223076923076922,0.6320508398157907,0.9999999999999998,diag_heldout,1.0,15,0,15,1.0,2.2233420716342365,2.2233420716342365,,0.2776923076923078,1.5912912318184458,,,
harm,harm,25,0.8929,0.7223076923076922,0.6320508398157907,0.9999999999999998,diag_lopo,1.0,50,0,50,1.0,2.674207368616431,2.674207368616431,,0.2776923076923078,2.0421565288006405,,,
harm,harm,26,0.9286,0.7553846153846154,0.7931988699443677,1.0,diag_heldout,1.0,15,0,15,1.0,2.177511965528238,2.177511965528238,,0.24461538461538457,1.38431309558387,,,
harm,harm,26,0.9286,0.7553846153846154,0.7931988699443677,1.0,diag_lopo,1.0,50,0,50,1.0,2.6917801732135547,2.6917801732135547,,0.24461538461538457,1.898581303269187,,,
harm,harm,27,0.9643,0.7192307692307693,0.6564133962755133,1.0,diag_heldout,1.0,15,0,15,1.0,2.177566139247817,2.177566139247817,,0.28076923076923066,1.5211527429723035,,,
harm,harm,27,0.9643,0.7192307692307693,0.6564133962755133,1.0,diag_lopo,1.0,50,0,50,1.0,2.716951516003995,2.716951516003995,,0.28076923076923066,2.0605381197284816,,,
harm,harm,28,1.0,0.7153846153846153,0.6429098517728853,1.0,diag_heldout,1.0,15,0,15,1.0,2.217764681324634,2.217764681324634,,0.2846153846153847,1.5748548295517486,,,
harm,harm,28,1.0,0.7153846153846153,0.6429098517728853,1.0,diag_lopo,1.0,50,0,50,1.0,2.6917965303090363,2.6917965303090363,,0.2846153846153847,2.0488866785361513,,,
harm,length,0,0.0,0.5,nan,0.0,offdiag_pooled,0.5,0,30,30,0.5,nan,nan,0.7,0.0,nan,,,
harm,length,1,0.0357,0.8866666666666667,1.7699177930689356,0.24345737621363825,offdiag_pooled,1.0,30,0,30,1.0,3.6870909097839153,3.6870909097839153,,0.11333333333333329,1.9171731167149797,,,
harm,length,2,0.0714,0.835,1.7170424658830794,0.35127280973980374,offdiag_pooled,1.0,30,0,30,1.0,3.378913488601242,3.378913488601242,,0.16500000000000004,1.6618710227181626,,,
harm,length,3,0.1071,0.8949999999999999,1.6991317191277737,0.2747949484217432,offdiag_pooled,1.0,30,0,30,1.0,2.441688942402365,2.441688942402365,,0.1050000000000001,0.7425572232745914,,,
harm,length,4,0.1429,0.8383333333333335,1.5060197920143452,0.3419316841796251,offdiag_pooled,1.0,30,0,30,1.0,3.1236202176739196,3.1236202176739196,,0.16166666666666651,1.6176004256595744,,,
harm,length,5,0.1786,0.775,1.0325434916909215,0.2858333852832111,offdiag_pooled,1.0,30,0,30,1.0,3.723309044734949,3.723309044734949,,0.22499999999999998,2.6907655530440273,,,
harm,length,6,0.2143,0.8300000000000001,1.5999118430098556,0.3328410863620196,offdiag_pooled,1.0,30,0,30,1.0,4.713834928394756,4.713834928394756,,0.16999999999999993,3.1139230853849007,,,
harm,length,7,0.25,0.8133333333333335,1.523519694603895,0.345596114485496,offdiag_pooled,1.0,30,0,30,1.0,6.200747444348723,6.200747444348723,,0.18666666666666654,4.677227749744828,,,
harm,length,8,0.2857,0.8266666666666665,1.397438261269001,0.3448833850278783,offdiag_pooled,1.0,30,0,30,1.0,6.241954081088235,6.241954081088235,,0.17333333333333345,4.844515819819233,,,
harm,length,9,0.3214,0.7933333333333333,1.1882364400211085,0.3519670186277586,offdiag_pooled,1.0,30,0,30,1.0,4.6437655678257075,4.6437655678257075,,0.20666666666666667,3.455529127804599,,,
harm,length,10,0.3571,0.77,0.9562565650492008,0.3432878651066305,offdiag_pooled,1.0,30,0,30,1.0,4.12710614579073,4.12710614579073,,0.22999999999999998,3.170849580741529,,,
harm,length,11,0.3929,0.7533333333333333,0.799243551909433,0.3406607434584887,offdiag_pooled,1.0,30,0,30,1.0,3.6061374781933773,3.6061374781933773,,0.2466666666666667,2.8068939262839443,,,
harm,length,12,0.4286,0.82,1.2625738700830675,0.31082271967233377,offdiag_pooled,1.0,30,0,30,1.0,3.7019123737299227,3.7019123737299227,,0.18000000000000005,2.439338503646855,,,
harm,length,13,0.4643,0.79,1.0177602620635955,0.3237113788028493,offdiag_pooled,1.0,30,0,30,1.0,4.234538891753517,4.234538891753517,,0.20999999999999996,3.2167786296899212,,,
harm,length,14,0.5,0.8400000000000001,1.2846215484478845,0.1509600065274407,offdiag_pooled,1.0,30,0,30,1.0,2.8117192461395892,2.8117192461395892,,0.15999999999999992,1.5270976976917048,,,
harm,length,15,0.5357,0.7466666666666666,0.8351926653873528,0.12632573797001623,offdiag_pooled,1.0,30,0,30,1.0,2.115775853788759,2.115775853788759,,0.2533333333333334,1.280583188401406,,,
harm,length,16,0.5714,0.7866666666666667,1.00876948455192,0.1428669294741669,offdiag_pooled,1.0,30,0,30,1.0,2.519823586003855,2.519823586003855,,0.21333333333333326,1.511054101451935,,,
harm,length,17,0.6071,0.7683333333333333,0.860034196867103,0.1105629429143211,offdiag_pooled,1.0,30,0,30,1.0,2.0220349292892488,2.0220349292892488,,0.2316666666666667,1.1620007324221457,,,
harm,length,18,0.6429,0.7716666666666666,0.9167452859655902,0.07501450931945956,offdiag_pooled,0.7666666666666667,23,0,30,0.7666666666666667,1.0306419905437578,1.0306419905437578,,-0.004999999999999893,0.11389670457816758,,,
harm,length,19,0.6786,0.7233333333333333,0.7421707325203125,0.03839151607829662,offdiag_pooled,0.6333333333333333,19,0,30,0.6333333333333333,0.4058040707035883,0.4058040707035883,,-0.08999999999999997,-0.3363666618167242,,,
harm,length,20,0.7143,0.7166666666666667,0.7249046379791965,0.036274837754964644,offdiag_pooled,0.6666666666666666,20,0,30,0.6666666666666666,0.33231728244964853,0.33231728244964853,,-0.050000000000000044,-0.39258735552954793,,,
harm,length,21,0.75,0.7466666666666668,0.8397248509345033,-0.015395670463221833,offdiag_pooled,0.5333333333333333,16,0,30,0.5333333333333333,-0.041702579181612326,0.041702579181612326,0.75,-0.21333333333333349,-0.798022271752891,,,
harm,length,22,0.7857,0.6783333333333333,0.5291451335980156,-0.02749896282543845,offdiag_pooled,0.5,15,0,30,0.5,-0.07712661251397897,0.07712661251397897,0.7,-0.17833333333333334,-0.4520185210840367,,,
harm,length,23,0.8214,0.6833333333333333,0.5071363382641356,-0.031554972534666874,offdiag_pooled,0.4666666666666667,14,0,30,0.5333333333333333,-0.1156115797029485,0.1156115797029485,0.75,-0.15000000000000002,-0.3915247585611871,,,
harm,length,24,0.8571,0.6833333333333333,0.5598197852704454,-0.035137680767791564,offdiag_pooled,0.36666666666666664,11,0,30,0.6333333333333333,-0.12709971292898398,0.12709971292898398,,-0.050000000000000044,-0.4327200723414614,,,
harm,length,25,0.8929,0.6866666666666665,0.4629620743495436,-0.034746265950074115,offdiag_pooled,0.3333333333333333,10,0,30,0.6666666666666667,-0.15286983580607605,0.15286983580607605,,-0.019999999999999796,-0.31009223854346757,,,
harm,length,26,0.9286,0.6866666666666665,0.5454551193977047,-0.0386176366595734,offdiag_pooled,0.36666666666666664,11,0,30,0.6333333333333333,-0.19625682426705152,0.19625682426705152,,-0.05333333333333323,-0.34919829513065326,,,
harm,length,27,0.9643,0.7116666666666667,0.5827346283111524,-0.06879383102339658,offdiag_pooled,0.16666666666666666,5,0,30,0.8333333333333334,-0.5262114611607308,0.5262114611607308,,0.1216666666666667,-0.056523167150421605,,,
harm,length,28,1.0,0.6883333333333332,0.5275695659325285,-0.10492823917356851,offdiag_pooled,0.4,12,0,30,0.6,-0.5227417879940155,0.5227417879940155,,-0.08833333333333326,-0.004827777938512967,,,
harm,persona,0,0.0,0.5,nan,0.0,offdiag_pooled,0.5,0,65,65,0.5,nan,nan,0.65,0.0,nan,,,
harm,persona,1,0.0357,0.7253846153846153,0.7268106252842956,-0.14201879611940488,offdiag_pooled,0.046153846153846156,3,0,65,0.9538461538461538,-1.6653568004001629,1.6653568004001629,,0.2284615384615385,0.9385461751158672,,,
harm,persona,2,0.0714,0.7184615384615384,0.6518985262601529,-0.09380613178569257,offdiag_pooled,0.16923076923076924,11,0,65,0.8307692307692307,-0.8804677842551868,0.8804677842551868,,0.11230769230769233,0.22856925799503391,,,
harm,persona,3,0.1071,0.74,0.7097658227547379,-0.03994264838109516,offdiag_pooled,0.3230769230769231,21,0,65,0.676923076923077,-0.4157490044208538,0.4157490044208538,,-0.06307692307692303,-0.2940168183338841,,,
harm,persona,4,0.1429,0.7161538461538461,0.6628882766166957,0.1097302517764714,offdiag_pooled,0.9692307692307692,63,0,65,0.9692307692307692,1.6640643024200072,1.6640643024200072,,0.2530769230769231,1.0011760258033116,,,
harm,persona,5,0.1786,0.7246153846153847,0.6945826847592765,0.1446842794047097,offdiag_pooled,0.9384615384615385,61,0,65,0.9384615384615385,1.3986369764237172,1.3986369764237172,,0.2138461538461538,0.7040542916644407,,,
harm,persona,6,0.2143,0.7076923076923077,0.6177077442969753,0.27709659461662284,offdiag_pooled,1.0,65,0,65,1.0,1.9093128779991257,1.9093128779991257,,0.29230769230769227,1.2916051337021504,,,
harm,persona,7,0.25,0.8353846153846154,1.1389426591177314,0.294879438047219,offdiag_pooled,1.0,65,0,65,1.0,2.8346225132166873,2.8346225132166873,,0.1646153846153846,1.695679854098956,,,
harm,persona,8,0.2857,0.7884615384615385,0.856518791851015,0.28892450133619546,offdiag_pooled,1.0,65,0,65,1.0,3.098451105673625,3.098451105673625,,0.21153846153846145,2.24193231382261,,,
harm,persona,9,0.3214,0.7223076923076923,0.7527826303203708,0.25313032920574335,offdiag_pooled,1.0,65,0,65,1.0,2.0924707994117906,2.0924707994117906,,0.2776923076923077,1.3396881690914197,,,
harm,persona,10,0.3571,0.7507692307692307,0.7554140408021404,0.15334231034066892,offdiag_pooled,0.8769230769230769,57,0,65,0.8769230769230769,1.2547259433407054,1.2547259433407054,,0.12615384615384617,0.49931190253856506,,,
harm,persona,11,0.3929,0.7692307692307693,0.8452680671482244,0.16008039348456035,offdiag_pooled,0.9076923076923077,59,0,65,0.9076923076923077,1.403523931304736,1.403523931304736,,0.1384615384615384,0.5582558641565116,,,
harm,persona,12,0.4286,0.7107692307692306,0.7203161520918497,0.17779766599095648,offdiag_pooled,0.9692307692307692,63,0,65,0.9692307692307692,1.6262716076402193,1.6262716076402193,,0.25846153846153863,0.9059554555483695,,,
harm,persona,13,0.4643,0.766923076923077,0.782620060136764,0.18615721643840613,offdiag_pooled,0.9846153846153847,64,0,65,0.9846153846153847,1.7641489774034456,1.7641489774034456,,0.21769230769230763,0.9815289172666816,,,
harm,persona,14,0.5,0.7553846153846153,0.8400252987697983,0.007289472569750463,offdiag_pooled,0.5692307692307692,37,0,65,0.5692307692307692,0.02413283241359523,0.02413283241359523,0.7,-0.18615384615384611,-0.815892466356203,,,
harm,persona,15,0.5357,0.6776923076923076,0.48407647370183177,-0.10269046723410638,offdiag_pooled,0.4307692307692308,28,0,65,0.5692307692307692,-0.3178702701179431,0.3178702701179431,0.7,-0.10846153846153839,-0.16620620358388866,,,
harm,persona,16,0.5714,0.6907692307692308,0.5182441994392748,-0.23290092003087987,offdiag_pooled,0.3076923076923077,20,0,65,0.6923076923076923,-0.5769311920757185,0.5769311920757185,,0.0015384615384614886,0.058686992636443724,,,
harm,persona,17,0.6071,0.7238461538461538,0.6093879311087071,-0.17595837267378284,offdiag_pooled,0.36923076923076925,24,0,65,0.6307692307692307,-0.40787002194890964,0.40787002194890964,0.75,-0.09307692307692306,-0.2015179091597975,,,
harm,persona,18,0.6429,0.6815384615384615,0.43567421123967265,-0.20184131824889126,offdiag_pooled,0.35384615384615387,23,0,65,0.6461538461538461,-0.4190186640638456,0.4190186640638456,,-0.03538461538461546,-0.016655547175827068,,,
harm,persona,19,0.6786,0.7176923076923077,0.5818403372359958,-0.04148444361977598,offdiag_pooled,0.4153846153846154,27,0,65,0.5846153846153845,-0.030976538547396355,0.030976538547396355,0.75,-0.1330769230769232,-0.5508637986885995,,,
harm,persona,20,0.7143,0.6461538461538461,0.40562375612802126,-0.08456556088950339,offdiag_pooled,0.4,26,0,65,0.6,-0.10850353512569479,0.10850353512569479,0.75,-0.0461538461538461,-0.2971202210023265,,,
harm,persona,21,0.75,0.6892307692307691,0.4954590051316172,-0.0014748830329490246,offdiag_pooled,0.46153846153846156,30,0,65,0.5384615384615384,0.0628453899859879,0.0628453899859879,0.7,-0.15076923076923066,-0.43261361514562935,,,
harm,persona,22,0.7857,0.673076923076923,0.42488184401278034,0.02359026563989337,offdiag_pooled,0.47692307692307695,31,0,65,0.523076923076923,0.11041067317985633,0.11041067317985633,0.65,-0.15000000000000002,-0.31447117083292403,,,
harm,persona,23,0.8214,0.6299999999999999,0.31744333688074233,0.0064201849326898375,offdiag_pooled,0.47692307692307695,31,0,65,0.523076923076923,0.07749385197438684,0.07749385197438684,0.65,-0.1069230769230769,-0.23994948490635548,,,
harm,persona,24,0.8571,0.6307692307692306,0.3481248447658926,0.03119164941303459,offdiag_pooled,0.5230769230769231,34,0,65,0.5230769230769231,0.122705007117817,0.122705007117817,0.65,-0.10769230769230753,-0.2254198376480756,,,
harm,persona,25,0.8929,0.6292307692307691,0.3194497788051145,0.09410758134647525,offdiag_pooled,0.6,39,0,65,0.6,0.23312693866571105,0.23312693866571105,0.75,-0.02923076923076917,-0.08632284013940345,,,
harm,persona,26,0.9286,0.6838461538461539,0.49260475899286105,0.11333130411482013,offdiag_pooled,0.6153846153846154,40,0,65,0.6153846153846154,0.28042693424936327,0.28042693424936327,0.75,-0.06846153846153846,-0.21217782474349778,,,
harm,persona,27,0.9643,0.6469230769230769,0.36553629966772067,0.09452451527542552,offdiag_pooled,0.6153846153846154,40,0,65,0.6153846153846154,0.25050979523802824,0.25050979523802824,0.75,-0.031538461538461515,-0.11502650442969242,,,
harm,persona,28,1.0,0.6438461538461537,0.3489158755267966,0.013278619177368806,offdiag_pooled,0.47692307692307695,31,0,65,0.523076923076923,0.09666680291494721,0.09666680291494721,0.65,-0.12076923076923074,-0.25224907261184937,,,
harm,story_v1,0,0.0,0.5,nan,0.0,offdiag_pooled,0.5,0,65,65,0.5,nan,nan,0.65,0.0,nan,,,
harm,story_v1,1,0.0357,0.6876923076923076,0.5108093988657897,-0.08218042468632661,offdiag_pooled,0.3230769230769231,21,0,65,0.676923076923077,-0.6439129740854997,0.6439129740854997,,-0.010769230769230642,0.13310357521971006,,,
harm,story_v1,2,0.0714,0.7276923076923077,0.6121797593599403,-0.21507760466969478,offdiag_pooled,0.09230769230769231,6,0,65,0.9076923076923077,-1.2576251423155351,1.2576251423155351,,0.17999999999999994,0.6454453829555948,,,
harm,story_v1,3,0.1071,0.7261538461538463,0.6130633475724798,-0.039502261781925264,offdiag_pooled,0.4,26,0,65,0.6,-0.3429829262466617,0.3429829262466617,0.75,-0.12615384615384628,-0.2700804213258181,,,
harm,story_v1,4,0.1429,0.7246153846153847,0.7002472899068157,0.025398955532909807,offdiag_pooled,0.6307692307692307,41,0,65,0.6307692307692307,0.20641812048709213,0.20641812048709213,0.75,-0.09384615384615391,-0.4938291694197236,,,
harm,story_v1,5,0.1786,0.7538461538461538,0.7612007902914513,0.029879485238551086,offdiag_pooled,0.6307692307692307,41,0,65,0.6307692307692307,0.3795323880858566,0.3795323880858566,0.75,-0.12307692307692308,-0.38166840220559467,,,
harm,story_v1,6,0.2143,0.683076923076923,0.6070100366220174,0.03454030745461754,offdiag_pooled,0.49230769230769234,32,0,65,0.5076923076923077,0.16747870077701604,0.16747870077701604,0.65,-0.17538461538461536,-0.4395313358450013,,,
harm,story_v1,7,0.25,0.7461538461538464,0.7302443924126771,0.08080139585134334,offdiag_pooled,0.7692307692307693,50,0,65,0.7692307692307693,0.6269104866032303,0.6269104866032303,,0.023076923076922884,-0.10333390580944679,,,
harm,story_v1,8,0.2857,0.7299999999999999,0.7606692661985643,0.01050074550010151,offdiag_pooled,0.47692307692307695,31,0,65,0.523076923076923,-0.0074954136079152835,0.0074954136079152835,0.65,-0.20692307692307688,-0.7531738525906491,,,
harm,story_v1,9,0.3214,0.723076923076923,0.7080208741107541,0.06752011216288807,offdiag_pooled,0.7846153846153846,51,0,65,0.7846153846153846,0.7547971920391737,0.7547971920391737,,0.06153846153846165,0.04677631792841963,,,
harm,story_v1,10,0.3571,0.7769230769230768,0.9619635964206031,0.00013178603084633368,offdiag_pooled,0.4307692307692308,28,0,65,0.5692307692307692,-0.17477123160812452,0.17477123160812452,0.7,-0.20769230769230762,-0.7871923648124786,,,
harm,story_v1,11,0.3929,0.7046153846153846,0.5392546032163986,0.034677673110249954,offdiag_pooled,0.6307692307692307,41,0,65,0.6307692307692307,0.3471878918242587,0.3471878918242587,0.75,-0.0738461538461539,-0.19206671139213993,,,
harm,story_v1,12,0.4286,0.7892307692307693,0.8366885333001173,0.04212453550407158,offdiag_pooled,0.6615384615384615,43,0,65,0.6615384615384615,0.38116063728617205,0.38116063728617205,,-0.12769230769230777,-0.4555278960139452,,,
harm,story_v1,13,0.4643,0.7384615384615385,0.7246148547519948,0.039236572213654106,offdiag_pooled,0.6615384615384615,43,0,65,0.6615384615384615,0.4050458944080599,0.4050458944080599,,-0.07692307692307698,-0.31956896034393495,,,
harm,story_v1,14,0.5,0.7607692307692309,0.8441455430551464,0.09110294436450428,offdiag_pooled,0.8615384615384616,56,0,65,0.8615384615384616,0.8708737894792189,0.8708737894792189,,0.10076923076923072,0.026728246424072455,,,
harm,story_v1,15,0.5357,0.7661538461538462,0.8861020929946448,-0.040276216664918214,offdiag_pooled,0.4153846153846154,27,0,65,0.5846153846153845,-0.3319861392401696,0.3319861392401696,0.75,-0.18153846153846165,-0.5541159537544752,,,
harm,story_v1,16,0.5714,0.7746153846153846,0.8500198338345113,-0.08137089843590442,offdiag_pooled,0.24615384615384617,16,0,65,0.7538461538461538,-0.5614124533584463,0.5614124533584463,,-0.020769230769230762,-0.28860738047606505,,,
harm,story_v1,17,0.6071,0.7976923076923078,1.0815822796944983,-0.10401320043893403,offdiag_pooled,0.2,13,0,65,0.8,-0.6222301367051409,0.6222301367051409,,0.002307692307692233,-0.45935214298935734,,,
harm,story_v1,18,0.6429,0.8007692307692308,1.0724392054042213,-0.10660389768874316,offdiag_pooled,0.18461538461538463,12,0,65,0.8153846153846154,-0.5617515503653321,0.5617515503653321,,0.014615384615384586,-0.5106876550388892,,,
harm,story_v1,19,0.6786,0.6823076923076923,0.5151902314370502,-0.12660964607719355,offdiag_pooled,0.5230769230769231,34,0,65,0.5230769230769231,-0.3338753901801288,0.3338753901801288,0.65,-0.15923076923076918,-0.18131484125692143,,,
harm,story_v1,20,0.7143,0.8253846153846153,1.1067989561287077,-0.14158505647552766,offdiag_pooled,0.4461538461538462,29,0,65,0.5538461538461539,-0.4308615144780286,0.4308615144780286,0.7,-0.2715384615384614,-0.6759374416506791,,,
harm,story_v1,21,0.75,0.7976923076923077,0.9161631591466282,-0.15445211852915414,offdiag_pooled,0.5384615384615384,35,0,65,0.5384615384615384,-0.4135744070171315,0.4135744070171315,0.7,-0.25923076923076926,-0.5025887521294967,,,
harm,story_v1,22,0.7857,0.7707692307692308,0.7947662905430308,-0.17598816138935888,offdiag_pooled,0.46153846153846156,30,0,65,0.5384615384615384,-0.4670280828734907,0.4670280828734907,0.7,-0.23230769230769233,-0.32773820766954015,,,
harm,story_v1,23,0.8214,0.7261538461538461,0.6394327416798138,-0.11979434500066573,offdiag_pooled,0.6307692307692307,41,0,65,0.6307692307692307,-0.33859818926230595,0.33859818926230595,0.75,-0.0953846153846154,-0.30083455241750784,,,
harm,story_v1,24,0.8571,0.7623076923076922,0.7233329381662229,-0.11105039375769352,offdiag_pooled,0.6307692307692307,41,0,65,0.6307692307692307,-0.30066002907067024,0.30066002907067024,0.75,-0.1315384615384615,-0.42267290909555266,,,
harm,story_v1,25,0.8929,0.6892307692307692,0.5394018255754789,-0.06292663320696532,offdiag_pooled,0.6461538461538462,42,0,65,0.6461538461538462,-0.18765024902139035,0.18765024902139035,,-0.04307692307692301,-0.3517515765540885,,,
harm,story_v1,26,0.9286,0.7107692307692307,0.6668949374105457,-0.1089584106137787,offdiag_pooled,0.6153846153846154,40,0,65,0.6153846153846154,-0.2972724469262483,0.2972724469262483,0.75,-0.09538461538461529,-0.3696224904842974,,,
harm,story_v1,27,0.9643,0.7507692307692307,0.735980416793519,-0.11910008918940113,offdiag_pooled,0.6307692307692307,41,0,65,0.6307692307692307,-0.3338620473615434,0.3338620473615434,0.75,-0.12,-0.4021183694319756,,,
harm,story_v1,28,1.0,0.7307692307692307,0.713205914046493,-0.027753569260735883,offdiag_pooled,0.6307692307692307,41,0,65,0.6307692307692307,-0.10977311128474941,0.10977311128474941,0.75,-0.09999999999999998,-0.6034328027617436,,,
harm,story_v2,0,0.0,0.5,nan,0.0,offdiag_pooled,0.5,0,65,65,0.5,nan,nan,0.65,0.0,nan,,,
harm,story_v2,1,0.0357,0.6876923076923077,0.502408108181965,-0.05312800407252969,offdiag_pooled,0.4153846153846154,27,0,65,0.5846153846153845,-0.3459295730480418,0.3459295730480418,0.75,-0.10307692307692318,-0.15647853513392324,,,
harm,story_v2,2,0.0714,0.6607692307692308,0.36614271128826564,-0.1027151272809406,offdiag_pooled,0.4307692307692308,28,0,65,0.5692307692307692,-0.3524731979440546,0.3524731979440546,0.7,-0.09153846153846157,-0.01366951334421107,,,
harm,story_v2,3,0.1071,0.6646153846153846,0.4326247688168895,-0.03904483841234001,offdiag_pooled,0.4307692307692308,28,0,65,0.5692307692307692,-0.15898581851689927,0.15898581851689927,0.7,-0.0953846153846154,-0.2736389502999902,,,
harm,story_v2,4,0.1429,0.7069230769230769,0.5547792561446381,-0.034486824993733275,offdiag_pooled,0.38461538461538464,25,0,65,0.6153846153846154,-0.2443528434188489,0.2443528434188489,0.75,-0.09153846153846146,-0.3104264127257892,,,
harm,story_v2,5,0.1786,0.7015384615384617,0.5716994391412603,-0.010187934149690481,offdiag_pooled,0.4307692307692308,28,0,65,0.5692307692307692,-0.020349912539852695,0.020349912539852695,0.7,-0.13230769230769246,-0.5513495266014076,,,
harm,story_v2,6,0.2143,0.6815384615384615,0.4865133158813161,-0.0965589449992423,offdiag_pooled,0.27692307692307694,18,0,65,0.7230769230769231,-0.47776040663637975,0.47776040663637975,,0.041538461538461524,-0.008752909244936324,,,
harm,story_v2,7,0.25,0.6753846153846155,0.4662591555662834,-0.037043802384643366,offdiag_pooled,0.4153846153846154,27,0,65,0.5846153846153845,-0.16322793269696226,0.16322793269696226,0.75,-0.09076923076923094,-0.30303122286932116,,,
harm,story_v2,8,0.2857,0.7138461538461538,0.6264148728101665,-0.033705787824134505,offdiag_pooled,0.4153846153846154,27,0,65,0.5846153846153845,-0.24806224948644245,0.24806224948644245,0.75,-0.12923076923076926,-0.37835262332372405,,,
harm,story_v2,9,0.3214,0.7207692307692307,0.6146935279127075,0.06911220988237295,offdiag_pooled,0.8,52,0,65,0.8,0.8032606918798881,0.8032606918798881,,0.07923076923076933,0.18856716396718065,,,
harm,story_v2,10,0.3571,0.8169230769230771,0.963382679778554,0.01639192465954768,offdiag_pooled,0.6307692307692307,41,0,65,0.6307692307692307,0.23816297615702992,0.23816297615702992,0.75,-0.18615384615384634,-0.725219703621524,,,
harm,story_v2,11,0.3929,0.7030769230769232,0.6267029125711303,0.0595710039988935,offdiag_pooled,0.7692307692307693,50,0,65,0.7692307692307693,0.7220296003694684,0.7220296003694684,,0.06615384615384612,0.09532668779833808,,,
harm,story_v2,12,0.4286,0.7538461538461539,0.7701271874044429,0.04335570442092139,offdiag_pooled,0.7230769230769231,47,0,65,0.7230769230769231,0.4670545602742316,0.4670545602742316,,-0.030769230769230882,-0.30307262713021127,,,
harm,story_v2,13,0.4643,0.7453846153846154,0.7256505334315468,0.05525323981549788,offdiag_pooled,0.7076923076923077,46,0,65,0.7076923076923077,0.6656282175763597,0.6656282175763597,,-0.03769230769230769,-0.060022315855187136,,,
harm,story_v2,14,0.5,0.7892307692307692,0.947952136748131,0.10621055160562477,offdiag_pooled,0.9384615384615385,61,0,65,0.9384615384615385,1.4181854438547006,1.4181854438547006,,0.14923076923076928,0.47023330710656963,,,
harm,story_v2,15,0.5357,0.7676923076923077,0.8423376093681396,0.03772858091772784,offdiag_pooled,0.7384615384615385,48,0,65,0.7384615384615385,0.6717139576566535,0.6717139576566535,,-0.02923076923076917,-0.17062365171148608,,,
harm,story_v2,16,0.5714,0.7223076923076923,0.7012497338187187,0.00851236516090874,offdiag_pooled,0.6153846153846154,40,0,65,0.6153846153846154,0.18698116961258043,0.18698116961258043,0.75,-0.1069230769230769,-0.5142685642061382,,,
harm,story_v2,17,0.6071,0.8038461538461539,1.0904655465549857,0.0042985733168444526,offdiag_pooled,0.6307692307692307,41,0,65,0.6307692307692307,0.13545818036193374,0.13545818036193374,0.75,-0.17307692307692313,-0.955007366193052,,,
harm,story_v2,18,0.6429,0.7984615384615383,1.1317981046481653,0.005080368010198041,offdiag_pooled,0.6,39,0,65,0.6,0.14886076078499588,0.14886076078499588,0.75,-0.19846153846153836,-0.9829373438631694,,,
harm,story_v2,19,0.6786,0.7253846153846154,0.6479538831227616,0.08602531762286743,offdiag_pooled,0.9384615384615385,61,0,65,0.9384615384615385,1.424322197467136,1.424322197467136,,0.21307692307692305,0.7763683143443745,,,
harm,story_v2,20,0.7143,0.7984615384615384,0.9810797591513968,0.07544817713279779,offdiag_pooled,0.9076923076923077,59,0,65,0.9076923076923077,1.3127635919852065,1.3127635919852065,,0.10923076923076924,0.33168383283380976,,,
harm,story_v2,21,0.75,0.7861538461538462,0.9802135715587994,0.09358582364479211,offdiag_pooled,0.9538461538461539,62,0,65,0.9538461538461539,1.743821499749261,1.743821499749261,,0.1676923076923077,0.7636079281904615,,,
harm,story_v2,22,0.7857,0.7938461538461539,0.9158740656008979,0.04158941888956998,offdiag_pooled,0.8,52,0,65,0.8,0.772958801117848,0.772958801117848,,0.006153846153846176,-0.14291526448304992,,,
harm,story_v2,23,0.8214,0.7423076923076922,0.8357517357633499,0.06148171095983167,offdiag_pooled,0.8461538461538461,55,0,65,0.8461538461538461,0.9875822058505946,0.9875822058505946,,0.10384615384615392,0.1518304700872447,,,
harm,story_v2,24,0.8571,0.7792307692307692,0.9209155325364314,0.0704071940808646,offdiag_pooled,0.8923076923076924,58,0,65,0.8923076923076924,1.2576065538383934,1.2576065538383934,,0.11307692307692319,0.33669102130196193,,,
harm,story_v2,25,0.8929,0.6923076923076922,0.5130793919392029,0.08261721030983799,offdiag_pooled,0.9384615384615385,61,0,65,0.9384615384615385,1.5461396589227066,1.5461396589227066,,0.24615384615384628,1.0330602669835036,,,
harm,story_v2,26,0.9286,0.7884615384615385,0.8513048570760136,0.0770325070008457,offdiag_pooled,0.9076923076923077,59,0,65,0.9076923076923077,1.2606180376330935,1.2606180376330935,,0.11923076923076914,0.40931318055708,,,
harm,story_v2,27,0.9643,0.7530769230769232,0.7849825980155922,0.07107335279717612,offdiag_pooled,0.9230769230769231,60,0,65,0.9230769230769231,1.25560871403222,1.25560871403222,,0.16999999999999993,0.47062611601662785,,,
harm,story_v2,28,1.0,0.7876923076923077,0.914377218963876,0.14778577299130932,offdiag_pooled,0.9692307692307692,63,0,65,0.9692307692307692,1.7553334459834349,1.7553334459834349,,0.18153846153846154,0.8409562270195589,,,
length,eval,0,0.0,0.5,nan,0.0,offdiag_pooled,0.5,0,65,65,0.5,nan,nan,0.65,0.0,nan,,,
length,eval,1,0.0357,0.596153846153846,0.2129771862544195,0.003802464680888138,offdiag_pooled,0.5538461538461539,36,0,65,0.5538461538461539,0.10658202308378355,0.10658202308378355,0.7,-0.04230769230769216,-0.10639516317063595,,,
length,eval,2,0.0714,0.5923076923076922,0.20101895043426085,0.04019247816834307,offdiag_pooled,0.5384615384615384,35,0,65,0.5384615384615384,0.1271003978269641,0.1271003978269641,0.7,-0.053846153846153766,-0.07391855260729674,,,
length,eval,3,0.1071,0.6092307692307692,0.22413397784348016,0.10042623322411041,offdiag_pooled,0.676923076923077,44,0,65,0.676923076923077,0.36189516635823626,0.36189516635823626,,0.06769230769230772,0.1377611885147561,,,
length,eval,4,0.1429,0.5969230769230769,0.22594889838543467,0.03945217548356216,offdiag_pooled,0.6,39,0,65,0.6,0.24559708824870444,0.24559708824870444,0.75,0.003076923076923088,0.01964818986326977,,,
length,eval,5,0.1786,0.5776923076923076,0.20975899625094838,0.1688105914548732,offdiag_pooled,0.7384615384615385,48,0,65,0.7384615384615385,0.5893679259104244,0.5893679259104244,,0.1607692307692309,0.379608929659476,,,
length,eval,6,0.2143,0.5984615384615385,0.23560511618903676,0.2974595657657816,offdiag_pooled,0.7230769230769231,47,0,65,0.7230769230769231,0.5369529405254541,0.5369529405254541,,0.12461538461538457,0.30134782433641727,,,
length,eval,7,0.25,0.6169230769230769,0.27466694402804126,0.23966222435377682,offdiag_pooled,0.7076923076923077,46,0,65,0.7076923076923077,0.5909663277766568,0.5909663277766568,,0.09076923076923082,0.31629938374861555,,,
length,eval,8,0.2857,0.5969230769230769,0.2663313560244277,0.19603057105467972,offdiag_pooled,0.7692307692307693,50,0,65,0.7692307692307693,0.6914012173037114,0.6914012173037114,,0.17230769230769238,0.4250698612792837,,,
length,eval,9,0.3214,0.6,0.23586413432012782,0.2457659514786004,offdiag_pooled,0.8615384615384616,56,0,65,0.8615384615384616,0.8040059357158373,0.8040059357158373,,0.2615384615384616,0.5681418013957096,,,
length,eval,10,0.3571,0.6138461538461538,0.2864031314827752,0.3264721382799059,offdiag_pooled,0.8153846153846154,53,0,65,0.8153846153846154,0.7235444834859166,0.7235444834859166,,0.20153846153846156,0.4371413520031414,,,
length,eval,11,0.3929,0.5776923076923077,0.22966738322277963,0.31951572199235173,offdiag_pooled,0.8461538461538461,55,0,65,0.8461538461538461,0.8111132576638342,0.8111132576638342,,0.2684615384615384,0.5814458744410547,,,
length,eval,12,0.4286,0.6100000000000001,0.2605982589729147,0.30887831496869067,offdiag_pooled,0.8153846153846154,53,0,65,0.8153846153846154,0.7234273657340468,0.7234273657340468,,0.20538461538461528,0.46282910676113204,,,
length,eval,13,0.4643,0.5815384615384616,0.2041007271497771,0.3546403281831331,offdiag_pooled,0.8307692307692308,54,0,65,0.8307692307692308,0.8225823059721249,0.8225823059721249,,0.24923076923076926,0.6184815788223478,,,
length,eval,14,0.5,0.6046153846153846,0.23956839573526315,0.24575921968318307,offdiag_pooled,0.8307692307692308,54,0,65,0.8307692307692308,0.8958200752612563,0.8958200752612563,,0.22615384615384626,0.6562516795259932,,,
length,eval,15,0.5357,0.5946153846153845,0.24004819400364283,0.2217718592904557,offdiag_pooled,0.8153846153846154,53,0,65,0.8153846153846154,0.8717194641888674,0.8717194641888674,,0.22076923076923083,0.6316712701852245,,,
length,eval,16,0.5714,0.6169230769230769,0.28429686843321067,0.23569344086431465,offdiag_pooled,0.8615384615384616,56,0,65,0.8615384615384616,0.9377033420951895,0.9377033420951895,,0.24461538461538468,0.6534064736619788,,,
length,eval,17,0.6071,0.593076923076923,0.2130271557833042,0.2363567784485769,offdiag_pooled,0.8923076923076924,58,0,65,0.8923076923076924,0.965931808947614,0.965931808947614,,0.2992307692307694,0.7529046531643098,,,
length,eval,18,0.6429,0.6069230769230769,0.26888373334254545,0.23758019067454988,offdiag_pooled,0.8923076923076924,58,0,65,0.8923076923076924,1.0806125266578648,1.0806125266578648,,0.28538461538461546,0.8117287933153193,,,
length,eval,19,0.6786,0.6061538461538462,0.2496507436679622,0.2491930972116746,offdiag_pooled,0.8307692307692308,54,0,65,0.8307692307692308,1.150254991148842,1.150254991148842,,0.22461538461538466,0.9006042474808797,,,
length,eval,20,0.7143,0.5930769230769231,0.2501559897571346,0.26117038046774255,offdiag_pooled,0.9230769230769231,60,0,65,0.9230769230769231,1.0299773066048865,1.0299773066048865,,0.33000000000000007,0.7798213168477519,,,
length,eval,21,0.75,0.6138461538461538,0.24659184543515483,0.2141415757058178,offdiag_pooled,0.8461538461538461,55,0,65,0.8461538461538461,0.8385668789764914,0.8385668789764914,,0.23230769230769233,0.5919750335413365,,,
length,eval,22,0.7857,0.5853846153846154,0.1950788147585029,0.21768352715882733,offdiag_pooled,0.8461538461538461,55,0,65,0.8461538461538461,0.7632878577912429,0.7632878577912429,,0.26076923076923075,0.56820904303274,,,
length,eval,23,0.8214,0.5923076923076922,0.20430655967132277,0.2554835044363503,offdiag_pooled,0.8153846153846154,53,0,65,0.8153846153846154,0.8224266726526664,0.8224266726526664,,0.22307692307692317,0.6181201129813436,,,
length,eval,24,0.8571,0.5999999999999999,0.21881681600062586,0.261360215433208,offdiag_pooled,0.8153846153846154,53,0,65,0.8153846153846154,0.7835676058392644,0.7835676058392644,,0.2153846153846155,0.5647507898386386,,,
length,eval,25,0.8929,0.5930769230769231,0.20531598890345984,0.2587690100195429,offdiag_pooled,0.8153846153846154,53,0,65,0.8153846153846154,0.7409487174275933,0.7409487174275933,,0.22230769230769232,0.5356327285241335,,,
length,eval,26,0.9286,0.5838461538461537,0.2459807072844944,0.2822106160419316,offdiag_pooled,0.8769230769230769,57,0,65,0.8769230769230769,0.7206821761652158,0.7206821761652158,,0.29307692307692323,0.4747014688807214,,,
length,eval,27,0.9643,0.5815384615384614,0.2144207126584517,0.29398808523843367,offdiag_pooled,0.7538461538461538,49,0,65,0.7538461538461538,0.6333975371655618,0.6333975371655618,,0.17230769230769238,0.4189768245071101,,,
length,eval,28,1.0,0.5723076923076922,0.2221698038489593,0.2711787790940729,offdiag_pooled,0.8153846153846154,53,0,65,0.8153846153846154,0.6489903428863291,0.6489903428863291,,0.2430769230769232,0.4268205390373698,,,
length,harm,0,0.0,0.5,nan,0.0,offdiag_pooled,0.5,0,65,65,0.5,nan,nan,0.65,0.0,nan,,,
length,harm,1,0.0357,0.5853846153846153,0.16716704499313678,0.24345737621363825,offdiag_pooled,0.5538461538461539,36,0,65,0.5538461538461539,0.16271817308261147,0.16271817308261147,0.7,-0.031538461538461404,-0.004448871910525315,,,
length,harm,2,0.0714,0.5946153846153844,0.22626249170757579,0.35127280973980374,offdiag_pooled,0.6307692307692307,41,0,65,0.6307692307692307,0.29750679365002586,0.29750679365002586,0.75,0.036153846153846314,0.07124430194245007,,,
length,harm,3,0.1071,0.5784615384615385,0.19532994866152223,0.2747949484217432,offdiag_pooled,0.6,39,0,65,0.6,0.25569921115073424,0.25569921115073424,0.75,0.021538461538461506,0.06036926248921201,,,
length,harm,4,0.1429,0.5938461538461539,0.2012416342849141,0.3419316841796251,offdiag_pooled,0.6,39,0,65,0.6,0.33785938683883804,0.33785938683883804,0.75,0.006153846153846065,0.13661775255392394,,,
length,harm,5,0.1786,0.5884615384615384,0.17773030697984438,0.2858333852832111,offdiag_pooled,0.6307692307692307,41,0,65,0.6307692307692307,0.322939578333711,0.322939578333711,0.75,0.04230769230769238,0.14520927135386663,,,
length,harm,6,0.2143,0.5700000000000001,0.20208001051341115,0.3328410863620196,offdiag_pooled,0.6461538461538462,42,0,65,0.6461538461538462,0.3554388918754946,0.3554388918754946,,0.07615384615384613,0.15335888136208345,,,
length,harm,7,0.25,0.6061538461538462,0.257147529427101,0.345596114485496,offdiag_pooled,0.6615384615384615,43,0,65,0.6615384615384615,0.4094031301358664,0.4094031301358664,,0.055384615384615365,0.15225560070876537,,,
length,harm,8,0.2857,0.5746153846153845,0.19776467826447497,0.3448833850278783,offdiag_pooled,0.6923076923076923,45,0,65,0.6923076923076923,0.5362284083616705,0.5362284083616705,,0.11769230769230776,0.33846373009719555,,,
length,harm,9,0.3214,0.5869230769230769,0.19255384625866961,0.3519670186277586,offdiag_pooled,0.7076923076923077,46,0,65,0.7076923076923077,0.6199541617427036,0.6199541617427036,,0.12076923076923085,0.42740031548403395,,,
length,harm,10,0.3571,0.6223076923076923,0.2932504580848845,0.3432878651066305,offdiag_pooled,0.7230769230769231,47,0,65,0.7230769230769231,0.5153010795492979,0.5153010795492979,,0.10076923076923072,0.22205062146441346,,,
length,harm,11,0.3929,0.5938461538461538,0.2151679070339688,0.3406607434584887,offdiag_pooled,0.7076923076923077,46,0,65,0.7076923076923077,0.5549246455711574,0.5549246455711574,,0.11384615384615393,0.3397567385371886,,,
length,harm,12,0.4286,0.6138461538461539,0.2997438251261246,0.31082271967233377,offdiag_pooled,0.7538461538461538,49,0,65,0.7538461538461538,0.5487172495380536,0.5487172495380536,,0.1399999999999999,0.248973424411929,,,
length,harm,13,0.4643,0.6538461538461536,0.37318431421942094,0.3237113788028493,offdiag_pooled,0.7384615384615385,48,0,65,0.7384615384615385,0.6022441529847202,0.6022441529847202,,0.08461538461538487,0.22905983876529928,,,
length,harm,14,0.5,0.6715384615384614,0.4200718195484012,0.1509600065274407,offdiag_pooled,0.7076923076923077,46,0,65,0.7076923076923077,0.5280500587044882,0.5280500587044882,,0.036153846153846314,0.10797823915608695,,,
length,harm,15,0.5357,0.6600000000000001,0.4508031549637169,0.12632573797001623,offdiag_pooled,0.7384615384615385,48,0,65,0.7384615384615385,0.64662889853598,0.64662889853598,,0.07846153846153836,0.19582574357226312,,,
length,harm,16,0.5714,0.7115384615384617,0.5755070280251348,0.1428669294741669,offdiag_pooled,0.8307692307692308,54,0,65,0.8307692307692308,0.8530047286726428,0.8530047286726428,,0.11923076923076914,0.277497700647508,,,
length,harm,17,0.6071,0.6723076923076923,0.460481281770729,0.1105629429143211,offdiag_pooled,0.7692307692307693,50,0,65,0.7692307692307693,0.6965541048361209,0.6965541048361209,,0.096923076923077,0.2360728230653919,,,
length,harm,18,0.6429,0.7007692307692307,0.5431816744904787,0.07501450931945956,offdiag_pooled,0.7538461538461538,49,0,65,0.7538461538461538,0.6229892655620295,0.6229892655620295,,0.05307692307692313,0.07980759107155078,,,
length,harm,19,0.6786,0.7423076923076923,0.6986011260407227,0.03839151607829662,offdiag_pooled,0.676923076923077,44,0,65,0.676923076923077,0.3990118606658524,0.3990118606658524,,-0.06538461538461537,-0.29958926537487024,,,
length,harm,20,0.7143,0.7707692307692308,0.8614879118114491,0.036274837754964644,offdiag_pooled,0.5692307692307692,37,0,65,0.5692307692307692,0.33213081435819236,0.33213081435819236,0.7,-0.20153846153846156,-0.5293570974532568,,,
length,harm,21,0.75,0.7192307692307692,0.6209806173873778,-0.015395670463221833,offdiag_pooled,0.4461538461538462,29,0,65,0.5538461538461539,-0.1677198150236245,0.1677198150236245,0.7,-0.16538461538461535,-0.4532608023637532,,,
length,harm,22,0.7857,0.736923076923077,0.7056459911620554,-0.02749896282543845,offdiag_pooled,0.4461538461538462,29,0,65,0.5538461538461539,-0.2945810295881783,0.2945810295881783,0.7,-0.18307692307692314,-0.4110649615738771,,,
length,harm,23,0.8214,0.7215384615384616,0.6201187510094819,-0.031554972534666874,offdiag_pooled,0.35384615384615387,23,0,65,0.6461538461538461,-0.34467403450709383,0.34467403450709383,,-0.0753846153846155,-0.27544471650238805,,,
length,harm,24,0.8571,0.7869230769230768,0.8803537421667533,-0.035137680767791564,offdiag_pooled,0.3384615384615385,22,0,65,0.6615384615384615,-0.3722960536060058,0.3722960536060058,,-0.12538461538461532,-0.5080576885607475,,,
length,harm,25,0.8929,0.7223076923076922,0.6320508398157907,-0.034746265950074115,offdiag_pooled,0.3076923076923077,20,0,65,0.6923076923076923,-0.3559939251834809,0.3559939251834809,,-0.029999999999999916,-0.2760569146323098,,,
length,harm,26,0.9286,0.7553846153846154,0.7931988699443677,-0.0386176366595734,offdiag_pooled,0.3230769230769231,21,0,65,0.676923076923077,-0.37899931373538354,0.37899931373538354,,-0.07846153846153847,-0.4141995562089842,,,
length,harm,27,0.9643,0.7192307692307693,0.6564133962755133,-0.06879383102339658,offdiag_pooled,0.2923076923076923,19,0,65,0.7076923076923076,-0.49392711334338063,0.49392711334338063,,-0.01153846153846172,-0.1624862829321327,,,
length,harm,28,1.0,0.7153846153846153,0.6429098517728853,-0.10492823917356851,offdiag_pooled,0.23076923076923078,15,0,65,0.7692307692307692,-0.8045162800041892,0.8045162800041892,,0.05384615384615388,0.1616064282313039,,,
length,length,0,0.0,0.5,nan,0.0,diag_heldout,0.5,0,9,9,0.5,nan,nan,,0.0,nan,,,
length,length,0,0.0,0.5,nan,0.0,diag_lopo,0.5,0,21,21,0.5,nan,nan,,0.0,nan,,,
length,length,1,0.0357,0.8866666666666667,1.7699177930689356,1.0,diag_heldout,1.0,9,0,9,1.0,12.003540999031046,12.003540999031046,,0.11333333333333329,10.23362320596211,,,
length,length,1,0.0357,0.8866666666666667,1.7699177930689356,1.0,diag_lopo,1.0,21,0,21,1.0,11.793935102620887,11.793935102620887,,0.11333333333333329,10.024017309551951,,,
length,length,2,0.0714,0.835,1.7170424658830794,1.0,diag_heldout,1.0,9,0,9,1.0,13.468596079903536,13.468596079903536,,0.16500000000000004,11.751553614020457,,,
length,length,2,0.0714,0.835,1.7170424658830794,1.0,diag_lopo,1.0,21,0,21,1.0,10.077749560753169,10.077749560753169,,0.16500000000000004,8.36070709487009,,,
length,length,3,0.1071,0.8949999999999999,1.6991317191277737,1.0,diag_heldout,1.0,9,0,9,1.0,21.522416010690144,21.522416010690144,,0.1050000000000001,19.82328429156237,,,
length,length,3,0.1071,0.8949999999999999,1.6991317191277737,1.0,diag_lopo,1.0,21,0,21,1.0,13.267373741836465,13.267373741836465,,0.1050000000000001,11.568242022708692,,,
length,length,4,0.1429,0.8383333333333335,1.5060197920143452,0.9999999999999998,diag_heldout,1.0,9,0,9,1.0,13.533369331723337,13.533369331723337,,0.16166666666666651,12.027349539708991,,,
length,length,4,0.1429,0.8383333333333335,1.5060197920143452,0.9999999999999998,diag_lopo,1.0,21,0,21,1.0,11.842654993007127,11.842654993007127,,0.16166666666666651,10.33663520099278,,,
length,length,5,0.1786,0.775,1.0325434916909215,1.0000000000000002,diag_heldout,1.0,9,0,9,1.0,21.937880564096744,21.937880564096744,,0.22499999999999998,20.90533707240582,,,
length,length,5,0.1786,0.775,1.0325434916909215,1.0000000000000002,diag_lopo,1.0,21,0,21,1.0,20.25687811327496,20.25687811327496,,0.22499999999999998,19.22433462158404,,,
length,length,6,0.2143,0.8300000000000001,1.5999118430098556,1.0000000000000002,diag_heldout,1.0,9,0,9,1.0,7.723861629397355,7.723861629397355,,0.16999999999999993,6.1239497863875,,,
length,length,6,0.2143,0.8300000000000001,1.5999118430098556,1.0000000000000002,diag_lopo,1.0,21,0,21,1.0,7.638985528875529,7.638985528875529,,0.16999999999999993,6.039073685865674,,,
length,length,7,0.25,0.8133333333333335,1.523519694603895,0.9999999999999998,diag_heldout,1.0,9,0,9,1.0,10.19906947001095,10.19906947001095,,0.18666666666666654,8.675549775407056,,,
length,length,7,0.25,0.8133333333333335,1.523519694603895,0.9999999999999998,diag_lopo,1.0,21,0,21,1.0,11.03350799643305,11.03350799643305,,0.18666666666666654,9.509988301829155,,,
length,length,8,0.2857,0.8266666666666665,1.397438261269001,1.0000000000000002,diag_heldout,1.0,9,0,9,1.0,8.784872118225923,8.784872118225923,,0.17333333333333345,7.387433856956922,,,
length,length,8,0.2857,0.8266666666666665,1.397438261269001,1.0000000000000002,diag_lopo,1.0,21,0,21,1.0,9.481309695817174,9.481309695817174,,0.17333333333333345,8.083871434548174,,,
length,length,9,0.3214,0.7933333333333333,1.1882364400211085,0.9999999999999999,diag_heldout,1.0,9,0,9,1.0,6.492808305664388,6.492808305664388,,0.20666666666666667,5.30457186564328,,,
length,length,9,0.3214,0.7933333333333333,1.1882364400211085,0.9999999999999999,diag_lopo,1.0,21,0,21,1.0,6.454115871676222,6.454115871676222,,0.20666666666666667,5.265879431655113,,,
length,length,10,0.3571,0.77,0.9562565650492008,0.9999999999999998,diag_heldout,1.0,9,0,9,1.0,5.907213732217133,5.907213732217133,,0.22999999999999998,4.950957167167932,,,
length,length,10,0.3571,0.77,0.9562565650492008,0.9999999999999998,diag_lopo,1.0,21,0,21,1.0,5.0481742633262,5.0481742633262,,0.22999999999999998,4.091917698276999,,,
length,length,11,0.3929,0.7533333333333333,0.799243551909433,1.0000000000000002,diag_heldout,1.0,9,0,9,1.0,4.945943427455647,4.945943427455647,,0.2466666666666667,4.146699875546213,,,
length,length,11,0.3929,0.7533333333333333,0.799243551909433,1.0000000000000002,diag_lopo,1.0,21,0,21,1.0,4.312099813480273,4.312099813480273,,0.2466666666666667,3.5128562615708403,,,
length,length,12,0.4286,0.82,1.2625738700830675,0.9999999999999999,diag_heldout,1.0,9,0,9,1.0,4.9254558107056425,4.9254558107056425,,0.18000000000000005,3.662881940622575,,,
length,length,12,0.4286,0.82,1.2625738700830675,0.9999999999999999,diag_lopo,1.0,21,0,21,1.0,4.0949670119775226,4.0949670119775226,,0.18000000000000005,2.832393141894455,,,
length,length,13,0.4643,0.79,1.0177602620635955,1.0,diag_heldout,1.0,9,0,9,1.0,6.023482386372063,6.023482386372063,,0.20999999999999996,5.005722124308467,,,
length,length,13,0.4643,0.79,1.0177602620635955,1.0,diag_lopo,1.0,21,0,21,1.0,4.840167483893078,4.840167483893078,,0.20999999999999996,3.822407221829482,,,
length,length,14,0.5,0.8400000000000001,1.2846215484478845,0.9999999999999998,diag_heldout,1.0,9,0,9,1.0,5.4218475441221345,5.4218475441221345,,0.15999999999999992,4.13722599567425,,,
length,length,14,0.5,0.8400000000000001,1.2846215484478845,0.9999999999999998,diag_lopo,1.0,21,0,21,1.0,4.269846786013223,4.269846786013223,,0.15999999999999992,2.9852252375653383,,,
length,length,15,0.5357,0.7466666666666666,0.8351926653873528,1.0,diag_heldout,1.0,9,0,9,1.0,5.571312413237375,5.571312413237375,,0.2533333333333334,4.736119747850022,,,
length,length,15,0.5357,0.7466666666666666,0.8351926653873528,1.0,diag_lopo,1.0,21,0,21,1.0,4.553694941464889,4.553694941464889,,0.2533333333333334,3.7185022760775364,,,
length,length,16,0.5714,0.7866666666666667,1.00876948455192,1.0000000000000002,diag_heldout,1.0,9,0,9,1.0,7.82958848443399,7.82958848443399,,0.21333333333333326,6.82081899988207,,,
length,length,16,0.5714,0.7866666666666667,1.00876948455192,1.0000000000000002,diag_lopo,1.0,21,0,21,1.0,5.8181852291300125,5.8181852291300125,,0.21333333333333326,4.809415744578093,,,
length,length,17,0.6071,0.7683333333333333,0.860034196867103,1.0000000000000002,diag_heldout,1.0,9,0,9,1.0,10.461612403959041,10.461612403959041,,0.2316666666666667,9.601578207091938,,,
length,length,17,0.6071,0.7683333333333333,0.860034196867103,1.0000000000000002,diag_lopo,1.0,21,0,21,1.0,7.2147788025795805,7.2147788025795805,,0.2316666666666667,6.354744605712478,,,
length,length,18,0.6429,0.7716666666666666,0.9167452859655902,0.9999999999999999,diag_heldout,1.0,9,0,9,1.0,11.758623963888281,11.758623963888281,,0.2283333333333334,10.841878677922692,,,
length,length,18,0.6429,0.7716666666666666,0.9167452859655902,0.9999999999999999,diag_lopo,1.0,21,0,21,1.0,7.814720113040889,7.814720113040889,,0.2283333333333334,6.8979748270752985,,,
length,length,19,0.6786,0.7233333333333333,0.7421707325203125,1.0,diag_heldout,1.0,9,0,9,1.0,9.791840411120459,9.791840411120459,,0.2766666666666667,9.049669678600146,,,
length,length,19,0.6786,0.7233333333333333,0.7421707325203125,1.0,diag_lopo,1.0,21,0,21,1.0,9.879591537501717,9.879591537501717,,0.2766666666666667,9.137420804981405,,,
length,length,20,0.7143,0.7166666666666667,0.7249046379791965,1.0,diag_heldout,1.0,9,0,9,1.0,5.772549536106694,5.772549536106694,,0.2833333333333333,5.047644898127498,,,
length,length,20,0.7143,0.7166666666666667,0.7249046379791965,1.0,diag_lopo,1.0,21,0,21,1.0,5.850169047276899,5.850169047276899,,0.2833333333333333,5.125264409297703,,,
length,length,21,0.75,0.7466666666666668,0.8397248509345033,1.0000000000000002,diag_heldout,1.0,9,0,9,1.0,3.951638413545106,3.951638413545106,,0.2533333333333332,3.111913562610603,,,
length,length,21,0.75,0.7466666666666668,0.8397248509345033,1.0000000000000002,diag_lopo,1.0,21,0,21,1.0,3.8736951151295753,3.8736951151295753,,0.2533333333333332,3.033970264195072,,,
length,length,22,0.7857,0.6783333333333333,0.5291451335980156,0.9999999999999999,diag_heldout,1.0,9,0,9,1.0,3.103388455431169,3.103388455431169,,0.32166666666666666,2.5742433218331535,,,
length,length,22,0.7857,0.6783333333333333,0.5291451335980156,0.9999999999999999,diag_lopo,1.0,21,0,21,1.0,3.3556661885597845,3.3556661885597845,,0.32166666666666666,2.826521054961769,,,
length,length,23,0.8214,0.6833333333333333,0.5071363382641356,1.0,diag_heldout,1.0,9,0,9,1.0,2.5296977674261893,2.5296977674261893,,0.31666666666666665,2.022561429162054,,,
length,length,23,0.8214,0.6833333333333333,0.5071363382641356,1.0,diag_lopo,1.0,21,0,21,1.0,2.8020929049448577,2.8020929049448577,,0.31666666666666665,2.294956566680722,,,
length,length,24,0.8571,0.6833333333333333,0.5598197852704454,1.0000000000000002,diag_heldout,1.0,9,0,9,1.0,2.2963902010665,2.2963902010665,,0.31666666666666665,1.7365704157960546,,,
length,length,24,0.8571,0.6833333333333333,0.5598197852704454,1.0000000000000002,diag_lopo,1.0,21,0,21,1.0,2.5202524846420076,2.5202524846420076,,0.31666666666666665,1.9604326993715622,,,
length,length,25,0.8929,0.6866666666666665,0.4629620743495436,1.0,diag_heldout,1.0,9,0,9,1.0,2.2381220023314325,2.2381220023314325,,0.31333333333333346,1.775159927981889,,,
length,length,25,0.8929,0.6866666666666665,0.4629620743495436,1.0,diag_lopo,1.0,21,0,21,1.0,2.42341994963192,2.42341994963192,,0.31333333333333346,1.9604578752823767,,,
length,length,26,0.9286,0.6866666666666665,0.5454551193977047,0.9999999999999999,diag_heldout,1.0,9,0,9,1.0,2.117513545490065,2.117513545490065,,0.31333333333333346,1.5720584260923602,,,
length,length,26,0.9286,0.6866666666666665,0.5454551193977047,0.9999999999999999,diag_lopo,1.0,21,0,21,1.0,2.2364326123008422,2.2364326123008422,,0.31333333333333346,1.6909774929031376,,,
length,length,27,0.9643,0.7116666666666667,0.5827346283111524,1.0,diag_heldout,1.0,9,0,9,1.0,2.136061321515443,2.136061321515443,,0.28833333333333333,1.5533266932042906,,,
length,length,27,0.9643,0.7116666666666667,0.5827346283111524,1.0,diag_lopo,1.0,21,0,21,1.0,2.1419571606418812,2.1419571606418812,,0.28833333333333333,1.559222532330729,,,
length,length,28,1.0,0.6883333333333332,0.5275695659325285,1.0,diag_heldout,1.0,9,0,9,1.0,1.7119372954224743,1.7119372954224743,,0.31166666666666676,1.1843677294899457,,,
length,length,28,1.0,0.6883333333333332,0.5275695659325285,1.0,diag_lopo,1.0,21,0,21,1.0,1.9064273907702753,1.9064273907702753,,0.31166666666666676,1.378857824837747,,,
length,persona,0,0.0,0.5,nan,0.0,offdiag_pooled,0.5,0,65,65,0.5,nan,nan,0.65,0.0,nan,,,
length,persona,1,0.0357,0.7253846153846153,0.7268106252842956,0.029951661670683194,offdiag_pooled,0.5692307692307692,37,0,65,0.5692307692307692,0.19855886352488106,0.19855886352488106,0.7,-0.1561538461538461,-0.5282517617594146,,,
length,persona,2,0.0714,0.7184615384615384,0.6518985262601529,0.15277145740446543,offdiag_pooled,0.7846153846153846,51,0,65,0.7846153846153846,0.8237464007854968,0.8237464007854968,,0.06615384615384623,0.1718478745253439,,,
length,persona,3,0.1071,0.74,0.7097658227547379,0.12962174581824146,offdiag_pooled,0.8153846153846154,53,0,65,0.8153846153846154,0.9182756573877199,0.9182756573877199,,0.07538461538461538,0.208509834632982,,,
length,persona,4,0.1429,0.7161538461538461,0.6628882766166957,0.1562336976497048,offdiag_pooled,0.9384615384615385,61,0,65,0.9384615384615385,1.3173860792715102,1.3173860792715102,,0.22230769230769232,0.6544978026548145,,,
length,persona,5,0.1786,0.7246153846153847,0.6945826847592765,0.22303394463650048,offdiag_pooled,0.9230769230769231,60,0,65,0.9230769230769231,1.6725749753736456,1.6725749753736456,,0.19846153846153847,0.9779922906143691,,,
length,persona,6,0.2143,0.7076923076923077,0.6177077442969753,0.24012275641964745,offdiag_pooled,0.9230769230769231,60,0,65,0.9230769230769231,1.2186145189790893,1.2186145189790893,,0.2153846153846154,0.6009067746821141,,,
length,persona,7,0.25,0.8353846153846154,1.1389426591177314,0.20181950318805716,offdiag_pooled,0.9846153846153847,64,0,65,0.9846153846153847,1.5712021980194448,1.5712021980194448,,0.14923076923076928,0.4322595389017134,,,
length,persona,8,0.2857,0.7884615384615385,0.856518791851015,0.1732957948115237,offdiag_pooled,0.9692307692307692,63,0,65,0.9692307692307692,1.6309005494995437,1.6309005494995437,,0.18076923076923068,0.7743817576485287,,,
length,persona,9,0.3214,0.7223076923076923,0.7527826303203708,0.1782688680526651,offdiag_pooled,0.9846153846153847,64,0,65,0.9846153846153847,1.6304966766247853,1.6304966766247853,,0.26230769230769235,0.8777140463044144,,,
length,persona,10,0.3571,0.7507692307692307,0.7554140408021404,0.2989403540423654,offdiag_pooled,0.9538461538461539,62,0,65,0.9538461538461539,1.4639152349963565,1.4639152349963565,,0.20307692307692315,0.7085011941942161,,,
length,persona,11,0.3929,0.7692307692307693,0.8452680671482244,0.22806171235875658,offdiag_pooled,0.9230769230769231,60,0,65,0.9230769230769231,1.2765851373914143,1.2765851373914143,,0.15384615384615385,0.4313170702431899,,,
length,persona,12,0.4286,0.7107692307692306,0.7203161520918497,0.22165785795865792,offdiag_pooled,0.9692307692307692,63,0,65,0.9692307692307692,1.3479404112100632,1.3479404112100632,,0.25846153846153863,0.6276242591182135,,,
length,persona,13,0.4643,0.766923076923077,0.782620060136764,0.23040951433122212,offdiag_pooled,0.9384615384615385,61,0,65,0.9384615384615385,1.5268645695006644,1.5268645695006644,,0.17153846153846142,0.7442445093639004,,,
length,persona,14,0.5,0.7553846153846153,0.8400252987697983,0.23620962067004048,offdiag_pooled,0.9384615384615385,61,0,65,0.9384615384615385,1.46795239960061,1.46795239960061,,0.18307692307692314,0.6279271008308118,,,
length,persona,15,0.5357,0.6776923076923076,0.48407647370183177,0.2595407496214522,offdiag_pooled,0.9692307692307692,63,0,65,0.9692307692307692,1.5901165244740767,1.5901165244740767,,0.29153846153846164,1.106040050772245,,,
length,persona,16,0.5714,0.6907692307692308,0.5182441994392748,0.2517133205457613,offdiag_pooled,0.9538461538461539,62,0,65,0.9538461538461539,1.5056733019918778,1.5056733019918778,,0.2630769230769231,0.987429102552603,,,
length,persona,17,0.6071,0.7238461538461538,0.6093879311087071,0.2614489958974277,offdiag_pooled,0.9692307692307692,63,0,65,0.9692307692307692,1.4697161344100529,1.4697161344100529,,0.24538461538461542,0.8603282033013457,,,
length,persona,18,0.6429,0.6815384615384615,0.43567421123967265,0.2837839463224525,offdiag_pooled,1.0,65,0,65,1.0,1.744473509629313,1.744473509629313,,0.31846153846153846,1.3087992983896402,,,
length,persona,19,0.6786,0.7176923076923077,0.5818403372359958,0.28167471333076577,offdiag_pooled,1.0,65,0,65,1.0,1.7511778295232436,1.7511778295232436,,0.28230769230769226,1.169337492287248,,,
length,persona,20,0.7143,0.6461538461538461,0.40562375612802126,0.26377855748157547,offdiag_pooled,1.0,65,0,65,1.0,1.464855183043314,1.464855183043314,,0.3538461538461539,1.059231426915293,,,
length,persona,21,0.75,0.6892307692307691,0.4954590051316172,0.24393140905145833,offdiag_pooled,1.0,65,0,65,1.0,1.4082777500470398,1.4082777500470398,,0.3107692307692309,0.9128187449154226,,,
length,persona,22,0.7857,0.673076923076923,0.42488184401278034,0.2517735006385058,offdiag_pooled,1.0,65,0,65,1.0,1.4271582739547006,1.4271582739547006,,0.326923076923077,1.0022764299419202,,,
length,persona,23,0.8214,0.6299999999999999,0.31744333688074233,0.2357397629619246,offdiag_pooled,0.9538461538461539,62,0,65,0.9538461538461539,1.2472732645608,1.2472732645608,,0.323846153846154,0.9298299276800577,,,
length,persona,24,0.8571,0.6307692307692306,0.3481248447658926,0.221277128905837,offdiag_pooled,0.9538461538461539,62,0,65,0.9538461538461539,1.181841733794211,1.181841733794211,,0.32307692307692326,0.8337168890283184,,,
length,persona,25,0.8929,0.6292307692307691,0.3194497788051145,0.19977877890665155,offdiag_pooled,0.9230769230769231,60,0,65,0.9230769230769231,1.0845713866952476,1.0845713866952476,,0.293846153846154,0.7651216078901331,,,
length,persona,26,0.9286,0.6838461538461539,0.49260475899286105,0.2114687472985438,offdiag_pooled,0.9076923076923077,59,0,65,0.9076923076923077,1.0115219977042127,1.0115219977042127,,0.2238461538461538,0.5189172387113516,,,
length,persona,27,0.9643,0.6469230769230769,0.36553629966772067,0.20572060922011373,offdiag_pooled,0.8923076923076924,58,0,65,0.8923076923076924,0.9394508307218309,0.9394508307218309,,0.24538461538461542,0.5739145310541103,,,
length,persona,28,1.0,0.6438461538461537,0.3489158755267966,0.22148261355643217,offdiag_pooled,0.8923076923076924,58,0,65,0.8923076923076924,1.0958279859789284,1.0958279859789284,,0.24846153846153862,0.7469121104521318,,,
length,story_v1,0,0.0,0.5,nan,0.0,offdiag_pooled,0.5,0,65,65,0.5,nan,nan,0.65,0.0,nan,,,
length,story_v1,1,0.0357,0.6876923076923076,0.5108093988657897,0.0009738095969660191,offdiag_pooled,0.4153846153846154,27,0,65,0.5846153846153845,-0.08075325329138833,0.08075325329138833,0.75,-0.10307692307692307,-0.43005614557440136,,,
length,story_v1,2,0.0714,0.7276923076923077,0.6121797593599403,-0.13984210845312142,offdiag_pooled,0.06153846153846154,4,0,65,0.9384615384615385,-1.3664857169533053,1.3664857169533053,,0.2107692307692307,0.754305957593365,,,
length,story_v1,3,0.1071,0.7261538461538463,0.6130633475724798,-0.14380047167096696,offdiag_pooled,0.046153846153846156,3,0,65,0.9538461538461538,-1.4417781006587118,1.4417781006587118,,0.22769230769230753,0.828714753086232,,,
length,story_v1,4,0.1429,0.7246153846153847,0.7002472899068157,-0.16279751028979403,offdiag_pooled,0.015384615384615385,1,0,65,0.9846153846153847,-1.9080900880905816,1.9080900880905816,,0.26,1.2078427981837658,,,
length,story_v1,5,0.1786,0.7538461538461538,0.7612007902914513,-0.07995653379974196,offdiag_pooled,0.1076923076923077,7,0,65,0.8923076923076922,-1.4059637991860123,1.4059637991860123,,0.1384615384615384,0.6447630088945611,,,
length,story_v1,6,0.2143,0.683076923076923,0.6070100366220174,-0.024465152711246378,offdiag_pooled,0.35384615384615387,23,0,65,0.6461538461538461,-0.320099196350661,0.320099196350661,,-0.03692307692307695,-0.2869108402713564,,,
length,story_v1,7,0.25,0.7461538461538464,0.7302443924126771,-0.001445206452049196,offdiag_pooled,0.35384615384615387,23,0,65,0.6461538461538461,-0.1546750976138223,0.1546750976138223,,-0.10000000000000031,-0.5755692947988549,,,
length,story_v1,8,0.2857,0.7299999999999999,0.7606692661985643,-0.0687712950721477,offdiag_pooled,0.24615384615384617,16,0,65,0.7538461538461538,-0.7773695514602016,0.7773695514602016,,0.02384615384615396,0.01670028526163725,,,
length,story_v1,9,0.3214,0.723076923076923,0.7080208741107541,-0.07396175915257888,offdiag_pooled,0.16923076923076924,11,0,65,0.8307692307692307,-0.9421426551148326,0.9421426551148326,,0.10769230769230775,0.23412178100407854,,,
length,story_v1,10,0.3571,0.7769230769230768,0.9619635964206031,-0.007682796496222809,offdiag_pooled,0.3230769230769231,21,0,65,0.676923076923077,-0.19962439042362728,0.19962439042362728,,-0.09999999999999987,-0.7623392059969758,,,
length,story_v1,11,0.3929,0.7046153846153846,0.5392546032163986,-0.02316819835857952,offdiag_pooled,0.2923076923076923,19,0,65,0.7076923076923076,-0.4036759733113486,0.4036759733113486,,0.003076923076922977,-0.13557862990505004,,,
length,story_v1,12,0.4286,0.7892307692307693,0.8366885333001173,-0.05148057023853105,offdiag_pooled,0.13846153846153847,9,0,65,0.8615384615384616,-0.6985443178992545,0.6985443178992545,,0.0723076923076923,-0.13814421540086275,,,
length,story_v1,13,0.4643,0.7384615384615385,0.7246148547519948,-0.11532437228547691,offdiag_pooled,0.1076923076923077,7,0,65,0.8923076923076922,-1.2896358557508656,1.2896358557508656,,0.15384615384615374,0.5650210009988708,,,
length,story_v1,14,0.5,0.7607692307692309,0.8441455430551464,-0.09463880724517645,offdiag_pooled,0.06153846153846154,4,0,65,0.9384615384615385,-1.216368080729595,1.216368080729595,,0.1776923076923076,0.37222253767444846,,,
length,story_v1,15,0.5357,0.7661538461538462,0.8861020929946448,-0.0810213960891692,offdiag_pooled,0.13846153846153847,9,0,65,0.8615384615384616,-1.1794748931156291,1.1794748931156291,,0.0953846153846154,0.2933728001209843,,,
length,story_v1,16,0.5714,0.7746153846153846,0.8500198338345113,-0.07794442578133139,offdiag_pooled,0.16923076923076924,11,0,65,0.8307692307692307,-1.2822304053362772,1.2822304053362772,,0.05615384615384611,0.4322105715017659,,,
length,story_v1,17,0.6071,0.7976923076923078,1.0815822796944983,-0.07860200056466236,offdiag_pooled,0.09230769230769231,6,0,65,0.9076923076923077,-1.4112323445989543,1.4112323445989543,,0.10999999999999988,0.32965006490445603,,,
length,story_v1,18,0.6429,0.8007692307692308,1.0724392054042213,-0.03581007441228842,offdiag_pooled,0.2,13,0,65,0.8,-0.7109367208414025,0.7109367208414025,,-0.0007692307692307443,-0.36150248456281886,,,
length,story_v1,19,0.6786,0.6823076923076923,0.5151902314370502,-0.05650854503150237,offdiag_pooled,0.07692307692307693,5,0,65,0.9230769230769231,-1.0048849260405561,1.0048849260405561,,0.24076923076923085,0.4896946946035059,,,
length,story_v1,20,0.7143,0.8253846153846153,1.1067989561287077,0.009567500862591772,offdiag_pooled,0.46153846153846156,30,0,65,0.5384615384615384,0.10250101581035344,0.10250101581035344,0.7,-0.28692307692307684,-1.0042979403183543,,,
length,story_v1,21,0.75,0.7976923076923077,0.9161631591466282,-0.0155542868452673,offdiag_pooled,0.27692307692307694,18,0,65,0.7230769230769231,-0.14665391307244055,0.14665391307244055,,-0.07461538461538464,-0.7695092460741876,,,
length,story_v1,22,0.7857,0.7707692307692308,0.7947662905430308,-0.024839949569431932,offdiag_pooled,0.27692307692307694,18,0,65,0.7230769230769231,-0.20768341937251475,0.20768341937251475,,-0.0476923076923077,-0.587082871170516,,,
length,story_v1,23,0.8214,0.7261538461538461,0.6394327416798138,-0.02343068392511965,offdiag_pooled,0.35384615384615387,23,0,65,0.6461538461538461,-0.14712034307079228,0.14712034307079228,,-0.08000000000000007,-0.49231239860902154,,,
length,story_v1,24,0.8571,0.7623076923076922,0.7233329381662229,-0.020736623431680038,offdiag_pooled,0.3384615384615385,22,0,65,0.6615384615384615,-0.12957324259825845,0.12957324259825845,,-0.10076923076923072,-0.5937596955679645,,,
length,story_v1,25,0.8929,0.6892307692307692,0.5394018255754789,-0.03906525693110768,offdiag_pooled,0.27692307692307694,18,0,65,0.7230769230769231,-0.30109639704051516,0.30109639704051516,,0.03384615384615386,-0.23830542853496373,,,
length,story_v1,26,0.9286,0.7107692307692307,0.6668949374105457,-0.02544576714579325,offdiag_pooled,0.3230769230769231,21,0,65,0.676923076923077,-0.16363958019462366,0.16363958019462366,,-0.03384615384615375,-0.5032553572159221,,,
length,story_v1,27,0.9643,0.7507692307692307,0.735980416793519,-0.02456131116526445,offdiag_pooled,0.35384615384615387,23,0,65,0.6461538461538461,-0.12359973225301438,0.12359973225301438,,-0.10461538461538467,-0.6123806845405046,,,
length,story_v1,28,1.0,0.7307692307692307,0.713205914046493,-0.055465584298068166,offdiag_pooled,0.23076923076923078,15,0,65,0.7692307692307692,-0.4218614582363194,0.4218614582363194,,0.038461538461538436,-0.29134445581017365,,,
length,story_v2,0,0.0,0.5,nan,0.0,offdiag_pooled,0.5,0,65,65,0.5,nan,nan,0.65,0.0,nan,,,
length,story_v2,1,0.0357,0.6876923076923077,0.502408108181965,-0.05723849121974821,offdiag_pooled,0.3076923076923077,20,0,65,0.6923076923076923,-0.48394729583261203,0.48394729583261203,,0.004615384615384577,-0.018460812349352984,,,
length,story_v2,2,0.0714,0.6607692307692308,0.36614271128826564,-0.20778139518365243,offdiag_pooled,0.07692307692307693,5,0,65,0.9230769230769231,-1.3592218991553797,1.3592218991553797,,0.26230769230769235,0.9930791878671141,,,
length,story_v2,3,0.1071,0.6646153846153846,0.4326247688168895,-0.23474521934422624,offdiag_pooled,0.07692307692307693,5,0,65,0.9230769230769231,-1.5436955555716838,1.5436955555716838,,0.2584615384615385,1.1110707867547944,,,
length,story_v2,4,0.1429,0.7069230769230769,0.5547792561446381,-0.25591385039767606,offdiag_pooled,0.015384615384615385,1,0,65,0.9846153846153847,-2.086586362015095,2.086586362015095,,0.2776923076923078,1.5318071058704568,,,
length,story_v2,5,0.1786,0.7015384615384617,0.5716994391412603,-0.14710606367119322,offdiag_pooled,0.09230769230769231,6,0,65,0.9076923076923077,-1.789377855229992,1.789377855229992,,0.20615384615384602,1.2176784160887317,,,
length,story_v2,6,0.2143,0.6815384615384615,0.4865133158813161,-0.1833904766922957,offdiag_pooled,0.2,13,0,65,0.8,-0.8357518144952045,0.8357518144952045,,0.11846153846153851,0.34923849861388845,,,
length,story_v2,7,0.25,0.6753846153846155,0.4662591555662834,-0.12269570527371156,offdiag_pooled,0.16923076923076924,11,0,65,0.8307692307692307,-0.8223080364013354,0.8223080364013354,,0.15538461538461523,0.35604888083505204,,,
length,story_v2,8,0.2857,0.7138461538461538,0.6264148728101665,-0.14422166616090243,offdiag_pooled,0.12307692307692308,8,0,65,0.8769230769230769,-1.1744875588747465,1.1744875588747465,,0.16307692307692312,0.54807268606458,,,
length,story_v2,9,0.3214,0.7207692307692307,0.6146935279127075,-0.12227086856370117,offdiag_pooled,0.15384615384615385,10,0,65,0.8461538461538461,-1.0905732136704878,1.0905732136704878,,0.12538461538461543,0.4758796857577803,,,
length,story_v2,10,0.3571,0.8169230769230771,0.963382679778554,-0.11500684137396172,offdiag_pooled,0.18461538461538463,12,0,65,0.8153846153846154,-0.7957200483407757,0.7957200483407757,,-0.0015384615384617106,-0.16766263143777826,,,
length,story_v2,11,0.3929,0.7030769230769232,0.6267029125711303,-0.10576244514687443,offdiag_pooled,0.15384615384615385,10,0,65,0.8461538461538461,-1.0207935781394066,1.0207935781394066,,0.143076923076923,0.3940906655682763,,,
length,story_v2,12,0.4286,0.7538461538461539,0.7701271874044429,-0.11712583879273161,offdiag_pooled,0.1076923076923077,7,0,65,0.8923076923076922,-1.1685011174219455,1.1685011174219455,,0.1384615384615383,0.39837393001750265,,,
length,story_v2,13,0.4643,0.7453846153846154,0.7256505334315468,-0.1575917670999718,offdiag_pooled,0.09230769230769231,6,0,65,0.9076923076923077,-1.3567820591738273,1.3567820591738273,,0.16230769230769226,0.6311315257422805,,,
length,story_v2,14,0.5,0.7892307692307692,0.947952136748131,-0.12011098173519931,offdiag_pooled,0.07692307692307693,5,0,65,0.9230769230769231,-1.42123354428242,1.42123354428242,,0.13384615384615395,0.47328140753428904,,,
length,story_v2,15,0.5357,0.7676923076923077,0.8423376093681396,-0.14005157050454972,offdiag_pooled,0.046153846153846156,3,0,65,0.9538461538461538,-1.697810573215613,1.697810573215613,,0.18615384615384611,0.8554729638474734,,,
length,story_v2,16,0.5714,0.7223076923076923,0.7012497338187187,-0.1085403634461222,offdiag_pooled,0.06153846153846154,4,0,65,0.9384615384615385,-1.5532956029637053,1.5532956029637053,,0.21615384615384614,0.8520458691449866,,,
length,story_v2,17,0.6071,0.8038461538461539,1.0904655465549857,-0.07165477207488029,offdiag_pooled,0.1076923076923077,7,0,65,0.8923076923076922,-1.1822864482968276,1.1822864482968276,,0.08846153846153837,0.09182090174184188,,,
length,story_v2,18,0.6429,0.7984615384615383,1.1317981046481653,-0.057410839118252524,offdiag_pooled,0.12307692307692308,8,0,65,0.8769230769230769,-1.0912403737348675,1.0912403737348675,,0.07846153846153858,-0.04055773091329784,,,
length,story_v2,19,0.6786,0.7253846153846154,0.6479538831227616,-0.05536736231923303,offdiag_pooled,0.13846153846153847,9,0,65,0.8615384615384616,-1.228350998840152,1.228350998840152,,0.13615384615384618,0.5803971157173904,,,
length,story_v2,20,0.7143,0.7984615384615384,0.9810797591513968,0.01324684341984529,offdiag_pooled,0.6,39,0,65,0.6,0.34738555530284143,0.34738555530284143,0.75,-0.19846153846153847,-0.6336942038485553,,,
length,story_v2,21,0.75,0.7861538461538462,0.9802135715587994,-0.02625338023284505,offdiag_pooled,0.35384615384615387,23,0,65,0.6461538461538461,-0.4686103953481278,0.4686103953481278,,-0.14000000000000012,-0.5116031762106716,,,
length,story_v2,22,0.7857,0.7938461538461539,0.9158740656008979,-0.012864372788597669,offdiag_pooled,0.4461538461538462,29,0,65,0.5538461538461539,-0.14239077625192198,0.14239077625192198,0.7,-0.24,-0.7734832893489759,,,
length,story_v2,23,0.8214,0.7423076923076922,0.8357517357633499,-0.03066189563702394,offdiag_pooled,0.35384615384615387,23,0,65,0.6461538461538461,-0.373089079319002,0.373089079319002,,-0.09615384615384615,-0.46266265644434795,,,
length,story_v2,24,0.8571,0.7792307692307692,0.9209155325364314,-0.030153271714202217,offdiag_pooled,0.35384615384615387,23,0,65,0.6461538461538461,-0.3804552351293088,0.3804552351293088,,-0.1330769230769231,-0.5404602974071226,,,
length,story_v2,25,0.8929,0.6923076923076922,0.5130793919392029,-0.055102698764521604,offdiag_pooled,0.23076923076923078,15,0,65,0.7692307692307692,-0.799069961987853,0.799069961987853,,0.07692307692307698,0.28599057004865003,,,
length,story_v2,26,0.9286,0.7884615384615385,0.8513048570760136,-0.04298915835917561,offdiag_pooled,0.27692307692307694,18,0,65,0.7230769230769231,-0.6006459935962085,0.6006459935962085,,-0.06538461538461549,-0.25065886347980504,,,
length,story_v2,27,0.9643,0.7530769230769232,0.7849825980155922,-0.06371336495044694,offdiag_pooled,0.2153846153846154,14,0,65,0.7846153846153846,-0.8211308601342288,0.8211308601342288,,0.031538461538461404,0.03614826211863653,,,
length,story_v2,28,1.0,0.7876923076923077,0.914377218963876,-0.1181460975974909,offdiag_pooled,0.1076923076923077,7,0,65,0.8923076923076922,-1.228024304695058,1.228024304695058,,0.10461538461538455,0.31364708573118205,,,
persona,eval,0,0.0,0.5,nan,0.0,offdiag_pooled,0.5,0,65,65,0.5,nan,nan,0.65,0.0,nan,,,
persona,eval,1,0.0357,0.596153846153846,0.2129771862544195,-0.15967337827493572,offdiag_pooled,0.5538461538461539,36,0,65,0.5538461538461539,-0.11412755031160225,0.11412755031160225,0.7,-0.04230769230769216,-0.09884963594281725,,,
persona,eval,2,0.0714,0.5923076923076922,0.20101895043426085,-0.13421982419989156,offdiag_pooled,0.46153846153846156,30,0,65,0.5384615384615384,-0.13587392623489775,0.13587392623489775,0.7,-0.053846153846153766,-0.0651450241993631,,,
persona,eval,3,0.1071,0.6092307692307692,0.22413397784348016,0.05354684652154558,offdiag_pooled,0.5846153846153846,38,0,65,0.5846153846153846,0.11348549788664251,0.11348549788664251,0.75,-0.024615384615384595,-0.11064847995683764,,,
persona,eval,4,0.1429,0.5969230769230769,0.22594889838543467,-0.03396293967444093,offdiag_pooled,0.4461538461538462,29,0,65,0.5538461538461539,-0.07242757735667239,0.07242757735667239,0.7,-0.04307692307692301,-0.15352132102876226,,,
persona,eval,5,0.1786,0.5776923076923076,0.20975899625094838,0.15533478586590505,offdiag_pooled,0.6,39,0,65,0.6,0.4008691561084339,0.4008691561084339,0.75,0.02230769230769236,0.1911101598574855,,,
persona,eval,6,0.2143,0.5984615384615385,0.23560511618903676,0.16985802494970612,offdiag_pooled,0.5692307692307692,37,0,65,0.5692307692307692,0.2328958888002814,0.2328958888002814,0.7,-0.029230769230769282,-0.0027092273887553697,,,
persona,eval,7,0.25,0.6169230769230769,0.27466694402804126,0.14262126857449722,offdiag_pooled,0.6,39,0,65,0.6,0.19585387895725784,0.19585387895725784,0.75,-0.01692307692307693,-0.07881306507078342,,,
persona,eval,8,0.2857,0.5969230769230769,0.2663313560244277,0.08760962166647644,offdiag_pooled,0.5538461538461539,36,0,65,0.5538461538461539,0.1815644689477086,0.1815644689477086,0.7,-0.04307692307692301,-0.08476688707671909,,,
persona,eval,9,0.3214,0.6,0.23586413432012782,0.08854884758538367,offdiag_pooled,0.6307692307692307,41,0,65,0.6307692307692307,0.2574422296294142,0.2574422296294142,0.75,0.03076923076923077,0.021578095309286394,,,
persona,eval,10,0.3571,0.6138461538461538,0.2864031314827752,0.1382183653554398,offdiag_pooled,0.6153846153846154,40,0,65,0.6153846153846154,0.2580579523244427,0.2580579523244427,0.75,0.0015384615384615996,-0.028345179158332512,,,
persona,eval,11,0.3929,0.5776923076923077,0.22966738322277963,0.15049006623283487,offdiag_pooled,0.6153846153846154,40,0,65,0.6153846153846154,0.24238322895036762,0.24238322895036762,0.75,0.03769230769230769,0.012715845727587993,,,
persona,eval,12,0.4286,0.6100000000000001,0.2605982589729147,0.15009102137476293,offdiag_pooled,0.6,39,0,65,0.6,0.22642047431159373,0.22642047431159373,0.75,-0.01000000000000012,-0.03417778466132099,,,
persona,eval,13,0.4643,0.5815384615384616,0.2041007271497771,0.1455484206315279,offdiag_pooled,0.6615384615384615,43,0,65,0.6615384615384615,0.28787282000333947,0.28787282000333947,,0.07999999999999996,0.08377209285356238,,,
persona,eval,14,0.5,0.6046153846153846,0.23956839573526315,0.1702489976254344,offdiag_pooled,0.7692307692307693,50,0,65,0.7692307692307693,0.6549997107100137,0.6549997107100137,,0.16461538461538472,0.4154313149747506,,,
persona,eval,15,0.5357,0.5946153846153845,0.24004819400364283,0.1847183930857616,offdiag_pooled,0.7538461538461538,49,0,65,0.7538461538461538,0.6992534877938728,0.6992534877938728,,0.1592307692307693,0.4592052937902299,,,
persona,eval,16,0.5714,0.6169230769230769,0.28429686843321067,0.25295253003884643,offdiag_pooled,0.7846153846153846,51,0,65,0.7846153846153846,0.7374165527041731,0.7374165527041731,,0.1676923076923077,0.4531196842709624,,,
persona,eval,17,0.6071,0.593076923076923,0.2130271557833042,0.2197394700578428,offdiag_pooled,0.7384615384615385,48,0,65,0.7384615384615385,0.6981400861668894,0.6981400861668894,,0.14538461538461556,0.48511293038358516,,,
persona,eval,18,0.6429,0.6069230769230769,0.26888373334254545,0.25605462348312635,offdiag_pooled,0.7692307692307693,50,0,65,0.7692307692307693,0.7425834150834201,0.7425834150834201,,0.16230769230769237,0.4736996817408746,,,
persona,eval,19,0.6786,0.6061538461538462,0.2496507436679622,0.31927382748408817,offdiag_pooled,0.8923076923076924,58,0,65,0.8923076923076924,0.9425715827454536,0.9425715827454536,,0.2861538461538462,0.6929208390774915,,,
persona,eval,20,0.7143,0.5930769230769231,0.2501559897571346,0.29258624987873344,offdiag_pooled,0.9230769230769231,60,0,65,0.9230769230769231,0.8917133023122962,0.8917133023122962,,0.33000000000000007,0.6415573125551616,,,
persona,eval,21,0.75,0.6138461538461538,0.24659184543515483,0.2795749683039221,offdiag_pooled,0.8769230769230769,57,0,65,0.8769230769230769,0.8635793841825051,0.8635793841825051,,0.2630769230769231,0.6169875387473502,,,
persona,eval,22,0.7857,0.5853846153846154,0.1950788147585029,0.2509943809730206,offdiag_pooled,0.7692307692307693,50,0,65,0.7692307692307693,0.737103531144128,0.737103531144128,,0.18384615384615388,0.5420247163856251,,,
persona,eval,23,0.8214,0.5923076923076922,0.20430655967132277,0.25823267169171044,offdiag_pooled,0.7692307692307693,50,0,65,0.7692307692307693,0.7536161886905136,0.7536161886905136,,0.17692307692307707,0.5493096290191908,,,
persona,eval,24,0.8571,0.5999999999999999,0.21881681600062586,0.25069614350122527,offdiag_pooled,0.8153846153846154,53,0,65,0.8153846153846154,0.7292920042085819,0.7292920042085819,,0.2153846153846155,0.510475188207956,,,
persona,eval,25,0.8929,0.5930769230769231,0.20531598890345984,0.2213139863416999,offdiag_pooled,0.7846153846153846,51,0,65,0.7846153846153846,0.5934344260036104,0.5934344260036104,,0.19153846153846155,0.3881184371001506,,,
persona,eval,26,0.9286,0.5838461538461537,0.2459807072844944,0.2075644886453863,offdiag_pooled,0.7692307692307693,50,0,65,0.7692307692307693,0.5289094837761472,0.5289094837761472,,0.1853846153846156,0.2829287764916528,,,
persona,eval,27,0.9643,0.5815384615384614,0.2144207126584517,0.17627001473599277,offdiag_pooled,0.7384615384615385,48,0,65,0.7384615384615385,0.48565248093731533,0.48565248093731533,,0.15692307692307705,0.27123176827886364,,,
persona,eval,28,1.0,0.5723076923076922,0.2221698038489593,0.059225794062948756,offdiag_pooled,0.6307692307692307,41,0,65,0.6307692307692307,0.21354684583902486,0.21354684583902486,0.75,0.058461538461538565,-0.008622958009934428,,,
persona,harm,0,0.0,0.5,nan,0.0,offdiag_pooled,0.5,0,65,65,0.5,nan,nan,0.65,0.0,nan,,,
persona,harm,1,0.0357,0.5853846153846153,0.16716704499313678,-0.14201879611940488,offdiag_pooled,0.3384615384615385,22,0,65,0.6615384615384615,-0.41370061225688354,0.41370061225688354,,0.07615384615384624,0.24653356726374676,,,
persona,harm,2,0.0714,0.5946153846153844,0.22626249170757579,-0.09380613178569257,offdiag_pooled,0.4,26,0,65,0.6,-0.19386277856537798,0.19386277856537798,0.75,0.005384615384615543,-0.032399713142197806,,,
persona,harm,3,0.1071,0.5784615384615385,0.19532994866152223,-0.03994264838109516,offdiag_pooled,0.46153846153846156,30,0,65,0.5384615384615384,-0.011122388693355485,0.011122388693355485,0.7,-0.040000000000000036,-0.18420755996816673,,,
persona,harm,4,0.1429,0.5938461538461539,0.2012416342849141,0.1097302517764714,offdiag_pooled,0.6615384615384615,43,0,65,0.6615384615384615,0.33235199072486665,0.33235199072486665,,0.06769230769230761,0.13111035643995256,,,
persona,harm,5,0.1786,0.5884615384615384,0.17773030697984438,0.1446842794047097,offdiag_pooled,0.6615384615384615,43,0,65,0.6615384615384615,0.440395262437562,0.440395262437562,,0.07307692307692315,0.2626649554577176,,,
persona,harm,6,0.2143,0.5700000000000001,0.20208001051341115,0.27709659461662284,offdiag_pooled,0.6615384615384615,43,0,65,0.6615384615384615,0.44408674514135477,0.44408674514135477,,0.09153846153846146,0.24200673462794361,,,
persona,harm,7,0.25,0.6061538461538462,0.257147529427101,0.294879438047219,offdiag_pooled,0.676923076923077,44,0,65,0.676923076923077,0.44164279208249985,0.44164279208249985,,0.0707692307692308,0.18449526265539884,,,
persona,harm,8,0.2857,0.5746153846153845,0.19776467826447497,0.28892450133619546,offdiag_pooled,0.6923076923076923,45,0,65,0.6923076923076923,0.5381303115218923,0.5381303115218923,,0.11769230769230776,0.3403656332574173,,,
persona,harm,9,0.3214,0.5869230769230769,0.19255384625866961,0.25313032920574335,offdiag_pooled,0.7384615384615385,48,0,65,0.7384615384615385,0.6531670494688566,0.6531670494688566,,0.15153846153846162,0.460613203210187,,,
persona,harm,10,0.3571,0.6223076923076923,0.2932504580848845,0.15334231034066892,offdiag_pooled,0.6,39,0,65,0.6,0.2979584840718076,0.2979584840718076,0.75,-0.02230769230769236,0.004708025986923103,,,
persona,harm,11,0.3929,0.5938461538461538,0.2151679070339688,0.16008039348456035,offdiag_pooled,0.6615384615384615,43,0,65,0.6615384615384615,0.30956552843627716,0.30956552843627716,,0.06769230769230772,0.09439762140230837,,,
persona,harm,12,0.4286,0.6138461538461539,0.2997438251261246,0.17779766599095648,offdiag_pooled,0.6307692307692307,41,0,65,0.6307692307692307,0.3841097487856281,0.3841097487856281,0.75,0.01692307692307682,0.08436592365950352,,,
persona,harm,13,0.4643,0.6538461538461536,0.37318431421942094,0.18615721643840613,offdiag_pooled,0.6923076923076923,45,0,65,0.6923076923076923,0.5053878529472778,0.5053878529472778,,0.03846153846153866,0.1322035387278569,,,
persona,harm,14,0.5,0.6715384615384614,0.4200718195484012,0.007289472569750463,offdiag_pooled,0.5384615384615384,35,0,65,0.5384615384615384,0.028382211785274503,0.028382211785274503,0.7,-0.13307692307692298,-0.3916896077631267,,,
persona,harm,15,0.5357,0.6600000000000001,0.4508031549637169,-0.10269046723410638,offdiag_pooled,0.27692307692307694,18,0,65,0.7230769230769231,-0.5046657223445905,0.5046657223445905,,0.06307692307692292,0.05386256738087358,,,
persona,harm,16,0.5714,0.7115384615384617,0.5755070280251348,-0.23290092003087987,offdiag_pooled,0.2,13,0,65,0.8,-0.878870679326769,0.878870679326769,,0.08846153846153837,0.30336365130163423,,,
persona,harm,17,0.6071,0.6723076923076923,0.460481281770729,-0.17595837267378284,offdiag_pooled,0.2,13,0,65,0.8,-0.7339006423935588,0.7339006423935588,,0.12769230769230777,0.2734193606228298,,,
persona,harm,18,0.6429,0.7007692307692307,0.5431816744904787,-0.20184131824889126,offdiag_pooled,0.16923076923076924,11,0,65,0.8307692307692307,-0.9082141438026764,0.9082141438026764,,0.13,0.3650324693121977,,,
persona,harm,19,0.6786,0.7423076923076923,0.6986011260407227,-0.04148444361977598,offdiag_pooled,0.3384615384615385,22,0,65,0.6615384615384615,-0.2984199061756894,0.2984199061756894,,-0.08076923076923082,-0.40018121986503324,,,
persona,harm,20,0.7143,0.7707692307692308,0.8614879118114491,-0.08456556088950339,offdiag_pooled,0.23076923076923078,15,0,65,0.7692307692307692,-0.5930857077926852,0.5930857077926852,,-0.0015384615384615996,-0.2684022040187639,,,
persona,harm,21,0.75,0.7192307692307692,0.6209806173873778,-0.0014748830329490246,offdiag_pooled,0.5230769230769231,34,0,65,0.5230769230769231,-0.00552657001349227,0.00552657001349227,0.65,-0.19615384615384612,-0.6154540473738855,,,
persona,harm,22,0.7857,0.736923076923077,0.7056459911620554,0.02359026563989337,offdiag_pooled,0.6153846153846154,40,0,65,0.6153846153846154,0.1680554922776524,0.1680554922776524,0.75,-0.1215384615384616,-0.537590498884403,,,
persona,harm,23,0.8214,0.7215384615384616,0.6201187510094819,0.0064201849326898375,offdiag_pooled,0.5692307692307692,37,0,65,0.5692307692307692,0.05257268098625175,0.05257268098625175,0.7,-0.15230769230769237,-0.5675460700232301,,,
persona,harm,24,0.8571,0.7869230769230768,0.8803537421667533,0.03119164941303459,offdiag_pooled,0.6461538461538462,42,0,65,0.6461538461538462,0.27223507112479556,0.27223507112479556,,-0.14076923076923065,-0.6081186710419577,,,
persona,harm,25,0.8929,0.7223076923076922,0.6320508398157907,0.09410758134647525,offdiag_pooled,0.7846153846153846,51,0,65,0.7846153846153846,0.689652327906214,0.689652327906214,,0.0623076923076924,0.057601488090423314,,,
persona,harm,26,0.9286,0.7553846153846154,0.7931988699443677,0.11333130411482013,offdiag_pooled,0.8307692307692308,54,0,65,0.8307692307692308,0.841668562733627,0.841668562733627,,0.07538461538461538,0.04846969278925928,,,
persona,harm,27,0.9643,0.7192307692307693,0.6564133962755133,0.09452451527542552,offdiag_pooled,0.7538461538461538,49,0,65,0.7538461538461538,0.690404700452229,0.690404700452229,,0.03461538461538449,0.0339913041767157,,,
persona,harm,28,1.0,0.7153846153846153,0.6429098517728853,0.013278619177368806,offdiag_pooled,0.5538461538461539,36,0,65,0.5538461538461539,0.11504931403824267,0.11504931403824267,0.7,-0.1615384615384614,-0.5278605377346426,,,
persona,length,0,0.0,0.5,nan,0.0,offdiag_pooled,0.5,0,30,30,0.5,nan,nan,0.7,0.0,nan,,,
persona,length,1,0.0357,0.8866666666666667,1.7699177930689356,0.029951661670683194,offdiag_pooled,0.8,24,0,30,0.8,0.7084845256931082,0.7084845256931082,,-0.08666666666666667,-1.0614332673758273,,,
persona,length,2,0.0714,0.835,1.7170424658830794,0.15277145740446543,offdiag_pooled,1.0,30,0,30,1.0,3.800341252359875,3.800341252359875,,0.16500000000000004,2.083298786476796,,,
persona,length,3,0.1071,0.8949999999999999,1.6991317191277737,0.12962174581824146,offdiag_pooled,1.0,30,0,30,1.0,2.423130351958795,2.423130351958795,,0.1050000000000001,0.7239986328310213,,,
persona,length,4,0.1429,0.8383333333333335,1.5060197920143452,0.1562336976497048,offdiag_pooled,1.0,30,0,30,1.0,4.083607667202679,4.083607667202679,,0.16166666666666651,2.5775878751883337,,,
persona,length,5,0.1786,0.775,1.0325434916909215,0.22303394463650048,offdiag_pooled,1.0,30,0,30,1.0,6.403344477203475,6.403344477203475,,0.22499999999999998,5.370800985512553,,,
persona,length,6,0.2143,0.8300000000000001,1.5999118430098556,0.24012275641964745,offdiag_pooled,1.0,30,0,30,1.0,3.264724243901282,3.264724243901282,,0.16999999999999993,1.6648124008914265,,,
persona,length,7,0.25,0.8133333333333335,1.523519694603895,0.20181950318805716,offdiag_pooled,1.0,30,0,30,1.0,2.5899042081998465,2.5899042081998465,,0.18666666666666654,1.0663845135959515,,,
persona,length,8,0.2857,0.8266666666666665,1.397438261269001,0.1732957948115237,offdiag_pooled,1.0,30,0,30,1.0,2.4808245754345575,2.4808245754345575,,0.17333333333333345,1.0833863141655564,,,
persona,length,9,0.3214,0.7933333333333333,1.1882364400211085,0.1782688680526651,offdiag_pooled,1.0,30,0,30,1.0,4.095315451061914,4.095315451061914,,0.20666666666666667,2.907079011040806,,,
persona,length,10,0.3571,0.77,0.9562565650492008,0.2989403540423654,offdiag_pooled,1.0,30,0,30,1.0,4.223796038624866,4.223796038624866,,0.22999999999999998,3.267539473575665,,,
persona,length,11,0.3929,0.7533333333333333,0.799243551909433,0.22806171235875658,offdiag_pooled,1.0,30,0,30,1.0,3.340170139105964,3.340170139105964,,0.2466666666666667,2.540926587196531,,,
persona,length,12,0.4286,0.82,1.2625738700830675,0.22165785795865792,offdiag_pooled,1.0,30,0,30,1.0,3.183189097194374,3.183189097194374,,0.18000000000000005,1.9206152271113064,,,
persona,length,13,0.4643,0.79,1.0177602620635955,0.23040951433122212,offdiag_pooled,1.0,30,0,30,1.0,4.763052593790369,4.763052593790369,,0.20999999999999996,3.7452923317267732,,,
persona,length,14,0.5,0.8400000000000001,1.2846215484478845,0.23620962067004048,offdiag_pooled,1.0,30,0,30,1.0,4.628315379453073,4.628315379453073,,0.15999999999999992,3.3436938310051887,,,
persona,length,15,0.5357,0.7466666666666666,0.8351926653873528,0.2595407496214522,offdiag_pooled,1.0,30,0,30,1.0,4.553121045665097,4.553121045665097,,0.2533333333333334,3.7179283802777436,,,
persona,length,16,0.5714,0.7866666666666667,1.00876948455192,0.2517133205457613,offdiag_pooled,1.0,30,0,30,1.0,5.000294190287306,5.000294190287306,,0.21333333333333326,3.991524705735386,,,
persona,length,17,0.6071,0.7683333333333333,0.860034196867103,0.2614489958974277,offdiag_pooled,1.0,30,0,30,1.0,5.746975760505255,5.746975760505255,,0.2316666666666667,4.886941563638152,,,
persona,length,18,0.6429,0.7716666666666666,0.9167452859655902,0.2837839463224525,offdiag_pooled,1.0,30,0,30,1.0,4.137709516301016,4.137709516301016,,0.2283333333333334,3.220964230335426,,,
persona,length,19,0.6786,0.7233333333333333,0.7421707325203125,0.28167471333076577,offdiag_pooled,1.0,30,0,30,1.0,2.2338167043756583,2.2338167043756583,,0.2766666666666667,1.4916459718553456,,,
persona,length,20,0.7143,0.7166666666666667,0.7249046379791965,0.26377855748157547,offdiag_pooled,1.0,30,0,30,1.0,1.642573800400486,1.642573800400486,,0.2833333333333333,0.9176691624212895,,,
persona,length,21,0.75,0.7466666666666668,0.8397248509345033,0.24393140905145833,offdiag_pooled,0.9666666666666667,29,0,30,0.9666666666666667,1.1677175049706614,1.1677175049706614,,0.21999999999999986,0.32799265403615807,,,
persona,length,22,0.7857,0.6783333333333333,0.5291451335980156,0.2517735006385058,offdiag_pooled,0.9333333333333333,28,0,30,0.9333333333333333,1.0002603311948082,1.0002603311948082,,0.255,0.47111519759679255,,,
persona,length,23,0.8214,0.6833333333333333,0.5071363382641356,0.2357397629619246,offdiag_pooled,0.9,27,0,30,0.9,0.9163196651458257,0.9163196651458257,,0.21666666666666667,0.4091833268816901,,,
persona,length,24,0.8571,0.6833333333333333,0.5598197852704454,0.221277128905837,offdiag_pooled,0.8666666666666667,26,0,30,0.8666666666666667,0.9066571984400044,0.9066571984400044,,0.18333333333333335,0.34683741316955896,,,
persona,length,25,0.8929,0.6866666666666665,0.4629620743495436,0.19977877890665155,offdiag_pooled,0.7,21,0,30,0.7,0.8022596288985688,0.8022596288985688,,0.01333333333333342,0.3392975545490252,,,
persona,length,26,0.9286,0.6866666666666665,0.5454551193977047,0.2114687472985438,offdiag_pooled,0.6666666666666666,20,0,30,0.6666666666666666,0.7570722375988358,0.7570722375988358,,-0.019999999999999907,0.21161711820113105,,,
persona,length,27,0.9643,0.7116666666666667,0.5827346283111524,0.20572060922011373,offdiag_pooled,0.7,21,0,30,0.7,0.7420620969646642,0.7420620969646642,,-0.011666666666666714,0.15932746865351177,,,
persona,length,28,1.0,0.6883333333333332,0.5275695659325285,0.22148261355643217,offdiag_pooled,0.7333333333333333,22,0,30,0.7333333333333333,0.7735225200795399,0.7735225200795399,,0.04500000000000004,0.24595295414701146,,,
persona,persona,0,0.0,0.5,nan,0.0,diag_heldout,0.5,0,15,15,0.5,nan,nan,,0.0,nan,,,
persona,persona,0,0.0,0.5,nan,0.0,diag_lopo,0.5,0,50,50,0.5,nan,nan,,0.0,nan,,,
persona,persona,1,0.0357,0.7253846153846153,0.7268106252842956,0.9999999999999999,diag_heldout,1.0,15,0,15,1.0,7.3929672274985565,7.3929672274985565,,0.2746153846153847,6.666156602214261,,,
persona,persona,1,0.0357,0.7253846153846153,0.7268106252842956,0.9999999999999999,diag_lopo,1.0,50,0,50,1.0,3.937571931681035,3.937571931681035,,0.2746153846153847,3.2107613063967397,,,
persona,persona,2,0.0714,0.7184615384615384,0.6518985262601529,1.0,diag_heldout,1.0,15,0,15,1.0,9.495295503307336,9.495295503307336,,0.2815384615384616,8.843396977047183,,,
persona,persona,2,0.0714,0.7184615384615384,0.6518985262601529,1.0,diag_lopo,1.0,50,0,50,1.0,3.4620715310317314,3.4620715310317314,,0.2815384615384616,2.8101730047715785,,,
persona,persona,3,0.1071,0.74,0.7097658227547379,1.0,diag_heldout,1.0,15,0,15,1.0,10.683137665094424,10.683137665094424,,0.26,9.973371842339686,,,
persona,persona,3,0.1071,0.74,0.7097658227547379,1.0,diag_lopo,1.0,50,0,50,1.0,3.891869050659094,3.891869050659094,,0.26,3.1821032279043564,,,
persona,persona,4,0.1429,0.7161538461538461,0.6628882766166957,0.9999999999999999,diag_heldout,1.0,15,0,15,1.0,10.863723894040888,10.863723894040888,,0.28384615384615386,10.200835617424191,,,
persona,persona,4,0.1429,0.7161538461538461,0.6628882766166957,0.9999999999999999,diag_lopo,1.0,50,0,50,1.0,3.682230252171147,3.682230252171147,,0.28384615384615386,3.0193419755544513,,,
persona,persona,5,0.1786,0.7246153846153847,0.6945826847592765,1.0,diag_heldout,1.0,15,0,15,1.0,4.279914764246305,4.279914764246305,,0.27538461538461534,3.5853320794870287,,,
persona,persona,5,0.1786,0.7246153846153847,0.6945826847592765,1.0,diag_lopo,1.0,50,0,50,1.0,4.5471909469644025,4.5471909469644025,,0.27538461538461534,3.852608262205126,,,
persona,persona,6,0.2143,0.7076923076923077,0.6177077442969753,1.0,diag_heldout,1.0,15,0,15,1.0,3.795696081244962,3.795696081244962,,0.29230769230769227,3.1779883369479864,,,
persona,persona,6,0.2143,0.7076923076923077,0.6177077442969753,1.0,diag_lopo,1.0,50,0,50,1.0,3.7749898439273113,3.7749898439273113,,0.29230769230769227,3.157282099630336,,,
persona,persona,7,0.25,0.8353846153846154,1.1389426591177314,1.0,diag_heldout,1.0,15,0,15,1.0,3.903748798307743,3.903748798307743,,0.1646153846153846,2.7648061391900116,,,
persona,persona,7,0.25,0.8353846153846154,1.1389426591177314,1.0,diag_lopo,1.0,50,0,50,1.0,4.22771355445104,4.22771355445104,,0.1646153846153846,3.088770895333309,,,
persona,persona,8,0.2857,0.7884615384615385,0.856518791851015,1.0000000000000002,diag_heldout,1.0,15,0,15,1.0,4.625013374295487,4.625013374295487,,0.21153846153846145,3.768494582444472,,,
persona,persona,8,0.2857,0.7884615384615385,0.856518791851015,1.0000000000000002,diag_lopo,1.0,50,0,50,1.0,4.710088231261048,4.710088231261048,,0.21153846153846145,3.8535694394100335,,,
persona,persona,9,0.3214,0.7223076923076923,0.7527826303203708,1.0,diag_heldout,1.0,15,0,15,1.0,3.3729813171305882,3.3729813171305882,,0.2776923076923077,2.6201986868102174,,,
persona,persona,9,0.3214,0.7223076923076923,0.7527826303203708,1.0,diag_lopo,1.0,50,0,50,1.0,4.031622522625136,4.031622522625136,,0.2776923076923077,3.278839892304765,,,
persona,persona,10,0.3571,0.7507692307692307,0.7554140408021404,0.9999999999999998,diag_heldout,1.0,15,0,15,1.0,2.305441717090252,2.305441717090252,,0.24923076923076926,1.5500276762881118,,,
persona,persona,10,0.3571,0.7507692307692307,0.7554140408021404,0.9999999999999998,diag_lopo,1.0,50,0,50,1.0,3.2829202883117365,3.2829202883117365,,0.24923076923076926,2.527506247509596,,,
persona,persona,11,0.3929,0.7692307692307693,0.8452680671482244,1.0,diag_heldout,1.0,15,0,15,1.0,2.109721563668145,2.109721563668145,,0.23076923076923073,1.2644534965199206,,,
persona,persona,11,0.3929,0.7692307692307693,0.8452680671482244,1.0,diag_lopo,1.0,50,0,50,1.0,3.2282603309389173,3.2282603309389173,,0.23076923076923073,2.382992263790693,,,
persona,persona,12,0.4286,0.7107692307692306,0.7203161520918497,0.9999999999999998,diag_heldout,1.0,15,0,15,1.0,1.9736502158024372,1.9736502158024372,,0.2892307692307694,1.2533340637105874,,,
persona,persona,12,0.4286,0.7107692307692306,0.7203161520918497,0.9999999999999998,diag_lopo,1.0,50,0,50,1.0,3.058181677408434,3.058181677408434,,0.2892307692307694,2.3378655253165843,,,
persona,persona,13,0.4643,0.766923076923077,0.782620060136764,1.0000000000000002,diag_heldout,1.0,15,0,15,1.0,2.1498569228248736,2.1498569228248736,,0.23307692307692296,1.3672368626881095,,,
persona,persona,13,0.4643,0.766923076923077,0.782620060136764,1.0000000000000002,diag_lopo,1.0,50,0,50,1.0,3.2274578793228628,3.2274578793228628,,0.23307692307692296,2.4448378191860987,,,
persona,persona,14,0.5,0.7553846153846153,0.8400252987697983,1.0,diag_heldout,1.0,15,0,15,1.0,2.377029830738602,2.377029830738602,,0.24461538461538468,1.537004531968804,,,
persona,persona,14,0.5,0.7553846153846153,0.8400252987697983,1.0,diag_lopo,1.0,50,0,50,1.0,3.406416517614537,3.406416517614537,,0.24461538461538468,2.566391218844739,,,
persona,persona,15,0.5357,0.6776923076923076,0.48407647370183177,1.0000000000000002,diag_heldout,1.0,15,0,15,1.0,2.408688235689837,2.408688235689837,,0.3223076923076924,1.9246117619880054,,,
persona,persona,15,0.5357,0.6776923076923076,0.48407647370183177,1.0000000000000002,diag_lopo,1.0,50,0,50,1.0,3.397021221756821,3.397021221756821,,0.3223076923076924,2.912944748054989,,,
persona,persona,16,0.5714,0.6907692307692308,0.5182441994392748,1.0,diag_heldout,1.0,15,0,15,1.0,2.4140451333728494,2.4140451333728494,,0.3092307692307692,1.8958009339335746,,,
persona,persona,16,0.5714,0.6907692307692308,0.5182441994392748,1.0,diag_lopo,1.0,50,0,50,1.0,3.1012374519917625,3.1012374519917625,,0.3092307692307692,2.5829932525524875,,,
persona,persona,17,0.6071,0.7238461538461538,0.6093879311087071,1.0000000000000002,diag_heldout,1.0,15,0,15,1.0,2.423850304218853,2.423850304218853,,0.2761538461538462,1.814462373110146,,,
persona,persona,17,0.6071,0.7238461538461538,0.6093879311087071,1.0000000000000002,diag_lopo,1.0,50,0,50,1.0,2.942140351860772,2.942140351860772,,0.2761538461538462,2.3327524207520645,,,
persona,persona,18,0.6429,0.6815384615384615,0.43567421123967265,1.0000000000000002,diag_heldout,1.0,15,0,15,1.0,2.5225286801363733,2.5225286801363733,,0.31846153846153846,2.086854468896701,,,
persona,persona,18,0.6429,0.6815384615384615,0.43567421123967265,1.0000000000000002,diag_lopo,1.0,50,0,50,1.0,2.834335045675532,2.834335045675532,,0.31846153846153846,2.3986608344358595,,,
persona,persona,19,0.6786,0.7176923076923077,0.5818403372359958,1.0,diag_heldout,1.0,15,0,15,1.0,2.4054576190025205,2.4054576190025205,,0.28230769230769226,1.8236172817665248,,,
persona,persona,19,0.6786,0.7176923076923077,0.5818403372359958,1.0,diag_lopo,1.0,50,0,50,1.0,2.6023920377677805,2.6023920377677805,,0.28230769230769226,2.020551700531785,,,
persona,persona,20,0.7143,0.6461538461538461,0.40562375612802126,1.0,diag_heldout,1.0,15,0,15,1.0,2.2087233387726317,2.2087233387726317,,0.3538461538461539,1.8030995826446103,,,
persona,persona,20,0.7143,0.6461538461538461,0.40562375612802126,1.0,diag_lopo,1.0,50,0,50,1.0,2.1514429102294823,2.1514429102294823,,0.3538461538461539,1.745819154101461,,,
persona,persona,21,0.75,0.6892307692307691,0.4954590051316172,1.0,diag_heldout,1.0,15,0,15,1.0,2.101096713096917,2.101096713096917,,0.3107692307692309,1.6056377079653,,,
persona,persona,21,0.75,0.6892307692307691,0.4954590051316172,1.0,diag_lopo,1.0,50,0,50,1.0,2.1133148927531544,2.1133148927531544,,0.3107692307692309,1.6178558876215372,,,
persona,persona,22,0.7857,0.673076923076923,0.42488184401278034,1.0000000000000002,diag_heldout,1.0,15,0,15,1.0,2.0030110734216247,2.0030110734216247,,0.326923076923077,1.5781292294088443,,,
persona,persona,22,0.7857,0.673076923076923,0.42488184401278034,1.0000000000000002,diag_lopo,1.0,50,0,50,1.0,1.942785530660842,1.942785530660842,,0.326923076923077,1.5179036866480615,,,
persona,persona,23,0.8214,0.6299999999999999,0.31744333688074233,1.0,diag_heldout,1.0,15,0,15,1.0,1.7993643348154789,1.7993643348154789,,0.3700000000000001,1.4819209979347365,,,
persona,persona,23,0.8214,0.6299999999999999,0.31744333688074233,1.0,diag_lopo,1.0,50,0,50,1.0,1.7809102309223033,1.7809102309223033,,0.3700000000000001,1.463466894041561,,,
persona,persona,24,0.8571,0.6307692307692306,0.3481248447658926,1.0000000000000002,diag_heldout,1.0,15,0,15,1.0,1.7456963535598293,1.7456963535598293,,0.36923076923076936,1.3975715087939367,,,
persona,persona,24,0.8571,0.6307692307692306,0.3481248447658926,1.0000000000000002,diag_lopo,1.0,50,0,50,1.0,1.792256494035275,1.792256494035275,,0.36923076923076936,1.4441316492693823,,,
persona,persona,25,0.8929,0.6292307692307691,0.3194497788051145,1.0,diag_heldout,1.0,15,0,15,1.0,1.6446991336078491,1.6446991336078491,,0.37076923076923085,1.3252493548027346,,,
persona,persona,25,0.8929,0.6292307692307691,0.3194497788051145,1.0,diag_lopo,1.0,50,0,50,1.0,1.6816003994122923,1.6816003994122923,,0.37076923076923085,1.3621506206071778,,,
persona,persona,26,0.9286,0.6838461538461539,0.49260475899286105,0.9999999999999998,diag_heldout,1.0,15,0,15,1.0,1.6072774655008633,1.6072774655008633,,0.3161538461538461,1.1146727065080022,,,
persona,persona,26,0.9286,0.6838461538461539,0.49260475899286105,0.9999999999999998,diag_lopo,1.0,50,0,50,1.0,1.6530527729105378,1.6530527729105378,,0.3161538461538461,1.1604480139176767,,,
persona,persona,27,0.9643,0.6469230769230769,0.36553629966772067,0.9999999999999999,diag_heldout,1.0,15,0,15,1.0,1.5901024917955975,1.5901024917955975,,0.35307692307692307,1.2245661921278768,,,
persona,persona,27,0.9643,0.6469230769230769,0.36553629966772067,0.9999999999999999,diag_lopo,1.0,50,0,50,1.0,1.6501495132559385,1.6501495132559385,,0.35307692307692307,1.2846132135882178,,,
persona,persona,28,1.0,0.6438461538461537,0.3489158755267966,1.0,diag_heldout,1.0,15,0,15,1.0,1.5401620770416786,1.5401620770416786,,0.35615384615384627,1.1912462015148821,,,
persona,persona,28,1.0,0.6438461538461537,0.3489158755267966,1.0,diag_lopo,1.0,50,0,50,1.0,1.6350063251834333,1.6350063251834333,,0.35615384615384627,1.2860904496566365,,,
persona,story_v1,0,0.0,0.5,nan,0.0,offdiag_pooled,0.5,0,65,65,0.5,nan,nan,0.65,0.0,nan,,,
persona,story_v1,1,0.0357,0.6876923076923076,0.5108093988657897,0.020746438222602966,offdiag_pooled,0.5384615384615384,35,0,65,0.5384615384615384,0.10548733957082607,0.10548733957082607,0.7,-0.14923076923076917,-0.4053220592949636,,,
persona,story_v1,2,0.0714,0.7276923076923077,0.6121797593599403,0.05518341897147755,offdiag_pooled,0.676923076923077,44,0,65,0.676923076923077,0.330931995516983,0.330931995516983,,-0.05076923076923079,-0.2812477638429573,,,
persona,story_v1,3,0.1071,0.7261538461538463,0.6130633475724798,0.0873927024403439,offdiag_pooled,0.7692307692307693,50,0,65,0.7692307692307693,0.6749738198507271,0.6749738198507271,,0.04307692307692301,0.06191047227824731,,,
persona,story_v1,4,0.1429,0.7246153846153847,0.7002472899068157,0.13512830771572118,offdiag_pooled,0.9384615384615385,61,0,65,0.9384615384615385,1.4881741180568526,1.4881741180568526,,0.2138461538461538,0.7879268281500369,,,
persona,story_v1,5,0.1786,0.7538461538461538,0.7612007902914513,0.1352762901375745,offdiag_pooled,0.9384615384615385,61,0,65,0.9384615384615385,1.6530994086985287,1.6530994086985287,,0.18461538461538463,0.8918986184070774,,,
persona,story_v1,6,0.2143,0.683076923076923,0.6070100366220174,0.1355523871652028,offdiag_pooled,0.7384615384615385,48,0,65,0.7384615384615385,0.7395455936094153,0.7395455936094153,,0.055384615384615477,0.13253555698739794,,,
persona,story_v1,7,0.25,0.7461538461538464,0.7302443924126771,0.13962366505906768,offdiag_pooled,0.8769230769230769,57,0,65,0.8769230769230769,1.0982873906419386,1.0982873906419386,,0.13076923076923053,0.36804299822926145,,,
persona,story_v1,8,0.2857,0.7299999999999999,0.7606692661985643,0.05489740883791905,offdiag_pooled,0.6923076923076923,45,0,65,0.6923076923076923,0.4404318562402282,0.4404318562402282,,-0.03769230769230758,-0.32023740995833616,,,
persona,story_v1,9,0.3214,0.723076923076923,0.7080208741107541,0.06899554386585448,offdiag_pooled,0.8153846153846154,53,0,65,0.8153846153846154,0.7669960482263076,0.7669960482263076,,0.09230769230769242,0.05897517411555353,,,
persona,story_v1,10,0.3571,0.7769230769230768,0.9619635964206031,0.07478974848562364,offdiag_pooled,0.6923076923076923,45,0,65,0.6923076923076923,0.6292024576334102,0.6292024576334102,,-0.08461538461538454,-0.33276113878719293,,,
persona,story_v1,11,0.3929,0.7046153846153846,0.5392546032163986,0.04969683783295558,offdiag_pooled,0.676923076923077,44,0,65,0.676923076923077,0.4340583048768929,0.4340583048768929,,-0.027692307692307683,-0.10519629833950572,,,
persona,story_v1,12,0.4286,0.7892307692307693,0.8366885333001173,0.03752739197187743,offdiag_pooled,0.5846153846153846,38,0,65,0.5846153846153846,0.27414398117825334,0.27414398117825334,0.75,-0.20461538461538464,-0.5625445521218639,,,
persona,story_v1,13,0.4643,0.7384615384615385,0.7246148547519948,0.03734095606022198,offdiag_pooled,0.5846153846153846,38,0,65,0.5846153846153846,0.33925043902524915,0.33925043902524915,0.75,-0.15384615384615385,-0.3853644157267457,,,
persona,story_v1,14,0.5,0.7607692307692309,0.8441455430551464,0.08635900043209926,offdiag_pooled,0.9384615384615385,61,0,65,0.9384615384615385,1.4608295988301092,1.4608295988301092,,0.1776923076923076,0.6166840557749628,,,
persona,story_v1,15,0.5357,0.7661538461538462,0.8861020929946448,0.13875452411187372,offdiag_pooled,0.9846153846153847,64,0,65,0.9846153846153847,2.236935603013368,2.236935603013368,,0.21846153846153848,1.3508335100187232,,,
persona,story_v1,16,0.5714,0.7746153846153846,0.8500198338345113,0.1502468375019771,offdiag_pooled,0.9846153846153847,64,0,65,0.9846153846153847,2.1523554298200738,2.1523554298200738,,0.21000000000000008,1.3023355959855625,,,
persona,story_v1,17,0.6071,0.7976923076923078,1.0815822796944983,0.1457467053689456,offdiag_pooled,0.9692307692307692,63,0,65,0.9692307692307692,2.2037754676466044,2.2037754676466044,,0.17153846153846142,1.122193187952106,,,
persona,story_v1,18,0.6429,0.8007692307692308,1.0724392054042213,0.19396914450668068,offdiag_pooled,1.0,65,0,65,1.0,2.4372661433317875,2.4372661433317875,,0.1992307692307692,1.3648269379275662,,,
persona,story_v1,19,0.6786,0.6823076923076923,0.5151902314370502,0.12457374503441052,offdiag_pooled,0.9076923076923077,59,0,65,0.9076923076923077,1.5083608825446255,1.5083608825446255,,0.2253846153846154,0.9931706511075753,,,
persona,story_v1,20,0.7143,0.8253846153846153,1.1067989561287077,0.21377144598839684,offdiag_pooled,1.0,65,0,65,1.0,2.3309263770840705,2.3309263770840705,,0.17461538461538473,1.2241274209553628,,,
persona,story_v1,21,0.75,0.7976923076923077,0.9161631591466282,0.14845014874439566,offdiag_pooled,0.9384615384615385,61,0,65,0.9384615384615385,1.5183569573434244,1.5183569573434244,,0.14076923076923076,0.6021937981967962,,,
persona,story_v1,22,0.7857,0.7707692307692308,0.7947662905430308,0.1399826736573238,offdiag_pooled,0.9076923076923077,59,0,65,0.9076923076923077,1.433315723516984,1.433315723516984,,0.13692307692307693,0.6385494329739532,,,
persona,story_v1,23,0.8214,0.7261538461538461,0.6394327416798138,0.15671765687394254,offdiag_pooled,0.9538461538461539,62,0,65,0.9538461538461539,1.7296006781491509,1.7296006781491509,,0.22769230769230775,1.090167936469337,,,
persona,story_v1,24,0.8571,0.7623076923076922,0.7233329381662229,0.1376286518669434,offdiag_pooled,0.8923076923076924,58,0,65,0.8923076923076924,1.3407250308168777,1.3407250308168777,,0.13000000000000012,0.6173920926506548,,,
persona,story_v1,25,0.8929,0.6892307692307692,0.5394018255754789,0.14589316659156876,offdiag_pooled,0.8769230769230769,57,0,65,0.8769230769230769,1.2758532041973183,1.2758532041973183,,0.1876923076923077,0.7364513786218394,,,
persona,story_v1,26,0.9286,0.7107692307692307,0.6668949374105457,0.1407311644817191,offdiag_pooled,0.8769230769230769,57,0,65,0.8769230769230769,1.1687583129369836,1.1687583129369836,,0.1661538461538462,0.5018633755264379,,,
persona,story_v1,27,0.9643,0.7507692307692307,0.735980416793519,0.14201398933020642,offdiag_pooled,0.8923076923076924,58,0,65,0.8923076923076924,1.2820335517019406,1.2820335517019406,,0.1415384615384616,0.5460531349084216,,,
persona,story_v1,28,1.0,0.7307692307692307,0.713205914046493,0.24541866854973646,offdiag_pooled,1.0,65,0,65,1.0,2.415496986812916,2.415496986812916,,0.2692307692307693,1.7022910727664229,,,
persona,story_v2,0,0.0,0.5,nan,0.0,offdiag_pooled,0.5,0,65,65,0.5,nan,nan,0.65,0.0,nan,,,
persona,story_v2,1,0.0357,0.6876923076923077,0.502408108181965,0.05102133549949911,offdiag_pooled,0.676923076923077,44,0,65,0.676923076923077,0.44807503379402464,0.44807503379402464,,-0.010769230769230753,-0.05433307438794038,,,
persona,story_v2,2,0.0714,0.6607692307692308,0.36614271128826564,0.035938527044508055,offdiag_pooled,0.5384615384615384,35,0,65,0.5384615384615384,0.20913431427593948,0.20913431427593948,0.7,-0.12230769230769234,-0.15700839701232616,,,
persona,story_v2,3,0.1071,0.6646153846153846,0.4326247688168895,0.0013437096468784657,offdiag_pooled,0.5076923076923077,33,0,65,0.5076923076923077,0.049252469944262245,0.049252469944262245,0.65,-0.15692307692307694,-0.38337229887262725,,,
persona,story_v2,4,0.1429,0.7069230769230769,0.5547792561446381,0.021858481843348643,offdiag_pooled,0.6,39,0,65,0.6,0.2714363980665195,0.2714363980665195,0.75,-0.1069230769230769,-0.2833428580781186,,,
persona,story_v2,5,0.1786,0.7015384615384617,0.5716994391412603,0.05232431153412333,offdiag_pooled,0.6615384615384615,43,0,65,0.6615384615384615,0.5615064721495613,0.5615064721495613,,-0.04000000000000015,-0.010192966991699026,,,
persona,story_v2,6,0.2143,0.6815384615384615,0.4865133158813161,-0.06673296553068224,offdiag_pooled,0.4153846153846154,27,0,65,0.5846153846153845,-0.24086669366809751,0.24086669366809751,0.75,-0.096923076923077,-0.24564662221321856,,,
persona,story_v2,7,0.25,0.6753846153846155,0.4662591555662834,-0.06600629650349664,offdiag_pooled,0.35384615384615387,23,0,65,0.6461538461538461,-0.3657911377514897,0.3657911377514897,,-0.029230769230769393,-0.1004680178147937,,,
persona,story_v2,8,0.2857,0.7138461538461538,0.6264148728101665,-0.06911594507633555,offdiag_pooled,0.3076923076923077,20,0,65,0.6923076923076923,-0.6071252887918965,0.6071252887918965,,-0.021538461538461506,-0.019289584018269967,,,
persona,story_v2,9,0.3214,0.7207692307692307,0.6146935279127075,-0.044406994785760344,offdiag_pooled,0.4153846153846154,27,0,65,0.5846153846153845,-0.36322457709640954,0.36322457709640954,0.75,-0.13615384615384618,-0.25146895081629794,,,
persona,story_v2,10,0.3571,0.8169230769230771,0.963382679778554,-0.08612122020683038,offdiag_pooled,0.27692307692307694,18,0,65,0.7230769230769231,-0.625764982471746,0.625764982471746,,-0.09384615384615402,-0.337617697306808,,,
persona,story_v2,11,0.3929,0.7030769230769232,0.6267029125711303,-0.06858358028207104,offdiag_pooled,0.2923076923076923,19,0,65,0.7076923076923076,-0.5720797081850184,0.5720797081850184,,0.004615384615384466,-0.0546232043861119,,,
persona,story_v2,12,0.4286,0.7538461538461539,0.7701271874044429,-0.06972925479896513,offdiag_pooled,0.2923076923076923,19,0,65,0.7076923076923076,-0.5295518218209704,0.5295518218209704,,-0.04615384615384632,-0.24057536558347248,,,
persona,story_v2,13,0.4643,0.7453846153846154,0.7256505334315468,-0.02449183301256099,offdiag_pooled,0.4153846153846154,27,0,65,0.5846153846153845,-0.2320169915408012,0.2320169915408012,0.75,-0.1607692307692309,-0.49363354189074565,,,
persona,story_v2,14,0.5,0.7892307692307692,0.947952136748131,0.04263913296677881,offdiag_pooled,0.7384615384615385,48,0,65,0.7384615384615385,0.7036553307279397,0.7036553307279397,,-0.05076923076923068,-0.24429680602019122,,,
persona,story_v2,15,0.5357,0.7676923076923077,0.8423376093681396,0.07269499578791146,offdiag_pooled,0.8923076923076924,58,0,65,0.8923076923076924,1.271522227759037,1.271522227759037,,0.12461538461538468,0.4291846183908974,,,
persona,story_v2,16,0.5714,0.7223076923076923,0.7012497338187187,0.09241817792965458,offdiag_pooled,0.9538461538461539,62,0,65,0.9538461538461539,1.5425875509013574,1.5425875509013574,,0.23153846153846158,0.8413378170826387,,,
persona,story_v2,17,0.6071,0.8038461538461539,1.0904655465549857,0.10669032371641766,offdiag_pooled,0.9846153846153847,64,0,65,0.9846153846153847,1.947206987352169,1.947206987352169,,0.1807692307692308,0.8567414407971832,,,
persona,story_v2,18,0.6429,0.7984615384615383,1.1317981046481653,0.12672723678636114,offdiag_pooled,0.9846153846153847,64,0,65,0.9846153846153847,2.2468113168719763,2.2468113168719763,,0.18615384615384634,1.115013212223811,,,
persona,story_v2,19,0.6786,0.7253846153846154,0.6479538831227616,0.12520006428653324,offdiag_pooled,0.9846153846153847,64,0,65,0.9846153846153847,2.403659589855776,2.403659589855776,,0.25923076923076926,1.7557057067330144,,,
persona,story_v2,20,0.7143,0.7984615384615384,0.9810797591513968,0.18940526926188841,offdiag_pooled,1.0,65,0,65,1.0,3.0083279880332716,3.0083279880332716,,0.20153846153846156,2.027248228881875,,,
persona,story_v2,21,0.75,0.7861538461538462,0.9802135715587994,0.17266372995973414,offdiag_pooled,1.0,65,0,65,1.0,3.1310110506123108,3.1310110506123108,,0.2138461538461538,2.1507974790535114,,,
persona,story_v2,22,0.7857,0.7938461538461539,0.9158740656008979,0.17888934975352364,offdiag_pooled,0.9846153846153847,64,0,65,0.9846153846153847,2.9610239564038703,2.9610239564038703,,0.1907692307692308,2.045149890802972,,,
persona,story_v2,23,0.8214,0.7423076923076922,0.8357517357633499,0.15878064020433746,offdiag_pooled,0.9846153846153847,64,0,65,0.9846153846153847,2.4731897717077436,2.4731897717077436,,0.24230769230769245,1.6374380359443936,,,
persona,story_v2,24,0.8571,0.7792307692307692,0.9209155325364314,0.14612197826141712,offdiag_pooled,0.9846153846153847,64,0,65,0.9846153846153847,2.302555163036705,2.302555163036705,,0.2053846153846155,1.3816396305002736,,,
persona,story_v2,25,0.8929,0.6923076923076922,0.5130793919392029,0.14792269500530403,offdiag_pooled,0.9846153846153847,64,0,65,0.9846153846153847,2.4440532117541336,2.4440532117541336,,0.2923076923076925,1.9309738198149307,,,
persona,story_v2,26,0.9286,0.7884615384615385,0.8513048570760136,0.14855795776788197,offdiag_pooled,0.9846153846153847,64,0,65,0.9846153846153847,2.6357608396851875,2.6357608396851875,,0.19615384615384612,1.784455982609174,,,
persona,story_v2,27,0.9643,0.7530769230769232,0.7849825980155922,0.1572118027195904,offdiag_pooled,1.0,65,0,65,1.0,2.736177292104702,2.736177292104702,,0.2469230769230768,1.9511946940891096,,,
persona,story_v2,28,1.0,0.7876923076923077,0.914377218963876,0.2051065262319611,offdiag_pooled,1.0,65,0,65,1.0,2.7632174827787157,2.7632174827787157,,0.2123076923076923,1.8488402638148398,,,
story_v1,eval,0,0.0,0.5,nan,0.0,offdiag_pooled,0.5,0,65,65,0.5,nan,nan,0.65,0.0,nan,,,
story_v1,eval,1,0.0357,0.596153846153846,0.2129771862544195,-0.2744126895552687,offdiag_pooled,0.26153846153846155,17,0,65,0.7384615384615385,-0.6910279233285971,0.6910279233285971,,0.14230769230769247,0.47805073707417756,,,
story_v1,eval,2,0.0714,0.5923076923076922,0.20101895043426085,-0.24368198707636782,offdiag_pooled,0.26153846153846155,17,0,65,0.7384615384615385,-0.5548201283168525,0.5548201283168525,,0.1461538461538463,0.3538011778825916,,,
story_v1,eval,3,0.1071,0.6092307692307692,0.22413397784348016,-0.17411765979793925,offdiag_pooled,0.3230769230769231,21,0,65,0.676923076923077,-0.46997687975633545,0.46997687975633545,,0.06769230769230772,0.2458429019128553,,,
story_v1,eval,4,0.1429,0.5969230769230769,0.22594889838543467,-0.21742252351685512,offdiag_pooled,0.27692307692307694,18,0,65,0.7230769230769231,-0.6207741602189707,0.6207741602189707,,0.12615384615384617,0.39482526183353606,,,
story_v1,eval,5,0.1786,0.5776923076923076,0.20975899625094838,-0.11403918148576123,offdiag_pooled,0.36923076923076925,24,0,65,0.6307692307692307,-0.3843438676112293,0.3843438676112293,0.75,0.05307692307692313,0.17458487136028092,,,
story_v1,eval,6,0.2143,0.5984615384615385,0.23560511618903676,-0.06892454563309999,offdiag_pooled,0.4153846153846154,27,0,65,0.5846153846153845,-0.3002281666704738,0.3002281666704738,0.75,-0.013846153846153952,0.06462305048143704,,,
story_v1,eval,7,0.25,0.6169230769230769,0.27466694402804126,-0.06639710492796176,offdiag_pooled,0.35384615384615387,23,0,65,0.6461538461538461,-0.3393453471845665,0.3393453471845665,,0.02923076923076917,0.06467840315652523,,,
story_v1,eval,8,0.2857,0.5969230769230769,0.2663313560244277,0.01830870591599051,offdiag_pooled,0.5538461538461539,36,0,65,0.5538461538461539,0.005458327179436737,0.005458327179436737,0.7,-0.04307692307692301,-0.260873028844991,,,
story_v1,eval,9,0.3214,0.6,0.23586413432012782,-0.02547460563314009,offdiag_pooled,0.4307692307692308,28,0,65,0.5692307692307692,-0.1713347942904945,0.1713347942904945,0.7,-0.03076923076923077,-0.06452934002963331,,,
story_v1,eval,10,0.3571,0.6138461538461538,0.2864031314827752,-0.023072638056551274,offdiag_pooled,0.47692307692307695,31,0,65,0.523076923076923,-0.12365002532569094,0.12365002532569094,0.65,-0.09076923076923082,-0.16275310615708424,,,
story_v1,eval,11,0.3929,0.5776923076923077,0.22966738322277963,-0.0592412058200492,offdiag_pooled,0.4153846153846154,27,0,65,0.5846153846153845,-0.2769524579137964,0.2769524579137964,0.75,0.00692307692307681,0.04728507469101678,,,
story_v1,eval,12,0.4286,0.6100000000000001,0.2605982589729147,-0.0378089160767772,offdiag_pooled,0.38461538461538464,25,0,65,0.6153846153846154,-0.21233884111472776,0.21233884111472776,0.75,0.005384615384615321,-0.048259417858186965,,,
story_v1,eval,13,0.4643,0.5815384615384616,0.2041007271497771,-0.12469340492849745,offdiag_pooled,0.27692307692307694,18,0,65,0.7230769230769231,-0.5375991769161836,0.5375991769161836,,0.1415384615384615,0.3334984497664065,,,
story_v1,eval,14,0.5,0.6046153846153846,0.23956839573526315,-0.07691969983023368,offdiag_pooled,0.3384615384615385,22,0,65,0.6615384615384615,-0.47259772155583396,0.47259772155583396,,0.056923076923076965,0.23302932582057082,,,
story_v1,eval,15,0.5357,0.5946153846153845,0.24004819400364283,-0.08669584694653783,offdiag_pooled,0.3384615384615385,22,0,65,0.6615384615384615,-0.4338704432190198,0.4338704432190198,,0.06692307692307697,0.19382224921537697,,,
story_v1,eval,16,0.5714,0.6169230769230769,0.28429686843321067,-0.0692667400980918,offdiag_pooled,0.38461538461538464,25,0,65,0.6153846153846154,-0.36750860579674605,0.36750860579674605,0.75,-0.0015384615384614886,0.08321173736353538,,,
story_v1,eval,17,0.6071,0.593076923076923,0.2130271557833042,-0.05689802889616361,offdiag_pooled,0.4153846153846154,27,0,65,0.5846153846153845,-0.20819705979004413,0.20819705979004413,0.75,-0.00846153846153841,-0.004830095993260064,,,
story_v1,eval,18,0.6429,0.6069230769230769,0.26888373334254545,-0.030859977210226798,offdiag_pooled,0.46153846153846156,30,0,65,0.5384615384615384,-0.012714587173132647,0.012714587173132647,0.7,-0.06846153846153846,-0.2561691461694128,,,
story_v1,eval,19,0.6786,0.6061538461538462,0.2496507436679622,-0.034240564448735196,offdiag_pooled,0.47692307692307695,31,0,65,0.523076923076923,-0.0033196514902691025,0.0033196514902691025,0.65,-0.08307692307692316,-0.24633109217769308,,,
story_v1,eval,20,0.7143,0.5930769230769231,0.2501559897571346,-0.038035594976909615,offdiag_pooled,0.46153846153846156,30,0,65,0.5384615384615384,-0.03911183669959628,0.03911183669959628,0.7,-0.05461538461538462,-0.21104415305753832,,,
story_v1,eval,21,0.75,0.6138461538461538,0.24659184543515483,-0.0774241118799812,offdiag_pooled,0.4,26,0,65,0.6,-0.21704777973475659,0.21704777973475659,0.75,-0.013846153846153841,-0.029544065700398248,,,
story_v1,eval,22,0.7857,0.5853846153846154,0.1950788147585029,-0.09267958848875506,offdiag_pooled,0.4,26,0,65,0.6,-0.32883230982996137,0.32883230982996137,0.75,0.014615384615384586,0.13375349507145848,,,
story_v1,eval,23,0.8214,0.5923076923076922,0.20430655967132277,-0.09952291261516794,offdiag_pooled,0.35384615384615387,23,0,65,0.6461538461538461,-0.45069034872946756,0.45069034872946756,,0.05384615384615388,0.2463837890581448,,,
story_v1,eval,24,0.8571,0.5999999999999999,0.21881681600062586,-0.11099872285362423,offdiag_pooled,0.3076923076923077,20,0,65,0.6923076923076923,-0.5160977735864662,0.5160977735864662,,0.09230769230769242,0.2972809575858404,,,
story_v1,eval,25,0.8929,0.5930769230769231,0.20531598890345984,-0.12419835085908416,offdiag_pooled,0.3076923076923077,20,0,65,0.6923076923076923,-0.5566338430737402,0.5566338430737402,,0.09923076923076923,0.3513178541702804,,,
story_v1,eval,26,0.9286,0.5838461538461537,0.2459807072844944,-0.10630050130380365,offdiag_pooled,0.35384615384615387,23,0,65,0.6461538461538461,-0.5321727688908101,0.5321727688908101,,0.0623076923076924,0.2861920616063157,,,
story_v1,eval,27,0.9643,0.5815384615384614,0.2144207126584517,-0.09807929401927304,offdiag_pooled,0.3076923076923077,20,0,65,0.6923076923076923,-0.5846019672532209,0.5846019672532209,,0.11076923076923084,0.3701812545947692,,,
story_v1,eval,28,1.0,0.5723076923076922,0.2221698038489593,-0.23203820618838514,offdiag_pooled,0.2153846153846154,14,0,65,0.7846153846153846,-0.7061475312250634,0.7061475312250634,,0.21230769230769242,0.48397772737610406,,,
story_v1,harm,0,0.0,0.5,nan,0.0,offdiag_pooled,0.5,0,65,65,0.5,nan,nan,0.65,0.0,nan,,,
story_v1,harm,1,0.0357,0.5853846153846153,0.16716704499313678,-0.08218042468632661,offdiag_pooled,0.49230769230769234,32,0,65,0.5076923076923077,-0.10330324914010948,0.10330324914010948,0.65,-0.07769230769230762,-0.0638637958530273,,,
story_v1,harm,2,0.0714,0.5946153846153844,0.22626249170757579,-0.21507760466969478,offdiag_pooled,0.4,26,0,65,0.6,-0.38038355072067653,0.38038355072067653,0.75,0.005384615384615543,0.15412105901310075,,,
story_v1,harm,3,0.1071,0.5784615384615385,0.19532994866152223,-0.039502261781925264,offdiag_pooled,0.47692307692307695,31,0,65,0.523076923076923,-0.06146368962242826,0.06146368962242826,0.65,-0.055384615384615477,-0.13386625903909397,,,
story_v1,harm,4,0.1429,0.5938461538461539,0.2012416342849141,0.025398955532909807,offdiag_pooled,0.5076923076923077,33,0,65,0.5076923076923077,0.06491270349440684,0.06491270349440684,0.65,-0.08615384615384625,-0.13632893079050726,,,
story_v1,harm,5,0.1786,0.5884615384615384,0.17773030697984438,0.029879485238551086,offdiag_pooled,0.5076923076923077,33,0,65,0.5076923076923077,0.09308378008712782,0.09308378008712782,0.65,-0.0807692307692307,-0.08464652689271655,,,
story_v1,harm,6,0.2143,0.5700000000000001,0.20208001051341115,0.03454030745461754,offdiag_pooled,0.5846153846153846,38,0,65,0.5846153846153846,0.11984986936160956,0.11984986936160956,0.75,0.014615384615384586,-0.08223014115180159,,,
story_v1,harm,7,0.25,0.6061538461538462,0.257147529427101,0.08080139585134334,offdiag_pooled,0.6615384615384615,43,0,65,0.6615384615384615,0.29057910741946963,0.29057910741946963,,0.055384615384615365,0.03343157799236862,,,
story_v1,harm,8,0.2857,0.5746153846153845,0.19776467826447497,0.01050074550010151,offdiag_pooled,0.5538461538461539,36,0,65,0.5538461538461539,0.08936857072111971,0.08936857072111971,0.7,-0.02076923076923065,-0.10839610754335526,,,
story_v1,harm,9,0.3214,0.5869230769230769,0.19255384625866961,0.06752011216288807,offdiag_pooled,0.6923076923076923,45,0,65,0.6923076923076923,0.3554784104166041,0.3554784104166041,,0.10538461538461541,0.1629245641579345,,,
story_v1,harm,10,0.3571,0.6223076923076923,0.2932504580848845,0.00013178603084633368,offdiag_pooled,0.6,39,0,65,0.6,0.04337740354990723,0.04337740354990723,0.75,-0.02230769230769236,-0.24987305453497724,,,
story_v1,harm,11,0.3929,0.5938461538461538,0.2151679070339688,0.034677673110249954,offdiag_pooled,0.6153846153846154,40,0,65,0.6153846153846154,0.18303952258933678,0.18303952258933678,0.75,0.021538461538461617,-0.03212838444463201,,,
story_v1,harm,12,0.4286,0.6138461538461539,0.2997438251261246,0.04212453550407158,offdiag_pooled,0.5846153846153846,38,0,65,0.5846153846153846,0.19407337784133985,0.19407337784133985,0.75,-0.029230769230769282,-0.10567044728478472,,,
story_v1,harm,13,0.4643,0.6538461538461536,0.37318431421942094,0.039236572213654106,offdiag_pooled,0.5230769230769231,34,0,65,0.5230769230769231,0.1751525421482151,0.1751525421482151,0.65,-0.13076923076923053,-0.19803177207120584,,,
story_v1,harm,14,0.5,0.6715384615384614,0.4200718195484012,0.09110294436450428,offdiag_pooled,0.676923076923077,44,0,65,0.676923076923077,0.5142598564555886,0.5142598564555886,,0.005384615384615543,0.09418803690718736,,,
story_v1,harm,15,0.5357,0.6600000000000001,0.4508031549637169,-0.040276216664918214,offdiag_pooled,0.3076923076923077,20,0,65,0.6923076923076923,-0.2993292761637667,0.2993292761637667,,0.03230769230769215,-0.15147387879995022,,,
story_v1,harm,16,0.5714,0.7115384615384617,0.5755070280251348,-0.08137089843590442,offdiag_pooled,0.18461538461538463,12,0,65,0.8153846153846154,-0.700691109654343,0.700691109654343,,0.1038461538461537,0.12518408162920824,,,
story_v1,harm,17,0.6071,0.6723076923076923,0.460481281770729,-0.10401320043893403,offdiag_pooled,0.2,13,0,65,0.8,-0.7544977437716477,0.7544977437716477,,0.12769230769230777,0.2940164620009187,,,
story_v1,harm,18,0.6429,0.7007692307692307,0.5431816744904787,-0.10660389768874316,offdiag_pooled,0.2153846153846154,14,0,65,0.7846153846153846,-0.6922506603584683,0.6922506603584683,,0.0838461538461539,0.14906898586798956,,,
story_v1,harm,19,0.6786,0.7423076923076923,0.6986011260407227,-0.12660964607719355,offdiag_pooled,0.1076923076923077,7,0,65,0.8923076923076922,-0.9279298782531324,0.9279298782531324,,0.1499999999999999,0.22932875221240978,,,
story_v1,harm,20,0.7143,0.7707692307692308,0.8614879118114491,-0.14158505647552766,offdiag_pooled,0.1076923076923077,7,0,65,0.8923076923076922,-1.0375818593995272,1.0375818593995272,,0.12153846153846148,0.17609394758807806,,,
story_v1,harm,21,0.75,0.7192307692307692,0.6209806173873778,-0.15445211852915414,offdiag_pooled,0.15384615384615385,10,0,65,0.8461538461538461,-1.236271676570429,1.236271676570429,,0.12692307692307692,0.6152910591830512,,,
story_v1,harm,22,0.7857,0.736923076923077,0.7056459911620554,-0.17598816138935888,offdiag_pooled,0.09230769230769231,6,0,65,0.9076923076923077,-1.4174701560453924,1.4174701560453924,,0.17076923076923067,0.711824164883337,,,
story_v1,harm,23,0.8214,0.7215384615384616,0.6201187510094819,-0.11979434500066573,offdiag_pooled,0.16923076923076924,11,0,65,0.8307692307692307,-1.0968433106002053,1.0968433106002053,,0.10923076923076913,0.47672455959072346,,,
story_v1,harm,24,0.8571,0.7869230769230768,0.8803537421667533,-0.11105039375769352,offdiag_pooled,0.12307692307692308,8,0,65,0.8769230769230769,-1.0778333580347816,1.0778333580347816,,0.09000000000000008,0.1974796158680283,,,
story_v1,harm,25,0.8929,0.7223076923076922,0.6320508398157907,-0.06292663320696532,offdiag_pooled,0.27692307692307694,18,0,65,0.7230769230769231,-0.6452940035156807,0.6452940035156807,,0.0007692307692308553,0.013243163699889982,,,
story_v1,harm,26,0.9286,0.7553846153846154,0.7931988699443677,-0.1089584106137787,offdiag_pooled,0.16923076923076924,11,0,65,0.8307692307692307,-0.9867145831905609,0.9867145831905609,,0.07538461538461527,0.1935157132461932,,,
story_v1,harm,27,0.9643,0.7192307692307693,0.6564133962755133,-0.11910008918940113,offdiag_pooled,0.12307692307692308,8,0,65,0.8769230769230769,-1.130423313397427,1.130423313397427,,0.15769230769230758,0.47400991712191376,,,
story_v1,harm,28,1.0,0.7153846153846153,0.6429098517728853,-0.027753569260735883,offdiag_pooled,0.46153846153846156,30,0,65,0.5384615384615384,-0.23944454987652278,0.23944454987652278,0.7,-0.17692307692307685,-0.40346530189636254,,,
story_v1,length,0,0.0,0.5,nan,0.0,offdiag_pooled,0.5,0,30,30,0.5,nan,nan,0.7,0.0,nan,,,
story_v1,length,1,0.0357,0.8866666666666667,1.7699177930689356,0.0009738095969660191,offdiag_pooled,0.43333333333333335,13,0,30,0.5666666666666667,-0.08307702620861081,0.08307702620861081,0.75,-0.32000000000000006,-1.6868407668603247,,,
story_v1,length,2,0.0714,0.835,1.7170424658830794,-0.13984210845312142,offdiag_pooled,0.13333333333333333,4,0,30,0.8666666666666667,-1.2801919389028051,1.2801919389028051,,0.03166666666666673,-0.43685052698027427,,,
story_v1,length,3,0.1071,0.8949999999999999,1.6991317191277737,-0.14380047167096696,offdiag_pooled,0.26666666666666666,8,0,30,0.7333333333333334,-0.8326437232708761,0.8326437232708761,,-0.16166666666666651,-0.8664879958568976,,,
story_v1,length,4,0.1429,0.8383333333333335,1.5060197920143452,-0.16279751028979403,offdiag_pooled,0.26666666666666666,8,0,30,0.7333333333333334,-0.8956319888357569,0.8956319888357569,,-0.1050000000000001,-0.6103878031785883,,,
story_v1,length,5,0.1786,0.775,1.0325434916909215,-0.07995653379974196,offdiag_pooled,0.43333333333333335,13,0,30,0.5666666666666667,-0.36323457900897066,0.36323457900897066,0.75,-0.20833333333333337,-0.6693089126819509,,,
story_v1,length,6,0.2143,0.8300000000000001,1.5999118430098556,-0.024465152711246378,offdiag_pooled,0.4,12,0,30,0.6,-0.19788936185230113,0.19788936185230113,,-0.2300000000000001,-1.4020224811575543,,,
story_v1,length,7,0.25,0.8133333333333335,1.523519694603895,-0.001445206452049196,offdiag_pooled,0.43333333333333335,13,0,30,0.5666666666666667,-0.028822496020015104,0.028822496020015104,0.75,-0.2466666666666668,-1.4946971985838797,,,
story_v1,length,8,0.2857,0.8266666666666665,1.397438261269001,-0.0687712950721477,offdiag_pooled,0.3333333333333333,10,0,30,0.6666666666666667,-0.5055584554796083,0.5055584554796083,,-0.1599999999999998,-0.8918798057893927,,,
story_v1,length,9,0.3214,0.7933333333333333,1.1882364400211085,-0.07396175915257888,offdiag_pooled,0.3333333333333333,10,0,30,0.6666666666666667,-0.6865222402854085,0.6865222402854085,,-0.1266666666666666,-0.5017141997357,,,
story_v1,length,10,0.3571,0.77,0.9562565650492008,-0.007682796496222809,offdiag_pooled,0.3333333333333333,10,0,30,0.6666666666666667,-0.07612795110031323,0.07612795110031323,,-0.10333333333333328,-0.8801286139488875,,,
story_v1,length,11,0.3929,0.7533333333333333,0.799243551909433,-0.02316819835857952,offdiag_pooled,0.36666666666666664,11,0,30,0.6333333333333333,-0.2377293409764375,0.2377293409764375,,-0.12,-0.5615142109329955,,,
story_v1,length,12,0.4286,0.82,1.2625738700830675,-0.05148057023853105,offdiag_pooled,0.3,9,0,30,0.7,-0.6266117445664696,0.6266117445664696,,-0.12,-0.6359621255165979,,,
story_v1,length,13,0.4643,0.79,1.0177602620635955,-0.11532437228547691,offdiag_pooled,0.1,3,0,30,0.9,-1.4663768948453628,1.4663768948453628,,0.10999999999999999,0.44861663278176733,,,
story_v1,length,14,0.5,0.8400000000000001,1.2846215484478845,-0.09463880724517645,offdiag_pooled,0.2,6,0,30,0.8,-0.9348240099909713,0.9348240099909713,,-0.040000000000000036,-0.3497975384569132,,,
story_v1,length,15,0.5357,0.7466666666666666,0.8351926653873528,-0.0810213960891692,offdiag_pooled,0.26666666666666666,8,0,30,0.7333333333333334,-0.818559840214334,0.818559840214334,,-0.013333333333333197,-0.016632825173018784,,,
story_v1,length,16,0.5714,0.7866666666666667,1.00876948455192,-0.07794442578133139,offdiag_pooled,0.26666666666666666,8,0,30,0.7333333333333334,-0.8442763186703486,0.8442763186703486,,-0.053333333333333344,-0.16449316588157137,,,
story_v1,length,17,0.6071,0.7683333333333333,0.860034196867103,-0.07860200056466236,offdiag_pooled,0.16666666666666666,5,0,30,0.8333333333333334,-0.9828987550011798,0.9828987550011798,,0.06500000000000006,0.12286455813407682,,,
story_v1,length,18,0.6429,0.7716666666666666,0.9167452859655902,-0.03581007441228842,offdiag_pooled,0.3333333333333333,10,0,30,0.6666666666666667,-0.4900639106204356,0.4900639106204356,,-0.10499999999999987,-0.42668137534515466,,,
story_v1,length,19,0.6786,0.7233333333333333,0.7421707325203125,-0.05650854503150237,offdiag_pooled,0.26666666666666666,8,0,30,0.7333333333333334,-0.721017194867072,0.721017194867072,,0.01000000000000012,-0.021153537653240462,,,
story_v1,length,20,0.7143,0.7166666666666667,0.7249046379791965,0.009567500862591772,offdiag_pooled,0.5,15,0,30,0.5,-0.06714255429609026,0.06714255429609026,0.7,-0.21666666666666667,-0.6577620836831062,,,
story_v1,length,21,0.75,0.7466666666666668,0.8397248509345033,-0.0155542868452673,offdiag_pooled,0.3333333333333333,10,0,30,0.6666666666666667,-0.3529331293854489,0.3529331293854489,,-0.08000000000000007,-0.4867917215490544,,,
story_v1,length,22,0.7857,0.6783333333333333,0.5291451335980156,-0.024839949569431932,offdiag_pooled,0.3,9,0,30,0.7,-0.4639307423586175,0.4639307423586175,,0.021666666666666612,-0.06521439123939815,,,
story_v1,length,23,0.8214,0.6833333333333333,0.5071363382641356,-0.02343068392511965,offdiag_pooled,0.23333333333333334,7,0,30,0.7666666666666666,-0.449492017455043,0.449492017455043,,0.08333333333333326,-0.0576443208090926,,,
story_v1,length,24,0.8571,0.6833333333333333,0.5598197852704454,-0.020736623431680038,offdiag_pooled,0.2,6,0,30,0.8,-0.43531617117744154,0.43531617117744154,,0.1166666666666667,-0.12450361409300387,,,
story_v1,length,25,0.8929,0.6866666666666665,0.4629620743495436,-0.03906525693110768,offdiag_pooled,0.2,6,0,30,0.8,-0.6247656710219371,0.6247656710219371,,0.11333333333333351,0.16180359667239352,,,
story_v1,length,26,0.9286,0.6866666666666665,0.5454551193977047,-0.02544576714579325,offdiag_pooled,0.23333333333333334,7,0,30,0.7666666666666666,-0.4887588426002072,0.4887588426002072,,0.08000000000000007,-0.05669627679749756,,,
story_v1,length,27,0.9643,0.7116666666666667,0.5827346283111524,-0.02456131116526445,offdiag_pooled,0.26666666666666666,8,0,30,0.7333333333333334,-0.46211911482171164,0.46211911482171164,,0.021666666666666723,-0.12061551348944077,,,
story_v1,length,28,1.0,0.6883333333333332,0.5275695659325285,-0.055465584298068166,offdiag_pooled,0.16666666666666666,5,0,30,0.8333333333333334,-0.42664747382828283,0.42664747382828283,,0.14500000000000013,-0.10092209210424563,,,
story_v1,persona,0,0.0,0.5,nan,0.0,offdiag_pooled,0.5,0,65,65,0.5,nan,nan,0.65,0.0,nan,,,
story_v1,persona,1,0.0357,0.7253846153846153,0.7268106252842956,0.020746438222602966,offdiag_pooled,0.5230769230769231,34,0,65,0.5230769230769231,0.014971459642363596,0.014971459642363596,0.65,-0.2023076923076922,-0.7118391656419321,,,
story_v1,persona,2,0.0714,0.7184615384615384,0.6518985262601529,0.05518341897147755,offdiag_pooled,0.5076923076923077,33,0,65,0.5076923076923077,0.23569513387920354,0.23569513387920354,0.65,-0.2107692307692307,-0.41620339238094933,,,
story_v1,persona,3,0.1071,0.74,0.7097658227547379,0.0873927024403439,offdiag_pooled,0.6923076923076923,45,0,65,0.6923076923076923,0.5683540506815521,0.5683540506815521,,-0.0476923076923077,-0.14141177207318578,,,
story_v1,persona,4,0.1429,0.7161538461538461,0.6628882766166957,0.13512830771572118,offdiag_pooled,0.7846153846153846,51,0,65,0.7846153846153846,0.8781429128505414,0.8781429128505414,,0.06846153846153846,0.21525463623384566,,,
story_v1,persona,5,0.1786,0.7246153846153847,0.6945826847592765,0.1352762901375745,offdiag_pooled,0.8769230769230769,57,0,65,0.8769230769230769,1.1852960766278298,1.1852960766278298,,0.15230769230769226,0.49071339186855323,,,
story_v1,persona,6,0.2143,0.7076923076923077,0.6177077442969753,0.1355523871652028,offdiag_pooled,0.9846153846153847,64,0,65,0.9846153846153847,1.966891852682423,1.966891852682423,,0.27692307692307694,1.3491841083854479,,,
story_v1,persona,7,0.25,0.8353846153846154,1.1389426591177314,0.13962366505906768,offdiag_pooled,0.9692307692307692,63,0,65,0.9692307692307692,1.9288816558517377,1.9288816558517377,,0.13384615384615384,0.7899389967340062,,,
story_v1,persona,8,0.2857,0.7884615384615385,0.856518791851015,0.05489740883791905,offdiag_pooled,0.7384615384615385,48,0,65,0.7384615384615385,0.7448330288503124,0.7448330288503124,,-0.050000000000000044,-0.11168576300070254,,,
story_v1,persona,9,0.3214,0.7223076923076923,0.7527826303203708,0.06899554386585448,offdiag_pooled,0.8307692307692308,54,0,65,0.8307692307692308,1.082796550694715,1.082796550694715,,0.1084615384615385,0.3300139203743442,,,
story_v1,persona,10,0.3571,0.7507692307692307,0.7554140408021404,0.07478974848562364,offdiag_pooled,0.8307692307692308,54,0,65,0.8307692307692308,0.896775117441969,0.896775117441969,,0.08000000000000007,0.14136107663982866,,,
story_v1,persona,11,0.3929,0.7692307692307693,0.8452680671482244,0.04969683783295558,offdiag_pooled,0.7076923076923077,46,0,65,0.7076923076923077,0.7269535501676463,0.7269535501676463,,-0.06153846153846154,-0.11831451698057815,,,
story_v1,persona,12,0.4286,0.7107692307692306,0.7203161520918497,0.03752739197187743,offdiag_pooled,0.7538461538461538,49,0,65,0.7538461538461538,0.7067663394321118,0.7067663394321118,,0.043076923076923235,-0.013549812659737981,,,
story_v1,persona,13,0.4643,0.766923076923077,0.782620060136764,0.03734095606022198,offdiag_pooled,0.676923076923077,44,0,65,0.676923076923077,0.5532399149004894,0.5532399149004894,,-0.09000000000000008,-0.2293801452362746,,,
story_v1,persona,14,0.5,0.7553846153846153,0.8400252987697983,0.08635900043209926,offdiag_pooled,0.7076923076923077,46,0,65,0.7076923076923077,0.6217231715974539,0.6217231715974539,,-0.04769230769230759,-0.21830212717234432,,,
story_v1,persona,15,0.5357,0.6776923076923076,0.48407647370183177,0.13875452411187372,offdiag_pooled,0.8153846153846154,53,0,65,0.8153846153846154,0.8951040345964761,0.8951040345964761,,0.13769230769230778,0.4110275608946444,,,
story_v1,persona,16,0.5714,0.6907692307692308,0.5182441994392748,0.1502468375019771,offdiag_pooled,0.8923076923076924,58,0,65,0.8923076923076924,1.0406710720388925,1.0406710720388925,,0.20153846153846156,0.5224268725996177,,,
story_v1,persona,17,0.6071,0.7238461538461538,0.6093879311087071,0.1457467053689456,offdiag_pooled,0.8615384615384616,56,0,65,0.8615384615384616,0.9902698190939037,0.9902698190939037,,0.13769230769230778,0.3808818879851965,,,
story_v1,persona,18,0.6429,0.6815384615384615,0.43567421123967265,0.19396914450668068,offdiag_pooled,0.9230769230769231,60,0,65,0.9230769230769231,1.1618299487047856,1.1618299487047856,,0.2415384615384616,0.726155737465113,,,
story_v1,persona,19,0.6786,0.7176923076923077,0.5818403372359958,0.12457374503441052,offdiag_pooled,0.7384615384615385,48,0,65,0.7384615384615385,0.5979190899995797,0.5979190899995797,,0.020769230769230762,0.016078752763583837,,,
story_v1,persona,20,0.7143,0.6461538461538461,0.40562375612802126,0.21377144598839684,offdiag_pooled,0.8,52,0,65,0.8,0.8523706764328551,0.8523706764328551,,0.15384615384615397,0.44674692030483387,,,
story_v1,persona,21,0.75,0.6892307692307691,0.4954590051316172,0.14845014874439566,offdiag_pooled,0.676923076923077,44,0,65,0.676923076923077,0.5660203595444766,0.5660203595444766,,-0.01230769230769213,0.07056135441285938,,,
story_v1,persona,22,0.7857,0.673076923076923,0.42488184401278034,0.1399826736573238,offdiag_pooled,0.6615384615384615,43,0,65,0.6615384615384615,0.5121332276705463,0.5121332276705463,,-0.011538461538461497,0.08725138365776591,,,
story_v1,persona,23,0.8214,0.6299999999999999,0.31744333688074233,0.15671765687394254,offdiag_pooled,0.6615384615384615,43,0,65,0.6615384615384615,0.5840974135850695,0.5840974135850695,,0.031538461538461626,0.26665407670432717,,,
story_v1,persona,24,0.8571,0.6307692307692306,0.3481248447658926,0.1376286518669434,offdiag_pooled,0.6153846153846154,40,0,65,0.6153846153846154,0.5020417720035549,0.5020417720035549,0.75,-0.015384615384615219,0.15391692723766232,,,
story_v1,persona,25,0.8929,0.6292307692307691,0.3194497788051145,0.14589316659156876,offdiag_pooled,0.6307692307692307,41,0,65,0.6307692307692307,0.5305773437450185,0.5305773437450185,0.75,0.0015384615384615996,0.21112756493990403,,,
story_v1,persona,26,0.9286,0.6838461538461539,0.49260475899286105,0.1407311644817191,offdiag_pooled,0.6153846153846154,40,0,65,0.6153846153846154,0.5157115916498723,0.5157115916498723,0.75,-0.06846153846153846,0.0231068326570113,,,
story_v1,persona,27,0.9643,0.6469230769230769,0.36553629966772067,0.14201398933020642,offdiag_pooled,0.6307692307692307,41,0,65,0.6307692307692307,0.5339599935453886,0.5339599935453886,0.75,-0.016153846153846185,0.16842369387766792,,,
story_v1,persona,28,1.0,0.6438461538461537,0.3489158755267966,0.24541866854973646,offdiag_pooled,0.6307692307692307,41,0,65,0.6307692307692307,0.5653727916256771,0.5653727916256771,0.75,-0.013076923076922986,0.21645691609888051,,,
story_v1,story_v1,0,0.0,0.5,nan,0.0,diag_heldout,0.5,0,15,15,0.5,nan,nan,,0.0,nan,,,
story_v1,story_v1,0,0.0,0.5,nan,0.0,diag_lopo,0.5,0,50,50,0.5,nan,nan,,0.0,nan,,,
story_v1,story_v1,1,0.0357,0.6876923076923076,0.5108093988657897,1.0,diag_heldout,1.0,15,0,15,1.0,4.159617732317391,4.159617732317391,,0.3123076923076924,3.648808333451601,,,
story_v1,story_v1,1,0.0357,0.6876923076923076,0.5108093988657897,1.0,diag_lopo,1.0,50,0,50,1.0,3.5710335647354183,3.5710335647354183,,0.3123076923076924,3.0602241658696285,,,
story_v1,story_v1,2,0.0714,0.7276923076923077,0.6121797593599403,1.0,diag_heldout,1.0,15,0,15,1.0,4.596361635921566,4.596361635921566,,0.27230769230769225,3.9841818765616255,,,
story_v1,story_v1,2,0.0714,0.7276923076923077,0.6121797593599403,1.0,diag_lopo,1.0,50,0,50,1.0,3.722316792697045,3.722316792697045,,0.27230769230769225,3.1101370333371046,,,
story_v1,story_v1,3,0.1071,0.7261538461538463,0.6130633475724798,0.9999999999999998,diag_heldout,1.0,15,0,15,1.0,5.403877378205208,5.403877378205208,,0.27384615384615374,4.7908140306327285,,,
story_v1,story_v1,3,0.1071,0.7261538461538463,0.6130633475724798,0.9999999999999998,diag_lopo,1.0,50,0,50,1.0,4.483339369331398,4.483339369331398,,0.27384615384615374,3.8702760217589187,,,
story_v1,story_v1,4,0.1429,0.7246153846153847,0.7002472899068157,1.0000000000000002,diag_heldout,1.0,15,0,15,1.0,5.380722472489817,5.380722472489817,,0.27538461538461534,4.680475182583001,,,
story_v1,story_v1,4,0.1429,0.7246153846153847,0.7002472899068157,1.0000000000000002,diag_lopo,1.0,50,0,50,1.0,4.6084019436365615,4.6084019436365615,,0.27538461538461534,3.9081546537297456,,,
story_v1,story_v1,5,0.1786,0.7538461538461538,0.7612007902914513,1.0,diag_heldout,1.0,15,0,15,1.0,4.664908797482935,4.664908797482935,,0.24615384615384617,3.903708007191484,,,
story_v1,story_v1,5,0.1786,0.7538461538461538,0.7612007902914513,1.0,diag_lopo,1.0,50,0,50,1.0,5.185389273170925,5.185389273170925,,0.24615384615384617,4.424188482879473,,,
story_v1,story_v1,6,0.2143,0.683076923076923,0.6070100366220174,1.0,diag_heldout,1.0,15,0,15,1.0,4.514927276700241,4.514927276700241,,0.316923076923077,3.9079172400782234,,,
story_v1,story_v1,6,0.2143,0.683076923076923,0.6070100366220174,1.0,diag_lopo,1.0,50,0,50,1.0,4.994609556917902,4.994609556917902,,0.316923076923077,4.387599520295884,,,
story_v1,story_v1,7,0.25,0.7461538461538464,0.7302443924126771,1.0000000000000002,diag_heldout,1.0,15,0,15,1.0,4.983362820762703,4.983362820762703,,0.2538461538461536,4.253118428350025,,,
story_v1,story_v1,7,0.25,0.7461538461538464,0.7302443924126771,1.0000000000000002,diag_lopo,1.0,50,0,50,1.0,5.080195227335808,5.080195227335808,,0.2538461538461536,4.34995083492313,,,
story_v1,story_v1,8,0.2857,0.7299999999999999,0.7606692661985643,1.0,diag_heldout,1.0,15,0,15,1.0,5.189268493145772,5.189268493145772,,0.27000000000000013,4.428599226947208,,,
story_v1,story_v1,8,0.2857,0.7299999999999999,0.7606692661985643,1.0,diag_lopo,1.0,50,0,50,1.0,5.210977181503053,5.210977181503053,,0.27000000000000013,4.450307915304489,,,
story_v1,story_v1,9,0.3214,0.723076923076923,0.7080208741107541,1.0,diag_heldout,1.0,15,0,15,1.0,6.53769539757476,6.53769539757476,,0.27692307692307705,5.829674523464006,,,
story_v1,story_v1,9,0.3214,0.723076923076923,0.7080208741107541,1.0,diag_lopo,1.0,50,0,50,1.0,5.061400097766814,5.061400097766814,,0.27692307692307705,4.35337922365606,,,
story_v1,story_v1,10,0.3571,0.7769230769230768,0.9619635964206031,1.0,diag_heldout,1.0,15,0,15,1.0,6.229774027461847,6.229774027461847,,0.22307692307692317,5.2678104310412435,,,
story_v1,story_v1,10,0.3571,0.7769230769230768,0.9619635964206031,1.0,diag_lopo,1.0,50,0,50,1.0,4.796850815530918,4.796850815530918,,0.22307692307692317,3.8348872191103154,,,
story_v1,story_v1,11,0.3929,0.7046153846153846,0.5392546032163986,0.9999999999999999,diag_heldout,1.0,15,0,15,1.0,6.205216226051301,6.205216226051301,,0.29538461538461536,5.665961622834903,,,
story_v1,story_v1,11,0.3929,0.7046153846153846,0.5392546032163986,0.9999999999999999,diag_lopo,1.0,50,0,50,1.0,4.918264507520165,4.918264507520165,,0.29538461538461536,4.379009904303767,,,
story_v1,story_v1,12,0.4286,0.7892307692307693,0.8366885333001173,1.0,diag_heldout,1.0,15,0,15,1.0,6.281798975490423,6.281798975490423,,0.2107692307692307,5.445110442190305,,,
story_v1,story_v1,12,0.4286,0.7892307692307693,0.8366885333001173,1.0,diag_lopo,1.0,50,0,50,1.0,5.043577442770498,5.043577442770498,,0.2107692307692307,4.20688890947038,,,
story_v1,story_v1,13,0.4643,0.7384615384615385,0.7246148547519948,0.9999999999999999,diag_heldout,1.0,15,0,15,1.0,6.624985960347863,6.624985960347863,,0.2615384615384615,5.900371105595868,,,
story_v1,story_v1,13,0.4643,0.7384615384615385,0.7246148547519948,0.9999999999999999,diag_lopo,1.0,50,0,50,1.0,4.9964623238690695,4.9964623238690695,,0.2615384615384615,4.271847469117075,,,
story_v1,story_v1,14,0.5,0.7607692307692309,0.8441455430551464,0.9999999999999999,diag_heldout,1.0,15,0,15,1.0,5.857944008860733,5.857944008860733,,0.23923076923076914,5.0137984658055865,,,
story_v1,story_v1,14,0.5,0.7607692307692309,0.8441455430551464,0.9999999999999999,diag_lopo,1.0,50,0,50,1.0,4.954550444152881,4.954550444152881,,0.23923076923076914,4.110404901097734,,,
story_v1,story_v1,15,0.5357,0.7661538461538462,0.8861020929946448,1.0,diag_heldout,1.0,15,0,15,1.0,7.565578602446534,7.565578602446534,,0.23384615384615381,6.679476509451889,,,
story_v1,story_v1,15,0.5357,0.7661538461538462,0.8861020929946448,1.0,diag_lopo,1.0,50,0,50,1.0,5.3245730707621455,5.3245730707621455,,0.23384615384615381,4.4384709777675,,,
story_v1,story_v1,16,0.5714,0.7746153846153846,0.8500198338345113,1.0,diag_heldout,1.0,15,0,15,1.0,7.960848594142658,7.960848594142658,,0.2253846153846154,7.110828760308147,,,
story_v1,story_v1,16,0.5714,0.7746153846153846,0.8500198338345113,1.0,diag_lopo,1.0,50,0,50,1.0,5.475286094446326,5.475286094446326,,0.2253846153846154,4.625266260611815,,,
story_v1,story_v1,17,0.6071,0.7976923076923078,1.0815822796944983,1.0,diag_heldout,1.0,15,0,15,1.0,7.561045096970647,7.561045096970647,,0.2023076923076922,6.479462817276149,,,
story_v1,story_v1,17,0.6071,0.7976923076923078,1.0815822796944983,1.0,diag_lopo,1.0,50,0,50,1.0,5.40036662748306,5.40036662748306,,0.2023076923076922,4.3187843477885615,,,
story_v1,story_v1,18,0.6429,0.8007692307692308,1.0724392054042213,1.0000000000000002,diag_heldout,1.0,15,0,15,1.0,7.237436040144738,7.237436040144738,,0.1992307692307692,6.164996834740517,,,
story_v1,story_v1,18,0.6429,0.8007692307692308,1.0724392054042213,1.0000000000000002,diag_lopo,1.0,50,0,50,1.0,5.226011415493339,5.226011415493339,,0.1992307692307692,4.153572210089118,,,
story_v1,story_v1,19,0.6786,0.6823076923076923,0.5151902314370502,1.0,diag_heldout,1.0,15,0,15,1.0,4.622516982794152,4.622516982794152,,0.3176923076923077,4.1073267513571015,,,
story_v1,story_v1,19,0.6786,0.6823076923076923,0.5151902314370502,1.0,diag_lopo,1.0,50,0,50,1.0,4.759386192837591,4.759386192837591,,0.3176923076923077,4.244195961400541,,,
story_v1,story_v1,20,0.7143,0.8253846153846153,1.1067989561287077,1.0,diag_heldout,1.0,15,0,15,1.0,4.198261325076163,4.198261325076163,,0.17461538461538473,3.091462368947455,,,
story_v1,story_v1,20,0.7143,0.8253846153846153,1.1067989561287077,1.0,diag_lopo,1.0,50,0,50,1.0,4.952195470600625,4.952195470600625,,0.17461538461538473,3.845396514471917,,,
story_v1,story_v1,21,0.75,0.7976923076923077,0.9161631591466282,1.0000000000000002,diag_heldout,1.0,15,0,15,1.0,4.12791852792947,4.12791852792947,,0.2023076923076923,3.2117553687828417,,,
story_v1,story_v1,21,0.75,0.7976923076923077,0.9161631591466282,1.0000000000000002,diag_lopo,1.0,50,0,50,1.0,4.817516614561217,4.817516614561217,,0.2023076923076923,3.901353455414589,,,
story_v1,story_v1,22,0.7857,0.7707692307692308,0.7947662905430308,1.0000000000000002,diag_heldout,1.0,15,0,15,1.0,4.312551964715166,4.312551964715166,,0.22923076923076924,3.517785674172136,,,
story_v1,story_v1,22,0.7857,0.7707692307692308,0.7947662905430308,1.0000000000000002,diag_lopo,1.0,50,0,50,1.0,4.6723233836405695,4.6723233836405695,,0.22923076923076924,3.877557093097539,,,
story_v1,story_v1,23,0.8214,0.7261538461538461,0.6394327416798138,1.0000000000000002,diag_heldout,1.0,15,0,15,1.0,5.258158688004874,5.258158688004874,,0.27384615384615385,4.6187259463250605,,,
story_v1,story_v1,23,0.8214,0.7261538461538461,0.6394327416798138,1.0000000000000002,diag_lopo,1.0,50,0,50,1.0,5.196487814426795,5.196487814426795,,0.27384615384615385,4.557055072746981,,,
story_v1,story_v1,24,0.8571,0.7623076923076922,0.7233329381662229,1.0,diag_heldout,1.0,15,0,15,1.0,4.751680598138531,4.751680598138531,,0.23769230769230776,4.028347659972308,,,
story_v1,story_v1,24,0.8571,0.7623076923076922,0.7233329381662229,1.0,diag_lopo,1.0,50,0,50,1.0,4.934143764328492,4.934143764328492,,0.23769230769230776,4.210810826162269,,,
story_v1,story_v1,25,0.8929,0.6892307692307692,0.5394018255754789,0.9999999999999999,diag_heldout,1.0,15,0,15,1.0,5.200993186040747,5.200993186040747,,0.3107692307692308,4.661591360465268,,,
story_v1,story_v1,25,0.8929,0.6892307692307692,0.5394018255754789,0.9999999999999999,diag_lopo,1.0,50,0,50,1.0,5.180546357078288,5.180546357078288,,0.3107692307692308,4.6411445315028095,,,
story_v1,story_v1,26,0.9286,0.7107692307692307,0.6668949374105457,1.0,diag_heldout,1.0,15,0,15,1.0,4.589153274574847,4.589153274574847,,0.2892307692307693,3.922258337164301,,,
story_v1,story_v1,26,0.9286,0.7107692307692307,0.6668949374105457,1.0,diag_lopo,1.0,50,0,50,1.0,4.839029415889343,4.839029415889343,,0.2892307692307693,4.172134478478798,,,
story_v1,story_v1,27,0.9643,0.7507692307692307,0.735980416793519,0.9999999999999999,diag_heldout,1.0,15,0,15,1.0,4.999731915897971,4.999731915897971,,0.24923076923076926,4.263751499104452,,,
story_v1,story_v1,27,0.9643,0.7507692307692307,0.735980416793519,0.9999999999999999,diag_lopo,1.0,50,0,50,1.0,5.017188984062007,5.017188984062007,,0.24923076923076926,4.281208567268488,,,
story_v1,story_v1,28,1.0,0.7307692307692307,0.713205914046493,1.0,diag_heldout,1.0,15,0,15,1.0,5.192277159405158,5.192277159405158,,0.2692307692307693,4.479071245358665,,,
story_v1,story_v1,28,1.0,0.7307692307692307,0.713205914046493,1.0,diag_lopo,1.0,50,0,50,1.0,4.927824112366641,4.927824112366641,,0.2692307692307693,4.214618198320148,,,
story_v1,story_v2,0,0.0,0.5,nan,0.0,offdiag_pooled,0.5,0,65,65,0.5,nan,nan,0.65,0.0,nan,,,
story_v1,story_v2,1,0.0357,0.6876923076923077,0.502408108181965,0.7140373363629411,offdiag_pooled,1.0,65,0,65,1.0,2.606050274274695,2.606050274274695,,0.3123076923076923,2.10364216609273,,,
story_v1,story_v2,2,0.0714,0.6607692307692308,0.36614271128826564,0.746357436907909,offdiag_pooled,1.0,65,0,65,1.0,2.6566331860748686,2.6566331860748686,,0.3392307692307692,2.290490474786603,,,
story_v1,story_v2,3,0.1071,0.6646153846153846,0.4326247688168895,0.7319770283963222,offdiag_pooled,1.0,65,0,65,1.0,2.9463190763137965,2.9463190763137965,,0.3353846153846154,2.513694307496907,,,
story_v1,story_v2,4,0.1429,0.7069230769230769,0.5547792561446381,0.7724515611281587,offdiag_pooled,1.0,65,0,65,1.0,3.1888200535527527,3.1888200535527527,,0.2930769230769231,2.6340407974081144,,,
story_v1,story_v2,5,0.1786,0.7015384615384617,0.5716994391412603,0.7556397719843762,offdiag_pooled,1.0,65,0,65,1.0,2.934957856140134,2.934957856140134,,0.29846153846153833,2.3632584169988737,,,
story_v1,story_v2,6,0.2143,0.6815384615384615,0.4865133158813161,0.7022191542261951,offdiag_pooled,1.0,65,0,65,1.0,2.7789634649429615,2.7789634649429615,,0.31846153846153846,2.2924501490616453,,,
story_v1,story_v2,7,0.25,0.6753846153846155,0.4662591555662834,0.7267754698731685,offdiag_pooled,1.0,65,0,65,1.0,2.837859367011196,2.837859367011196,,0.32461538461538453,2.3716002114449126,,,
story_v1,story_v2,8,0.2857,0.7138461538461538,0.6264148728101665,0.7155010096273634,offdiag_pooled,1.0,65,0,65,1.0,2.9564844540096646,2.9564844540096646,,0.2861538461538462,2.3300695811994983,,,
story_v1,story_v2,9,0.3214,0.7207692307692307,0.6146935279127075,0.7447803774325584,offdiag_pooled,1.0,65,0,65,1.0,3.472582737758061,3.472582737758061,,0.2792307692307693,2.8578892098453537,,,
story_v1,story_v2,10,0.3571,0.8169230769230771,0.963382679778554,0.7240268699685448,offdiag_pooled,1.0,65,0,65,1.0,3.539149593408213,3.539149593408213,,0.18307692307692292,2.575766913629659,,,
story_v1,story_v2,11,0.3929,0.7030769230769232,0.6267029125711303,0.7309285152084705,offdiag_pooled,1.0,65,0,65,1.0,3.4058597027150888,3.4058597027150888,,0.29692307692307685,2.7791567901439587,,,
story_v1,story_v2,12,0.4286,0.7538461538461539,0.7701271874044429,0.720743884011291,offdiag_pooled,1.0,65,0,65,1.0,3.355159106797073,3.355159106797073,,0.24615384615384606,2.5850319193926303,,,
story_v1,story_v2,13,0.4643,0.7453846153846154,0.7256505334315468,0.7197057256663603,offdiag_pooled,1.0,65,0,65,1.0,3.183822561940869,3.183822561940869,,0.2546153846153846,2.4581720285093223,,,
story_v1,story_v2,14,0.5,0.7892307692307692,0.947952136748131,0.8124866978969294,offdiag_pooled,1.0,65,0,65,1.0,3.6965617662756594,3.6965617662756594,,0.21076923076923082,2.7486096295275284,,,
story_v1,story_v2,15,0.5357,0.7676923076923077,0.8423376093681396,0.8162218638447578,offdiag_pooled,1.0,65,0,65,1.0,3.9965740826214367,3.9965740826214367,,0.23230769230769233,3.154236473253297,,,
story_v1,story_v2,16,0.5714,0.7223076923076923,0.7012497338187187,0.8313288413392199,offdiag_pooled,1.0,65,0,65,1.0,4.0028551963203585,4.0028551963203585,,0.2776923076923077,3.30160546250164,,,
story_v1,story_v2,17,0.6071,0.8038461538461539,1.0904655465549857,0.8095115968761162,offdiag_pooled,1.0,65,0,65,1.0,4.2095317897502476,4.2095317897502476,,0.19615384615384612,3.119066243195262,,,
story_v1,story_v2,18,0.6429,0.7984615384615383,1.1317981046481653,0.8099962816001015,offdiag_pooled,1.0,65,0,65,1.0,4.193482217246348,4.193482217246348,,0.20153846153846167,3.061684112598183,,,
story_v1,story_v2,19,0.6786,0.7253846153846154,0.6479538831227616,0.7591570678268373,offdiag_pooled,1.0,65,0,65,1.0,4.287002289389369,4.287002289389369,,0.2746153846153846,3.639048406266607,,,
story_v1,story_v2,20,0.7143,0.7984615384615384,0.9810797591513968,0.7538605373846922,offdiag_pooled,1.0,65,0,65,1.0,4.333312452154201,4.333312452154201,,0.20153846153846156,3.352232693002804,,,
story_v1,story_v2,21,0.75,0.7861538461538462,0.9802135715587994,0.7432635841792364,offdiag_pooled,1.0,65,0,65,1.0,4.349209460319561,4.349209460319561,,0.2138461538461538,3.368995888760762,,,
story_v1,story_v2,22,0.7857,0.7938461538461539,0.9158740656008979,0.7220380039922556,offdiag_pooled,1.0,65,0,65,1.0,4.327964192247051,4.327964192247051,,0.20615384615384613,3.412090126646153,,,
story_v1,story_v2,23,0.8214,0.7423076923076922,0.8357517357633499,0.720175798584159,offdiag_pooled,1.0,65,0,65,1.0,4.574228799473282,4.574228799473282,,0.2576923076923078,3.738477063709932,,,
story_v1,story_v2,24,0.8571,0.7792307692307692,0.9209155325364314,0.713876290886456,offdiag_pooled,1.0,65,0,65,1.0,4.507954356180479,4.507954356180479,,0.22076923076923083,3.5870388236440474,,,
story_v1,story_v2,25,0.8929,0.6923076923076922,0.5130793919392029,0.7150238708221739,offdiag_pooled,1.0,65,0,65,1.0,4.707063414844315,4.707063414844315,,0.3076923076923078,4.193984022905112,,,
story_v1,story_v2,26,0.9286,0.7884615384615385,0.8513048570760136,0.6903334951723314,offdiag_pooled,1.0,65,0,65,1.0,4.4926450771860305,4.4926450771860305,,0.21153846153846145,3.641340220110017,,,
story_v1,story_v2,27,0.9643,0.7530769230769232,0.7849825980155922,0.6772244663836527,offdiag_pooled,1.0,65,0,65,1.0,4.4805981255040574,4.4805981255040574,,0.2469230769230768,3.6956155274884654,,,
story_v1,story_v2,28,1.0,0.7876923076923077,0.914377218963876,0.7188864823401688,offdiag_pooled,1.0,65,0,65,1.0,4.657357060416282,4.657357060416282,,0.2123076923076923,3.742979841452406,,,
story_v2,eval,0,0.0,0.5,nan,0.0,offdiag_pooled,0.5,0,65,65,0.5,nan,nan,0.65,0.0,nan,,,
story_v2,eval,1,0.0357,0.596153846153846,0.2129771862544195,-0.2528880634180268,offdiag_pooled,0.27692307692307694,18,0,65,0.7230769230769231,-0.6635928814436862,0.6635928814436862,,0.12692307692307703,0.4506156951892667,,,
story_v2,eval,2,0.0714,0.5923076923076922,0.20101895043426085,-0.25240191010014623,offdiag_pooled,0.23076923076923078,15,0,65,0.7692307692307692,-0.7188547087104136,0.7188547087104136,,0.17692307692307696,0.5178357582761527,,,
story_v2,eval,3,0.1071,0.6092307692307692,0.22413397784348016,-0.28719632162849695,offdiag_pooled,0.15384615384615385,10,0,65,0.8461538461538461,-0.9024641364259264,0.9024641364259264,,0.2369230769230769,0.6783301585824462,,,
story_v2,eval,4,0.1429,0.5969230769230769,0.22594889838543467,-0.2628163998086314,offdiag_pooled,0.12307692307692308,8,0,65,0.8769230769230769,-0.8852536911018744,0.8852536911018744,,0.28,0.6593047927164397,,,
story_v2,eval,5,0.1786,0.5776923076923076,0.20975899625094838,-0.13765544330955953,offdiag_pooled,0.35384615384615387,23,0,65,0.6461538461538461,-0.4898168626186161,0.4898168626186161,,0.06846153846153846,0.2800578663676677,,,
story_v2,eval,6,0.2143,0.5984615384615385,0.23560511618903676,-0.16884351594636732,offdiag_pooled,0.3076923076923077,20,0,65,0.6923076923076923,-0.560724181386955,0.560724181386955,,0.0938461538461538,0.3251190651979182,,,
story_v2,eval,7,0.25,0.6169230769230769,0.27466694402804126,-0.14603776853794204,offdiag_pooled,0.24615384615384617,16,0,65,0.7538461538461538,-0.6468218812152008,0.6468218812152008,,0.13692307692307693,0.37215493718715953,,,
story_v2,eval,8,0.2857,0.5969230769230769,0.2663313560244277,-0.07901950708691664,offdiag_pooled,0.3230769230769231,21,0,65,0.676923076923077,-0.45456480769272994,0.45456480769272994,,0.08000000000000007,0.18823345166830224,,,
story_v2,eval,9,0.3214,0.6,0.23586413432012782,-0.09183846212149405,offdiag_pooled,0.3076923076923077,20,0,65,0.6923076923076923,-0.5432796984537908,0.5432796984537908,,0.09230769230769231,0.30741556413366294,,,
story_v2,eval,10,0.3571,0.6138461538461538,0.2864031314827752,-0.09101275854283689,offdiag_pooled,0.3384615384615385,22,0,65,0.6615384615384615,-0.4133258027208001,0.4133258027208001,,0.0476923076923077,0.12692267123802492,,,
story_v2,eval,11,0.3929,0.5776923076923077,0.22966738322277963,-0.09364853579266091,offdiag_pooled,0.35384615384615387,23,0,65,0.6461538461538461,-0.39220434011592314,0.39220434011592314,,0.06846153846153835,0.1625369568931435,,,
story_v2,eval,12,0.4286,0.6100000000000001,0.2605982589729147,-0.08756528779977658,offdiag_pooled,0.38461538461538464,25,0,65,0.6153846153846154,-0.3661634990190665,0.3661634990190665,0.75,0.005384615384615321,0.10556524004615175,,,
story_v2,eval,13,0.4643,0.5815384615384616,0.2041007271497771,-0.11319800902832895,offdiag_pooled,0.36923076923076925,24,0,65,0.6307692307692307,-0.48629054119609266,0.48629054119609266,0.75,0.04923076923076919,0.2821898140463156,,,
story_v2,eval,14,0.5,0.6046153846153846,0.23956839573526315,-0.05260947512943122,offdiag_pooled,0.3076923076923077,20,0,65,0.6923076923076923,-0.46535342791597817,0.46535342791597817,,0.08769230769230774,0.22578503218071502,,,
story_v2,eval,15,0.5357,0.5946153846153845,0.24004819400364283,-0.07696113471488121,offdiag_pooled,0.2923076923076923,19,0,65,0.7076923076923076,-0.4735956692016199,0.4735956692016199,,0.11307692307692307,0.23354747519797706,,,
story_v2,eval,16,0.5714,0.6169230769230769,0.28429686843321067,-0.07179700712913394,offdiag_pooled,0.2923076923076923,19,0,65,0.7076923076923076,-0.4613448242302023,0.4613448242302023,,0.09076923076923071,0.17704795579699162,,,
story_v2,eval,17,0.6071,0.593076923076923,0.2130271557833042,-0.07093829667475986,offdiag_pooled,0.35384615384615387,23,0,65,0.6461538461538461,-0.31487934482605945,0.31487934482605945,,0.05307692307692313,0.10185218904275525,,,
story_v2,eval,18,0.6429,0.6069230769230769,0.26888373334254545,-0.0431607944387659,offdiag_pooled,0.38461538461538464,25,0,65,0.6153846153846154,-0.11663357401426251,0.11663357401426251,0.75,0.00846153846153852,-0.15225015932828295,,,
story_v2,eval,19,0.6786,0.6061538461538462,0.2496507436679622,-0.01126223403729751,offdiag_pooled,0.5076923076923077,33,0,65,0.5076923076923077,0.05413512066588123,0.05413512066588123,0.65,-0.09846153846153849,-0.19551562300208097,,,
story_v2,eval,20,0.7143,0.5930769230769231,0.2501559897571346,-0.009117829306600099,offdiag_pooled,0.49230769230769234,32,0,65,0.5076923076923077,0.059667901674321816,0.059667901674321816,0.65,-0.08538461538461539,-0.19048808808281278,,,
story_v2,eval,21,0.75,0.6138461538461538,0.24659184543515483,0.021072148878485922,offdiag_pooled,0.5538461538461539,36,0,65,0.5538461538461539,0.17699607166934167,0.17699607166934167,0.7,-0.05999999999999994,-0.06959577376581316,,,
story_v2,eval,22,0.7857,0.5853846153846154,0.1950788147585029,-0.002909258191792225,offdiag_pooled,0.49230769230769234,32,0,65,0.5076923076923077,0.05172985460563282,0.05172985460563282,0.65,-0.07769230769230773,-0.14334896015287008,,,
story_v2,eval,23,0.8214,0.5923076923076922,0.20430655967132277,-0.023792355063844195,offdiag_pooled,0.4461538461538462,29,0,65,0.5538461538461539,-0.10066086947621987,0.10066086947621987,0.7,-0.038461538461538325,-0.1036456901951029,,,
story_v2,eval,24,0.8571,0.5999999999999999,0.21881681600062586,-0.012978869710081947,offdiag_pooled,0.5230769230769231,34,0,65,0.5230769230769231,-0.06426751928697232,0.06426751928697232,0.65,-0.07692307692307676,-0.15454929671365353,,,
story_v2,eval,25,0.8929,0.5930769230769231,0.20531598890345984,-0.046285380230153134,offdiag_pooled,0.4307692307692308,28,0,65,0.5692307692307692,-0.2681160751707032,0.2681160751707032,0.7,-0.02384615384615385,0.06280008626724334,,,
story_v2,eval,26,0.9286,0.5838461538461537,0.2459807072844944,-0.048673227571466755,offdiag_pooled,0.4,26,0,65,0.6,-0.3175713599337148,0.3175713599337148,0.75,0.016153846153846296,0.07159065264922043,,,
story_v2,eval,27,0.9643,0.5815384615384614,0.2144207126584517,-0.05808943841427594,offdiag_pooled,0.4,26,0,65,0.6,-0.3821970766357177,0.3821970766357177,0.75,0.01846153846153853,0.16777636397726603,,,
story_v2,eval,28,1.0,0.5723076923076922,0.2221698038489593,-0.18033796530462085,offdiag_pooled,0.26153846153846155,17,0,65,0.7384615384615385,-0.5682102863818057,0.5682102863818057,,0.16615384615384632,0.3460404825328464,,,
story_v2,harm,0,0.0,0.5,nan,0.0,offdiag_pooled,0.5,0,65,65,0.5,nan,nan,0.65,0.0,nan,,,
story_v2,harm,1,0.0357,0.5853846153846153,0.16716704499313678,-0.05312800407252969,offdiag_pooled,0.5230769230769231,34,0,65,0.5230769230769231,-0.06982809052972312,0.06982809052972312,0.65,-0.062307692307692175,-0.09733895446341366,,,
story_v2,harm,2,0.0714,0.5946153846153844,0.22626249170757579,-0.1027151272809406,offdiag_pooled,0.4461538461538462,29,0,65,0.5538461538461539,-0.1935588411968953,0.1935588411968953,0.7,-0.04076923076923056,-0.0327036505106805,,,
story_v2,harm,3,0.1071,0.5784615384615385,0.19532994866152223,-0.03904483841234001,offdiag_pooled,0.5076923076923077,33,0,65,0.5076923076923077,-0.045929633935193545,0.045929633935193545,0.65,-0.0707692307692308,-0.1494003147263287,,,
story_v2,harm,4,0.1429,0.5938461538461539,0.2012416342849141,-0.034486824993733275,offdiag_pooled,0.47692307692307695,31,0,65,0.523076923076923,-0.04641030030005272,0.04641030030005272,0.65,-0.07076923076923092,-0.15483133398486137,,,
story_v2,harm,5,0.1786,0.5884615384615384,0.17773030697984438,-0.010187934149690481,offdiag_pooled,0.5230769230769231,34,0,65,0.5230769230769231,0.013870610998602676,0.013870610998602676,0.65,-0.06538461538461526,-0.1638596959812417,,,
story_v2,harm,6,0.2143,0.5700000000000001,0.20208001051341115,-0.0965589449992423,offdiag_pooled,0.4,26,0,65,0.6,-0.2053889502730555,0.2053889502730555,0.75,0.029999999999999916,0.003308939759644358,,,
story_v2,harm,7,0.25,0.6061538461538462,0.257147529427101,-0.037043802384643366,offdiag_pooled,0.46153846153846156,30,0,65,0.5384615384615384,-0.05174581450482165,0.05174581450482165,0.7,-0.06769230769230772,-0.20540171492227935,,,
story_v2,harm,8,0.2857,0.5746153846153845,0.19776467826447497,-0.033705787824134505,offdiag_pooled,0.4307692307692308,28,0,65,0.5692307692307692,-0.02032357874915632,0.02032357874915632,0.7,-0.005384615384615321,-0.17744109951531864,,,
story_v2,harm,9,0.3214,0.5869230769230769,0.19255384625866961,0.06911220988237295,offdiag_pooled,0.6615384615384615,43,0,65,0.6615384615384615,0.3057203732279615,0.3057203732279615,,0.07461538461538464,0.11316652696929186,,,
story_v2,harm,10,0.3571,0.6223076923076923,0.2932504580848845,0.01639192465954768,offdiag_pooled,0.6,39,0,65,0.6,0.08030219153178436,0.08030219153178436,0.75,-0.02230769230769236,-0.21294826655310012,,,
story_v2,harm,11,0.3929,0.5938461538461538,0.2151679070339688,0.0595710039988935,offdiag_pooled,0.6153846153846154,40,0,65,0.6153846153846154,0.20598726263605643,0.20598726263605643,0.75,0.021538461538461617,-0.009180644397912358,,,
story_v2,harm,12,0.4286,0.6138461538461539,0.2997438251261246,0.04335570442092139,offdiag_pooled,0.5846153846153846,38,0,65,0.5846153846153846,0.13703815428789923,0.13703815428789923,0.75,-0.029230769230769282,-0.16270567083822535,,,
story_v2,harm,13,0.4643,0.6538461538461536,0.37318431421942094,0.05525323981549788,offdiag_pooled,0.6153846153846154,40,0,65,0.6153846153846154,0.18380318011406255,0.18380318011406255,0.75,-0.038461538461538214,-0.1893811341053584,,,
story_v2,harm,14,0.5,0.6715384615384614,0.4200718195484012,0.10621055160562477,offdiag_pooled,0.7384615384615385,48,0,65,0.7384615384615385,0.5737216736175734,0.5737216736175734,,0.06692307692307708,0.1536498540691722,,,
story_v2,harm,15,0.5357,0.6600000000000001,0.4508031549637169,0.03772858091772784,offdiag_pooled,0.5692307692307692,37,0,65,0.5692307692307692,0.22236172111760186,0.22236172111760186,0.7,-0.09076923076923094,-0.22844143384611507,,,
story_v2,harm,16,0.5714,0.7115384615384617,0.5755070280251348,0.00851236516090874,offdiag_pooled,0.49230769230769234,32,0,65,0.5076923076923077,0.04811463567707009,0.04811463567707009,0.65,-0.203846153846154,-0.5273923923480647,,,
story_v2,harm,17,0.6071,0.6723076923076923,0.460481281770729,0.0042985733168444526,offdiag_pooled,0.49230769230769234,32,0,65,0.5076923076923077,0.020612473463398402,0.020612473463398402,0.65,-0.1646153846153846,-0.4398688083073306,,,
story_v2,harm,18,0.6429,0.7007692307692307,0.5431816744904787,0.005080368010198041,offdiag_pooled,0.5230769230769231,34,0,65,0.5230769230769231,0.02478633508174362,0.02478633508174362,0.65,-0.1776923076923076,-0.5183953394087351,,,
story_v2,harm,19,0.6786,0.7423076923076923,0.6986011260407227,0.08602531762286743,offdiag_pooled,0.7846153846153846,51,0,65,0.7846153846153846,0.7430727149211311,0.7430727149211311,,0.04230769230769227,0.044471588880408475,,,
story_v2,harm,20,0.7143,0.7707692307692308,0.8614879118114491,0.07544817713279779,offdiag_pooled,0.8,52,0,65,0.8,0.699231008951433,0.699231008951433,,0.029230769230769282,-0.16225690286001615,,,
story_v2,harm,21,0.75,0.7192307692307692,0.6209806173873778,0.09358582364479211,offdiag_pooled,0.8461538461538461,55,0,65,0.8461538461538461,0.9853910099338676,0.9853910099338676,,0.12692307692307692,0.3644103925464899,,,
story_v2,harm,22,0.7857,0.736923076923077,0.7056459911620554,0.04158941888956998,offdiag_pooled,0.676923076923077,44,0,65,0.676923076923077,0.4993068520357985,0.4993068520357985,,-0.06000000000000005,-0.2063391391262569,,,
story_v2,harm,23,0.8214,0.7215384615384616,0.6201187510094819,0.06148171095983167,offdiag_pooled,0.7538461538461538,49,0,65,0.7538461538461538,0.7812262378696917,0.7812262378696917,,0.03230769230769226,0.16110748686020981,,,
story_v2,harm,24,0.8571,0.7869230769230768,0.8803537421667533,0.0704071940808646,offdiag_pooled,0.7846153846153846,51,0,65,0.7846153846153846,0.9610727808097238,0.9610727808097238,,-0.002307692307692233,0.08071903864297048,,,
story_v2,harm,25,0.8929,0.7223076923076922,0.6320508398157907,0.08261721030983799,offdiag_pooled,0.8615384615384616,56,0,65,0.8615384615384616,1.1235479076885138,1.1235479076885138,,0.13923076923076938,0.49149706787272307,,,
story_v2,harm,26,0.9286,0.7553846153846154,0.7931988699443677,0.0770325070008457,offdiag_pooled,0.8307692307692308,54,0,65,0.8307692307692308,1.0944500379079236,1.0944500379079236,,0.07538461538461538,0.3012511679635559,,,
story_v2,harm,27,0.9643,0.7192307692307693,0.6564133962755133,0.07107335279717612,offdiag_pooled,0.8307692307692308,54,0,65,0.8307692307692308,1.0254970716368035,1.0254970716368035,,0.11153846153846148,0.36908367536129016,,,
story_v2,harm,28,1.0,0.7153846153846153,0.6429098517728853,0.14778577299130932,offdiag_pooled,0.8461538461538461,55,0,65,0.8461538461538461,1.0285604988304415,1.0285604988304415,,0.13076923076923086,0.38565064705755625,,,
story_v2,length,0,0.0,0.5,nan,0.0,offdiag_pooled,0.5,0,30,30,0.5,nan,nan,0.7,0.0,nan,,,
story_v2,length,1,0.0357,0.8866666666666667,1.7699177930689356,-0.05723849121974821,offdiag_pooled,0.23333333333333334,7,0,30,0.7666666666666666,-0.7263198786797901,0.7263198786797901,,-0.1200000000000001,-1.0435979143891454,,,
story_v2,length,2,0.0714,0.835,1.7170424658830794,-0.20778139518365243,offdiag_pooled,0.0,0,0,30,1.0,-2.068194053641384,2.068194053641384,,0.16500000000000004,0.35115158775830446,,,
story_v2,length,3,0.1071,0.8949999999999999,1.6991317191277737,-0.23474521934422624,offdiag_pooled,0.13333333333333333,4,0,30,0.8666666666666667,-1.4266033672631695,1.4266033672631695,,-0.02833333333333321,-0.2725283518646042,,,
story_v2,length,4,0.1429,0.8383333333333335,1.5060197920143452,-0.25591385039767606,offdiag_pooled,0.06666666666666667,2,0,30,0.9333333333333333,-1.6462231386860382,1.6462231386860382,,0.09499999999999986,0.14020334667169299,,,
story_v2,length,5,0.1786,0.775,1.0325434916909215,-0.14710606367119322,offdiag_pooled,0.3333333333333333,10,0,30,0.6666666666666667,-0.7933375387849275,0.7933375387849275,,-0.10833333333333328,-0.239205952905994,,,
story_v2,length,6,0.2143,0.8300000000000001,1.5999118430098556,-0.1833904766922957,offdiag_pooled,0.16666666666666666,5,0,30,0.8333333333333334,-1.3130496647143584,1.3130496647143584,,0.0033333333333332993,-0.2868621782954972,,,
story_v2,length,7,0.25,0.8133333333333335,1.523519694603895,-0.12269570527371156,offdiag_pooled,0.3333333333333333,10,0,30,0.6666666666666667,-0.7788759968066239,0.7788759968066239,,-0.14666666666666672,-0.744643697797271,,,
story_v2,length,8,0.2857,0.8266666666666665,1.397438261269001,-0.14422166616090243,offdiag_pooled,0.3,9,0,30,0.7,-0.879522254407149,0.879522254407149,,-0.1266666666666666,-0.517916006861852,,,
story_v2,length,9,0.3214,0.7933333333333333,1.1882364400211085,-0.12227086856370117,offdiag_pooled,0.3,9,0,30,0.7,-0.9079376744000837,0.9079376744000837,,-0.09333333333333338,-0.28029876562102485,,,
story_v2,length,10,0.3571,0.77,0.9562565650492008,-0.11500684137396172,offdiag_pooled,0.16666666666666666,5,0,30,0.8333333333333334,-0.9324786856947953,0.9324786856947953,,0.06333333333333335,-0.02377787935440545,,,
story_v2,length,11,0.3929,0.7533333333333333,0.799243551909433,-0.10576244514687443,offdiag_pooled,0.2,6,0,30,0.8,-0.8861467999499484,0.8861467999499484,,0.046666666666666745,0.08690324804051541,,,
story_v2,length,12,0.4286,0.82,1.2625738700830675,-0.11712583879273161,offdiag_pooled,0.13333333333333333,4,0,30,0.8666666666666667,-0.9973067817961712,0.9973067817961712,,0.046666666666666745,-0.2652670882868964,,,
story_v2,length,13,0.4643,0.79,1.0177602620635955,-0.1575917670999718,offdiag_pooled,0.03333333333333333,1,0,30,0.9666666666666667,-1.4376356800736376,1.4376356800736376,,0.17666666666666664,0.41987541801004213,,,
story_v2,length,14,0.5,0.8400000000000001,1.2846215484478845,-0.12011098173519931,offdiag_pooled,0.13333333333333333,4,0,30,0.8666666666666667,-1.0044075355831872,1.0044075355831872,,0.026666666666666616,-0.28021401286469727,,,
story_v2,length,15,0.5357,0.7466666666666666,0.8351926653873528,-0.14005157050454972,offdiag_pooled,0.1,3,0,30,0.9,-1.1650508369219792,1.1650508369219792,,0.15333333333333343,0.3298581715346264,,,
story_v2,length,16,0.5714,0.7866666666666667,1.00876948455192,-0.1085403634461222,offdiag_pooled,0.2,6,0,30,0.8,-0.9880455474646338,0.9880455474646338,,0.013333333333333308,-0.02072393708728615,,,
story_v2,length,17,0.6071,0.7683333333333333,0.860034196867103,-0.07165477207488029,offdiag_pooled,0.23333333333333334,7,0,30,0.7666666666666666,-0.7094949866035474,0.7094949866035474,,-0.0016666666666667052,-0.15053921026355566,,,
story_v2,length,18,0.6429,0.7716666666666666,0.9167452859655902,-0.057410839118252524,offdiag_pooled,0.3333333333333333,10,0,30,0.6666666666666667,-0.5913342043611373,0.5913342043611373,,-0.10499999999999987,-0.325411081604453,,,
story_v2,length,19,0.6786,0.7233333333333333,0.7421707325203125,-0.05536736231923303,offdiag_pooled,0.3333333333333333,10,0,30,0.6666666666666667,-0.5263353658930549,0.5263353658930549,,-0.05666666666666653,-0.21583536662725766,,,
story_v2,length,20,0.7143,0.7166666666666667,0.7249046379791965,0.01324684341984529,offdiag_pooled,0.5,15,0,30,0.5,0.002517772855504,0.002517772855504,0.7,-0.21666666666666667,-0.7223868651236924,,,
story_v2,length,21,0.75,0.7466666666666668,0.8397248509345033,-0.02625338023284505,offdiag_pooled,0.3333333333333333,10,0,30,0.6666666666666667,-0.2972707790836507,0.2972707790836507,,-0.08000000000000007,-0.5424540718508526,,,
story_v2,length,22,0.7857,0.6783333333333333,0.5291451335980156,-0.012864372788597669,offdiag_pooled,0.3333333333333333,10,0,30,0.6666666666666667,-0.17595519700087367,0.17595519700087367,,-0.011666666666666603,-0.35318993659714193,,,
story_v2,length,23,0.8214,0.6833333333333333,0.5071363382641356,-0.03066189563702394,offdiag_pooled,0.3333333333333333,10,0,30,0.6666666666666667,-0.34893951100104276,0.34893951100104276,,-0.016666666666666607,-0.15819682726309287,,,
story_v2,length,24,0.8571,0.6833333333333333,0.5598197852704454,-0.030153271714202217,offdiag_pooled,0.3,9,0,30,0.7,-0.33427584744669264,0.33427584744669264,,0.016666666666666607,-0.22554393782375276,,,
story_v2,length,25,0.8929,0.6866666666666665,0.4629620743495436,-0.055102698764521604,offdiag_pooled,0.2,6,0,30,0.8,-0.6468226807663843,0.6468226807663843,,0.11333333333333351,0.18386060641684066,,,
story_v2,length,26,0.9286,0.6866666666666665,0.5454551193977047,-0.04298915835917561,offdiag_pooled,0.23333333333333334,7,0,30,0.7666666666666666,-0.5549928313645351,0.5549928313645351,,0.08000000000000007,0.009537711966830398,,,
story_v2,length,27,0.9643,0.7116666666666667,0.5827346283111524,-0.06371336495044694,offdiag_pooled,0.13333333333333333,4,0,30,0.8666666666666667,-0.8615601040751585,0.8615601040751585,,0.15500000000000003,0.27882547576400607,,,
story_v2,length,28,1.0,0.6883333333333332,0.5275695659325285,-0.1181460975974909,offdiag_pooled,0.1,3,0,30,0.9,-0.8661850550397305,0.8661850550397305,,0.21166666666666678,0.3386154891072021,,,
story_v2,persona,0,0.0,0.5,nan,0.0,offdiag_pooled,0.5,0,65,65,0.5,nan,nan,0.65,0.0,nan,,,
story_v2,persona,1,0.0357,0.7253846153846153,0.7268106252842956,0.05102133549949911,offdiag_pooled,0.5538461538461539,36,0,65,0.5538461538461539,0.17220366460531114,0.17220366460531114,0.7,-0.17153846153846142,-0.5546069606789845,,,
story_v2,persona,2,0.0714,0.7184615384615384,0.6518985262601529,0.035938527044508055,offdiag_pooled,0.5076923076923077,33,0,65,0.5076923076923077,0.14256521772610864,0.14256521772610864,0.65,-0.2107692307692307,-0.5093333085340442,,,
story_v2,persona,3,0.1071,0.74,0.7097658227547379,0.0013437096468784657,offdiag_pooled,0.4461538461538462,29,0,65,0.5538461538461539,-0.06413931596402091,0.06413931596402091,0.7,-0.18615384615384611,-0.645626506790717,,,
story_v2,persona,4,0.1429,0.7161538461538461,0.6628882766166957,0.021858481843348643,offdiag_pooled,0.5538461538461539,36,0,65,0.5538461538461539,0.08433923218582966,0.08433923218582966,0.7,-0.16230769230769226,-0.5785490444308661,,,
story_v2,persona,5,0.1786,0.7246153846153847,0.6945826847592765,0.05232431153412333,offdiag_pooled,0.6307692307692307,41,0,65,0.6307692307692307,0.3459742408204697,0.3459742408204697,0.75,-0.09384615384615391,-0.34860844393880686,,,
story_v2,persona,6,0.2143,0.7076923076923077,0.6177077442969753,-0.06673296553068224,offdiag_pooled,0.18461538461538463,12,0,65,0.8153846153846154,-0.7144326794814431,0.7144326794814431,,0.10769230769230764,0.09672493518446779,,,
story_v2,persona,7,0.25,0.8353846153846154,1.1389426591177314,-0.06600629650349664,offdiag_pooled,0.24615384615384617,16,0,65,0.7538461538461538,-0.806722517202159,0.806722517202159,,-0.08153846153846156,-0.33222014191557236,,,
story_v2,persona,8,0.2857,0.7884615384615385,0.856518791851015,-0.06911594507633555,offdiag_pooled,0.26153846153846155,17,0,65,0.7384615384615385,-0.7897466121348803,0.7897466121348803,,-0.050000000000000044,-0.0667721797161347,,,
story_v2,persona,9,0.3214,0.7223076923076923,0.7527826303203708,-0.044406994785760344,offdiag_pooled,0.27692307692307694,18,0,65,0.7230769230769231,-0.6369757801438537,0.6369757801438537,,0.0007692307692307443,-0.11580685017651715,,,
story_v2,persona,10,0.3571,0.7507692307692307,0.7554140408021404,-0.08612122020683038,offdiag_pooled,0.18461538461538463,12,0,65,0.8153846153846154,-1.084801250899845,1.084801250899845,,0.06461538461538463,0.32938721009770466,,,
story_v2,persona,11,0.3929,0.7692307692307693,0.8452680671482244,-0.06858358028207104,offdiag_pooled,0.2153846153846154,14,0,65,0.7846153846153846,-0.8677542671014725,0.8677542671014725,,0.01538461538461533,0.022486199953248076,,,
story_v2,persona,12,0.4286,0.7107692307692306,0.7203161520918497,-0.06972925479896513,offdiag_pooled,0.15384615384615385,10,0,65,0.8461538461538461,-0.9468003802992597,0.9468003802992597,,0.13538461538461555,0.22648422820741,,,
story_v2,persona,13,0.4643,0.766923076923077,0.782620060136764,-0.02449183301256099,offdiag_pooled,0.38461538461538464,25,0,65,0.6153846153846154,-0.3748225255618052,0.3748225255618052,0.75,-0.15153846153846162,-0.4077975345749588,,,
story_v2,persona,14,0.5,0.7553846153846153,0.8400252987697983,0.04263913296677881,offdiag_pooled,0.6,39,0,65,0.6,0.23941835128641994,0.23941835128641994,0.75,-0.15538461538461534,-0.6006069474833783,,,
story_v2,persona,15,0.5357,0.6776923076923076,0.48407647370183177,0.07269499578791146,offdiag_pooled,0.6615384615384615,43,0,65,0.6615384615384615,0.39381030334227457,0.39381030334227457,,-0.016153846153846074,-0.0902661703595572,,,
story_v2,persona,16,0.5714,0.6907692307692308,0.5182441994392748,0.09241817792965458,offdiag_pooled,0.7076923076923077,46,0,65,0.7076923076923077,0.6135334176601333,0.6135334176601333,,0.01692307692307693,0.09528921822085845,,,
story_v2,persona,17,0.6071,0.7238461538461538,0.6093879311087071,0.10669032371641766,offdiag_pooled,0.7692307692307693,50,0,65,0.7692307692307693,0.6988188587813752,0.6988188587813752,,0.04538461538461547,0.08943092767266803,,,
story_v2,persona,18,0.6429,0.6815384615384615,0.43567421123967265,0.12672723678636114,offdiag_pooled,0.7846153846153846,51,0,65,0.7846153846153846,0.8445436177270847,0.8445436177270847,,0.10307692307692307,0.4088694064874121,,,
story_v2,persona,19,0.6786,0.7176923076923077,0.5818403372359958,0.12520006428653324,offdiag_pooled,0.7692307692307693,50,0,65,0.7692307692307693,0.7640415918438225,0.7640415918438225,,0.05153846153846153,0.18220125460782666,,,
story_v2,persona,20,0.7143,0.6461538461538461,0.40562375612802126,0.18940526926188841,offdiag_pooled,0.7846153846153846,51,0,65,0.7846153846153846,0.9131690183398828,0.9131690183398828,,0.13846153846153852,0.5075452622118616,,,
story_v2,persona,21,0.75,0.6892307692307691,0.4954590051316172,0.17266372995973414,offdiag_pooled,0.8153846153846154,53,0,65,0.8153846153846154,0.797290869003446,0.797290869003446,,0.12615384615384628,0.3018318638718288,,,
story_v2,persona,22,0.7857,0.673076923076923,0.42488184401278034,0.17888934975352364,offdiag_pooled,0.7846153846153846,51,0,65,0.7846153846153846,0.8488056247500222,0.8488056247500222,,0.11153846153846159,0.42392378073724185,,,
story_v2,persona,23,0.8214,0.6299999999999999,0.31744333688074233,0.15878064020433746,offdiag_pooled,0.7692307692307693,50,0,65,0.7692307692307693,0.7654535767962097,0.7654535767962097,,0.13923076923076938,0.4480102399154674,,,
story_v2,persona,24,0.8571,0.6307692307692306,0.3481248447658926,0.14612197826141712,offdiag_pooled,0.7076923076923077,46,0,65,0.7076923076923077,0.7167331516233488,0.7167331516233488,,0.0769230769230771,0.3686083068574562,,,
story_v2,persona,25,0.8929,0.6292307692307691,0.3194497788051145,0.14792269500530403,offdiag_pooled,0.7384615384615385,48,0,65,0.7384615384615385,0.7215455863221689,0.7215455863221689,,0.10923076923076935,0.4020958075170544,,,
story_v2,persona,26,0.9286,0.6838461538461539,0.49260475899286105,0.14855795776788197,offdiag_pooled,0.8153846153846154,53,0,65,0.8153846153846154,0.8420780844124965,0.8420780844124965,,0.1315384615384615,0.3494733254196355,,,
story_v2,persona,27,0.9643,0.6469230769230769,0.36553629966772067,0.1572118027195904,offdiag_pooled,0.8,52,0,65,0.8,0.8132408630099828,0.8132408630099828,,0.1530769230769231,0.4477045633422621,,,
story_v2,persona,28,1.0,0.6438461538461537,0.3489158755267966,0.2051065262319611,offdiag_pooled,0.7230769230769231,47,0,65,0.7230769230769231,0.5827796941553093,0.5827796941553093,,0.07923076923076933,0.2338638186285127,,,
story_v2,story_v1,0,0.0,0.5,nan,0.0,offdiag_pooled,0.5,0,65,65,0.5,nan,nan,0.65,0.0,nan,,,
story_v2,story_v1,1,0.0357,0.6876923076923076,0.5108093988657897,0.7140373363629411,offdiag_pooled,1.0,65,0,65,1.0,3.1579412767490385,3.1579412767490385,,0.3123076923076924,2.6471318778832487,,,
story_v2,story_v1,2,0.0714,0.7276923076923077,0.6121797593599403,0.746357436907909,offdiag_pooled,1.0,65,0,65,1.0,3.4227899687521908,3.4227899687521908,,0.27230769230769225,2.8106102093922507,,,
story_v2,story_v1,3,0.1071,0.7261538461538463,0.6130633475724798,0.7319770283963222,offdiag_pooled,1.0,65,0,65,1.0,3.864841215055483,3.864841215055483,,0.27384615384615374,3.2517778674830033,,,
story_v2,story_v1,4,0.1429,0.7246153846153847,0.7002472899068157,0.7724515611281587,offdiag_pooled,1.0,65,0,65,1.0,3.9747373600550895,3.9747373600550895,,0.27538461538461534,3.274490070148274,,,
story_v2,story_v1,5,0.1786,0.7538461538461538,0.7612007902914513,0.7556397719843762,offdiag_pooled,1.0,65,0,65,1.0,4.499127291777719,4.499127291777719,,0.24615384615384617,3.7379265014862675,,,
story_v2,story_v1,6,0.2143,0.683076923076923,0.6070100366220174,0.7022191542261951,offdiag_pooled,1.0,65,0,65,1.0,4.14708163036296,4.14708163036296,,0.316923076923077,3.540071593740943,,,
story_v2,story_v1,7,0.25,0.7461538461538464,0.7302443924126771,0.7267754698731685,offdiag_pooled,1.0,65,0,65,1.0,4.45367345013559,4.45367345013559,,0.2538461538461536,3.723429057722913,,,
story_v2,story_v1,8,0.2857,0.7299999999999999,0.7606692661985643,0.7155010096273634,offdiag_pooled,1.0,65,0,65,1.0,4.644789909849281,4.644789909849281,,0.27000000000000013,3.884120643650716,,,
story_v2,story_v1,9,0.3214,0.723076923076923,0.7080208741107541,0.7447803774325584,offdiag_pooled,1.0,65,0,65,1.0,4.696889385574192,4.696889385574192,,0.27692307692307705,3.988868511463438,,,
story_v2,story_v1,10,0.3571,0.7769230769230768,0.9619635964206031,0.7240268699685448,offdiag_pooled,1.0,65,0,65,1.0,4.188450180059925,4.188450180059925,,0.22307692307692317,3.2264865836393217,,,
story_v2,story_v1,11,0.3929,0.7046153846153846,0.5392546032163986,0.7309285152084705,offdiag_pooled,1.0,65,0,65,1.0,4.010861616977342,4.010861616977342,,0.29538461538461536,3.4716070137609436,,,
story_v2,story_v1,12,0.4286,0.7892307692307693,0.8366885333001173,0.720743884011291,offdiag_pooled,1.0,65,0,65,1.0,4.140751702020517,4.140751702020517,,0.2107692307692307,3.3040631687203996,,,
story_v2,story_v1,13,0.4643,0.7384615384615385,0.7246148547519948,0.7197057256663603,offdiag_pooled,1.0,65,0,65,1.0,4.05955223526172,4.05955223526172,,0.2615384615384615,3.3349373805097255,,,
story_v2,story_v1,14,0.5,0.7607692307692309,0.8441455430551464,0.8124866978969294,offdiag_pooled,1.0,65,0,65,1.0,4.756387362675551,4.756387362675551,,0.23923076923076914,3.9122418196204047,,,
story_v2,story_v1,15,0.5357,0.7661538461538462,0.8861020929946448,0.8162218638447578,offdiag_pooled,1.0,65,0,65,1.0,5.15711169951734,5.15711169951734,,0.23384615384615381,4.271009606522695,,,
story_v2,story_v1,16,0.5714,0.7746153846153846,0.8500198338345113,0.8313288413392199,offdiag_pooled,1.0,65,0,65,1.0,5.549191101205017,5.549191101205017,,0.2253846153846154,4.699171267370506,,,
story_v2,story_v1,17,0.6071,0.7976923076923078,1.0815822796944983,0.8095115968761162,offdiag_pooled,1.0,65,0,65,1.0,5.56990674201741,5.56990674201741,,0.2023076923076922,4.488324462322911,,,
story_v2,story_v1,18,0.6429,0.8007692307692308,1.0724392054042213,0.8099962816001015,offdiag_pooled,1.0,65,0,65,1.0,5.589531454378965,5.589531454378965,,0.1992307692307692,4.517092248974743,,,
story_v2,story_v1,19,0.6786,0.6823076923076923,0.5151902314370502,0.7591570678268373,offdiag_pooled,1.0,65,0,65,1.0,5.200769800589133,5.200769800589133,,0.3176923076923077,4.6855795691520825,,,
story_v2,story_v1,20,0.7143,0.8253846153846153,1.1067989561287077,0.7538605373846922,offdiag_pooled,1.0,65,0,65,1.0,5.3098577045110735,5.3098577045110735,,0.17461538461538473,4.203058748382366,,,
story_v2,story_v1,21,0.75,0.7976923076923077,0.9161631591466282,0.7432635841792364,offdiag_pooled,1.0,65,0,65,1.0,5.0134751176108825,5.0134751176108825,,0.2023076923076923,4.097311958464254,,,
story_v2,story_v1,22,0.7857,0.7707692307692308,0.7947662905430308,0.7220380039922556,offdiag_pooled,1.0,65,0,65,1.0,5.1120137505351435,5.1120137505351435,,0.22923076923076924,4.317247459992113,,,
story_v2,story_v1,23,0.8214,0.7261538461538461,0.6394327416798138,0.720175798584159,offdiag_pooled,1.0,65,0,65,1.0,5.083803057599171,5.083803057599171,,0.27384615384615385,4.4443703159193575,,,
story_v2,story_v1,24,0.8571,0.7623076923076922,0.7233329381662229,0.713876290886456,offdiag_pooled,1.0,65,0,65,1.0,5.152464486333216,5.152464486333216,,0.23769230769230776,4.429131548166993,,,
story_v2,story_v1,25,0.8929,0.6892307692307692,0.5394018255754789,0.7150238708221739,offdiag_pooled,1.0,65,0,65,1.0,4.908709763216344,4.908709763216344,,0.3107692307692308,4.3693079376408654,,,
story_v2,story_v1,26,0.9286,0.7107692307692307,0.6668949374105457,0.6903334951723314,offdiag_pooled,1.0,65,0,65,1.0,4.819751579874694,4.819751579874694,,0.2892307692307693,4.152856642464148,,,
story_v2,story_v1,27,0.9643,0.7507692307692307,0.735980416793519,0.6772244663836527,offdiag_pooled,1.0,65,0,65,1.0,4.600725320478421,4.600725320478421,,0.24923076923076926,3.8647449036849024,,,
story_v2,story_v1,28,1.0,0.7307692307692307,0.713205914046493,0.7188864823401688,offdiag_pooled,1.0,65,0,65,1.0,4.548204027413106,4.548204027413106,,0.2692307692307693,3.8349981133666127,,,
story_v2,story_v2,0,0.0,0.5,nan,0.0,diag_heldout,0.5,0,15,15,0.5,nan,nan,,0.0,nan,,,
story_v2,story_v2,0,0.0,0.5,nan,0.0,diag_lopo,0.5,0,50,50,0.5,nan,nan,,0.0,nan,,,
story_v2,story_v2,1,0.0357,0.6876923076923077,0.502408108181965,1.0,diag_heldout,1.0,15,0,15,1.0,1.9892656798169266,1.9892656798169266,,0.3123076923076923,1.4868575716349617,,,
story_v2,story_v2,1,0.0357,0.6876923076923077,0.502408108181965,1.0,diag_lopo,0.98,49,0,50,0.98,2.865395493719156,2.865395493719156,,0.29230769230769227,2.362987385537191,,,
story_v2,story_v2,2,0.0714,0.6607692307692308,0.36614271128826564,1.0,diag_heldout,1.0,15,0,15,1.0,2.6264056719704834,2.6264056719704834,,0.3392307692307692,2.2602629606822178,,,
story_v2,story_v2,2,0.0714,0.6607692307692308,0.36614271128826564,1.0,diag_lopo,1.0,50,0,50,1.0,3.1072652504074223,3.1072652504074223,,0.3392307692307692,2.7411225391191567,,,
story_v2,story_v2,3,0.1071,0.6646153846153846,0.4326247688168895,1.0,diag_heldout,1.0,15,0,15,1.0,3.855353940448194,3.855353940448194,,0.3353846153846154,3.4227291716313046,,,
story_v2,story_v2,3,0.1071,0.6646153846153846,0.4326247688168895,1.0,diag_lopo,1.0,50,0,50,1.0,3.541337858154976,3.541337858154976,,0.3353846153846154,3.1087130893380865,,,
story_v2,story_v2,4,0.1429,0.7069230769230769,0.5547792561446381,1.0,diag_heldout,1.0,15,0,15,1.0,4.5851858675444985,4.5851858675444985,,0.2930769230769231,4.030406611399861,,,
story_v2,story_v2,4,0.1429,0.7069230769230769,0.5547792561446381,1.0,diag_lopo,1.0,50,0,50,1.0,3.705776903857094,3.705776903857094,,0.2930769230769231,3.1509976477124555,,,
story_v2,story_v2,5,0.1786,0.7015384615384617,0.5716994391412603,0.9999999999999999,diag_heldout,1.0,15,0,15,1.0,4.332615900385185,4.332615900385185,,0.29846153846153833,3.7609164612439243,,,
story_v2,story_v2,5,0.1786,0.7015384615384617,0.5716994391412603,0.9999999999999999,diag_lopo,1.0,50,0,50,1.0,3.5398632712938163,3.5398632712938163,,0.29846153846153833,2.968163832152556,,,
story_v2,story_v2,6,0.2143,0.6815384615384615,0.4865133158813161,0.9999999999999998,diag_heldout,1.0,15,0,15,1.0,4.805739480564753,4.805739480564753,,0.31846153846153846,4.319226164683437,,,
story_v2,story_v2,6,0.2143,0.6815384615384615,0.4865133158813161,0.9999999999999998,diag_lopo,1.0,50,0,50,1.0,3.2825160654674357,3.2825160654674357,,0.31846153846153846,2.7960027495861195,,,
story_v2,story_v2,7,0.25,0.6753846153846155,0.4662591555662834,1.0000000000000002,diag_heldout,1.0,15,0,15,1.0,4.918370637539233,4.918370637539233,,0.32461538461538453,4.45211148197295,,,
story_v2,story_v2,7,0.25,0.6753846153846155,0.4662591555662834,1.0000000000000002,diag_lopo,1.0,50,0,50,1.0,3.284696929073897,3.284696929073897,,0.32461538461538453,2.818437773507614,,,
story_v2,story_v2,8,0.2857,0.7138461538461538,0.6264148728101665,1.0,diag_heldout,1.0,15,0,15,1.0,6.242363883890301,6.242363883890301,,0.2861538461538462,5.615949011080134,,,
story_v2,story_v2,8,0.2857,0.7138461538461538,0.6264148728101665,1.0,diag_lopo,1.0,50,0,50,1.0,3.472875682317731,3.472875682317731,,0.2861538461538462,2.8464608095075645,,,
story_v2,story_v2,9,0.3214,0.7207692307692307,0.6146935279127075,1.0,diag_heldout,1.0,15,0,15,1.0,8.152604429087711,8.152604429087711,,0.2792307692307693,7.537910901175004,,,
story_v2,story_v2,9,0.3214,0.7207692307692307,0.6146935279127075,1.0,diag_lopo,1.0,50,0,50,1.0,3.752424506902905,3.752424506902905,,0.2792307692307693,3.1377309789901977,,,
story_v2,story_v2,10,0.3571,0.8169230769230771,0.963382679778554,1.0000000000000002,diag_heldout,1.0,15,0,15,1.0,8.695117678756862,8.695117678756862,,0.18307692307692292,7.731734998978308,,,
story_v2,story_v2,10,0.3571,0.8169230769230771,0.963382679778554,1.0000000000000002,diag_lopo,1.0,50,0,50,1.0,3.620951652019617,3.620951652019617,,0.18307692307692292,2.657568972241063,,,
story_v2,story_v2,11,0.3929,0.7030769230769232,0.6267029125711303,1.0,diag_heldout,1.0,15,0,15,1.0,6.772173793147476,6.772173793147476,,0.29692307692307685,6.145470880576346,,,
story_v2,story_v2,11,0.3929,0.7030769230769232,0.6267029125711303,1.0,diag_lopo,1.0,50,0,50,1.0,3.3266850470879534,3.3266850470879534,,0.29692307692307685,2.699982134516823,,,
story_v2,story_v2,12,0.4286,0.7538461538461539,0.7701271874044429,1.0000000000000002,diag_heldout,1.0,15,0,15,1.0,6.569353509008356,6.569353509008356,,0.24615384615384606,5.799226321603913,,,
story_v2,story_v2,12,0.4286,0.7538461538461539,0.7701271874044429,1.0000000000000002,diag_lopo,1.0,50,0,50,1.0,3.403116955004315,3.403116955004315,,0.24615384615384606,2.632989767599872,,,
story_v2,story_v2,13,0.4643,0.7453846153846154,0.7256505334315468,1.0,diag_heldout,1.0,15,0,15,1.0,6.304630764474315,6.304630764474315,,0.2546153846153846,5.5789802310427685,,,
story_v2,story_v2,13,0.4643,0.7453846153846154,0.7256505334315468,1.0,diag_lopo,1.0,50,0,50,1.0,3.298775878155635,3.298775878155635,,0.2546153846153846,2.573125344724088,,,
story_v2,story_v2,14,0.5,0.7892307692307692,0.947952136748131,1.0,diag_heldout,1.0,15,0,15,1.0,5.1604340361729575,5.1604340361729575,,0.21076923076923082,4.2124818994248265,,,
story_v2,story_v2,14,0.5,0.7892307692307692,0.947952136748131,1.0,diag_lopo,1.0,50,0,50,1.0,3.872171357686525,3.872171357686525,,0.21076923076923082,2.924219220938394,,,
story_v2,story_v2,15,0.5357,0.7676923076923077,0.8423376093681396,1.0,diag_heldout,1.0,15,0,15,1.0,4.98063835246192,4.98063835246192,,0.23230769230769233,4.13830074309378,,,
story_v2,story_v2,15,0.5357,0.7676923076923077,0.8423376093681396,1.0,diag_lopo,1.0,50,0,50,1.0,3.8859000039714457,3.8859000039714457,,0.23230769230769233,3.043562394603306,,,
story_v2,story_v2,16,0.5714,0.7223076923076923,0.7012497338187187,1.0,diag_heldout,1.0,15,0,15,1.0,4.949555621805776,4.949555621805776,,0.2776923076923077,4.248305887987057,,,
story_v2,story_v2,16,0.5714,0.7223076923076923,0.7012497338187187,1.0,diag_lopo,1.0,50,0,50,1.0,3.975948004899228,3.975948004899228,,0.2776923076923077,3.274698271080509,,,
story_v2,story_v2,17,0.6071,0.8038461538461539,1.0904655465549857,1.0000000000000002,diag_heldout,1.0,15,0,15,1.0,5.1458988866927,5.1458988866927,,0.19615384615384612,4.055433340137714,,,
story_v2,story_v2,17,0.6071,0.8038461538461539,1.0904655465549857,1.0000000000000002,diag_lopo,1.0,50,0,50,1.0,4.212245598093237,4.212245598093237,,0.19615384615384612,3.1217800515382517,,,
story_v2,story_v2,18,0.6429,0.7984615384615383,1.1317981046481653,1.0000000000000002,diag_heldout,1.0,15,0,15,1.0,5.319770613609499,5.319770613609499,,0.20153846153846167,4.187972508961334,,,
story_v2,story_v2,18,0.6429,0.7984615384615383,1.1317981046481653,1.0000000000000002,diag_lopo,1.0,50,0,50,1.0,4.242919562068842,4.242919562068842,,0.20153846153846167,3.1111214574206763,,,
story_v2,story_v2,19,0.6786,0.7253846153846154,0.6479538831227616,1.0,diag_heldout,1.0,15,0,15,1.0,6.091834210561079,6.091834210561079,,0.2746153846153846,5.443880327438317,,,
story_v2,story_v2,19,0.6786,0.7253846153846154,0.6479538831227616,1.0,diag_lopo,1.0,50,0,50,1.0,4.623292074726548,4.623292074726548,,0.2746153846153846,3.975338191603786,,,
story_v2,story_v2,20,0.7143,0.7984615384615384,0.9810797591513968,1.0000000000000002,diag_heldout,1.0,15,0,15,1.0,6.326315647829986,6.326315647829986,,0.20153846153846156,5.345235888678589,,,
story_v2,story_v2,20,0.7143,0.7984615384615384,0.9810797591513968,1.0000000000000002,diag_lopo,1.0,50,0,50,1.0,4.738236323534822,4.738236323534822,,0.20153846153846156,3.757156564383425,,,
story_v2,story_v2,21,0.75,0.7861538461538462,0.9802135715587994,1.0000000000000002,diag_heldout,1.0,15,0,15,1.0,6.795647743605307,6.795647743605307,,0.2138461538461538,5.8154341720465075,,,
story_v2,story_v2,21,0.75,0.7861538461538462,0.9802135715587994,1.0000000000000002,diag_lopo,1.0,50,0,50,1.0,4.92982551091144,4.92982551091144,,0.2138461538461538,3.949611939352641,,,
story_v2,story_v2,22,0.7857,0.7938461538461539,0.9158740656008979,0.9999999999999999,diag_heldout,1.0,15,0,15,1.0,7.572999721990107,7.572999721990107,,0.20615384615384613,6.657125656389209,,,
story_v2,story_v2,22,0.7857,0.7938461538461539,0.9158740656008979,0.9999999999999999,diag_lopo,1.0,50,0,50,1.0,4.987616660380725,4.987616660380725,,0.20615384615384613,4.071742594779828,,,
story_v2,story_v2,23,0.8214,0.7423076923076922,0.8357517357633499,0.9999999999999998,diag_heldout,1.0,15,0,15,1.0,6.809133690643063,6.809133690643063,,0.2576923076923078,5.973381954879713,,,
story_v2,story_v2,23,0.8214,0.7423076923076922,0.8357517357633499,0.9999999999999998,diag_lopo,1.0,50,0,50,1.0,5.002710211977864,5.002710211977864,,0.2576923076923078,4.166958476214514,,,
story_v2,story_v2,24,0.8571,0.7792307692307692,0.9209155325364314,1.0000000000000002,diag_heldout,1.0,15,0,15,1.0,6.405209264770089,6.405209264770089,,0.22076923076923083,5.484293732233657,,,
story_v2,story_v2,24,0.8571,0.7792307692307692,0.9209155325364314,1.0000000000000002,diag_lopo,1.0,50,0,50,1.0,4.985996573324294,4.985996573324294,,0.22076923076923083,4.065081040787862,,,
story_v2,story_v2,25,0.8929,0.6923076923076922,0.5130793919392029,1.0,diag_heldout,1.0,15,0,15,1.0,6.139541746401363,6.139541746401363,,0.3076923076923078,5.62646235446216,,,
story_v2,story_v2,25,0.8929,0.6923076923076922,0.5130793919392029,1.0,diag_lopo,1.0,50,0,50,1.0,5.093116012391027,5.093116012391027,,0.3076923076923078,4.580036620451824,,,
story_v2,story_v2,26,0.9286,0.7884615384615385,0.8513048570760136,1.0,diag_heldout,1.0,15,0,15,1.0,6.079348442204855,6.079348442204855,,0.21153846153846145,5.228043585128842,,,
story_v2,story_v2,26,0.9286,0.7884615384615385,0.8513048570760136,1.0,diag_lopo,1.0,50,0,50,1.0,5.09793884573783,5.09793884573783,,0.21153846153846145,4.2466339886618165,,,
story_v2,story_v2,27,0.9643,0.7530769230769232,0.7849825980155922,1.0000000000000002,diag_heldout,1.0,15,0,15,1.0,5.85695141044613,5.85695141044613,,0.2469230769230768,5.071968812430538,,,
story_v2,story_v2,27,0.9643,0.7530769230769232,0.7849825980155922,1.0000000000000002,diag_lopo,1.0,50,0,50,1.0,5.013607360186267,5.013607360186267,,0.2469230769230768,4.228624762170675,,,
story_v2,story_v2,28,1.0,0.7876923076923077,0.914377218963876,1.0,diag_heldout,1.0,15,0,15,1.0,7.474492198178859,7.474492198178859,,0.2123076923076923,6.560114979214982,,,
story_v2,story_v2,28,1.0,0.7876923076923077,0.914377218963876,1.0,diag_lopo,1.0,50,0,50,1.0,5.4178388622162945,5.4178388622162945,,0.2123076923076923,4.503461643252418,,,
random_20260731,story_v2,0,0.0,,,,null_pooled,0.5,,,65,0.5,nan,nan,,,,0.0,20,0.0
random_20260731,story_v2,1,0.0357,,,,null_pooled,0.5692307692307693,,,65,0.6876923076923077,0.18703042728838698,0.502408108181965,,,,0.2178002193160088,20,0.5146849155426025
random_20260731,story_v2,2,0.0714,,,,null_pooled,0.5076923076923079,,,65,0.6607692307692308,-0.01589325501449783,0.36614271128826564,,,,0.1857589413835984,20,0.5078009963035583
random_20260731,story_v2,3,0.1071,,,,null_pooled,0.5046153846153847,,,65,0.6646153846153846,0.006346442656009116,0.4326247688168895,,,,0.19900719013472656,20,0.5230371356010437
random_20260731,story_v2,4,0.1429,,,,null_pooled,0.42384615384615393,,,65,0.7069230769230769,-0.23760898468492986,0.5547792561446381,,,,0.22425210487310634,20,0.568620502948761
random_20260731,story_v2,5,0.1786,,,,null_pooled,0.56,,,65,0.7015384615384617,0.09026054518521616,0.5716994391412603,,,,0.2389325373331345,20,0.5975871682167053
random_20260731,story_v2,6,0.2143,,,,null_pooled,0.5576923076923077,,,65,0.6815384615384615,0.17578799230165063,0.4865133158813161,,,,0.20299071903648358,20,0.5779743194580078
random_20260731,story_v2,7,0.25,,,,null_pooled,0.5138461538461538,,,65,0.6753846153846155,0.04488352312834064,0.4662591555662834,,,,0.2167912425645784,20,0.5926468968391418
random_20260731,story_v2,8,0.2857,,,,null_pooled,0.5084615384615384,,,65,0.7138461538461538,0.06225506781563924,0.6264148728101665,,,,0.2641439638424127,20,0.5996536612510681
random_20260731,story_v2,9,0.3214,,,,null_pooled,0.5176923076923077,,,65,0.7207692307692307,0.10049419118538576,0.6146935279127075,,,,0.2597593692792836,20,0.6427004337310791
random_20260731,story_v2,10,0.3571,,,,null_pooled,0.4938461538461539,,,65,0.8169230769230771,-0.027772586533526898,0.963382679778554,,,,0.34288242703110255,20,0.6484352946281433
random_20260731,story_v2,11,0.3929,,,,null_pooled,0.5561538461538462,,,65,0.7030769230769232,0.1558318462432399,0.6267029125711303,,,,0.23145781209368696,20,0.6659267544746399
random_20260731,story_v2,12,0.4286,,,,null_pooled,0.5576923076923077,,,65,0.7538461538461539,0.16507139533197807,0.7701271874044429,,,,0.2955446175966426,20,0.6638963222503662
random_20260731,story_v2,13,0.4643,,,,null_pooled,0.5684615384615386,,,65,0.7453846153846154,0.18494983108785473,0.7256505334315468,,,,0.2828195890715996,20,0.6718338131904602
random_20260731,story_v2,14,0.5,,,,null_pooled,0.5623076923076923,,,65,0.7892307692307692,0.2313089734080779,0.947952136748131,,,,0.3142013945704995,20,0.7464698553085327
random_20260731,story_v2,15,0.5357,,,,null_pooled,0.546923076923077,,,65,0.7676923076923077,0.19957229925200598,0.8423376093681396,,,,0.30157791198597417,20,0.7753887176513672
random_20260731,story_v2,16,0.5714,,,,null_pooled,0.5607692307692308,,,65,0.7223076923076923,0.18422548999725893,0.7012497338187187,,,,0.27112577739696053,20,0.7763984203338623
random_20260731,story_v2,17,0.6071,,,,null_pooled,0.4915384615384616,,,65,0.8038461538461539,-0.050091136388402416,1.0904655465549857,,,,0.3522221136094071,20,0.7717628479003906
random_20260731,story_v2,18,0.6429,,,,null_pooled,0.4892307692307692,,,65,0.7984615384615383,-0.03604733795714371,1.1317981046481653,,,,0.3511284473611434,20,0.769219160079956
random_20260731,story_v2,19,0.6786,,,,null_pooled,0.5307692307692308,,,65,0.7253846153846154,0.07668674486600029,0.6479538831227616,,,,0.2647104621583405,20,0.7305682301521301
random_20260731,story_v2,20,0.7143,,,,null_pooled,0.52,,,65,0.7984615384615384,0.10597471411260914,0.9810797591513968,,,,0.34097703427205395,20,0.7338401079177856
random_20260731,story_v2,21,0.75,,,,null_pooled,0.5384615384615383,,,65,0.7861538461538462,0.11090424062533581,0.9802135715587994,,,,0.33203317496052914,20,0.7235224843025208
random_20260731,story_v2,22,0.7857,,,,null_pooled,0.46461538461538465,,,65,0.7938461538461539,-0.10746399135762146,0.9158740656008979,,,,0.3342617611176903,20,0.7033506631851196
random_20260731,story_v2,23,0.8214,,,,null_pooled,0.47846153846153855,,,65,0.7423076923076922,-0.019506460490426862,0.8357517357633499,,,,0.2937276400045579,20,0.6816954612731934
random_20260731,story_v2,24,0.8571,,,,null_pooled,0.5684615384615385,,,65,0.7792307692307692,0.2426516018843979,0.9209155325364314,,,,0.31790637914089426,20,0.6719068288803101
random_20260731,story_v2,25,0.8929,,,,null_pooled,0.46461538461538454,,,65,0.6923076923076922,-0.10484923621771128,0.5130793919392029,,,,0.2331910705107072,20,0.6592358946800232
random_20260731,story_v2,26,0.9286,,,,null_pooled,0.5869230769230769,,,65,0.7884615384615385,0.2125631749111489,0.8513048570760136,,,,0.3121648623353705,20,0.6455023288726807
random_20260731,story_v2,27,0.9643,,,,null_pooled,0.48692307692307696,,,65,0.7530769230769232,0.0011171523836033057,0.7849825980155922,,,,0.29673926050702076,20,0.6274311542510986
random_20260731,story_v2,28,1.0,,,,null_pooled,0.30999999999999994,,,65,0.7876923076923077,-0.6268175488692925,0.914377218963876,,,,0.26370972972364654,20,0.6635512709617615
random_20260731,story_v1,0,0.0,,,,null_pooled,0.5,,,65,0.5,nan,nan,,,,0.0,20,0.0
random_20260731,story_v1,1,0.0357,,,,null_pooled,0.5346153846153846,,,65,0.6876923076923076,0.08111794109214865,0.5108093988657897,,,,0.22243380701938856,20,0.5900153517723083
random_20260731,story_v1,2,0.0714,,,,null_pooled,0.4553846153846154,,,65,0.7276923076923077,-0.10219209112715329,0.6121797593599403,,,,0.250338916953873,20,0.6379073262214661
random_20260731,story_v1,3,0.1071,,,,null_pooled,0.5199999999999999,,,65,0.7261538461538463,0.02505618449803256,0.6130633475724798,,,,0.25277531465914094,20,0.6608707308769226
random_20260731,story_v1,4,0.1429,,,,null_pooled,0.4607692307692308,,,65,0.7246153846153847,-0.12238408238366676,0.7002472899068157,,,,0.271309499643302,20,0.6863980293273926
random_20260731,story_v1,5,0.1786,,,,null_pooled,0.5223076923076924,,,65,0.7538461538461538,0.05822648887406011,0.7612007902914513,,,,0.2841817464695287,20,0.7113281488418579
random_20260731,story_v1,6,0.2143,,,,null_pooled,0.5592307692307693,,,65,0.683076923076923,0.22003369342842913,0.6070100366220174,,,,0.22842398033678385,20,0.6809184551239014
random_20260731,story_v1,7,0.25,,,,null_pooled,0.4853846153846154,,,65,0.7461538461538464,-0.057070628040860716,0.7302443924126771,,,,0.28909269682225436,20,0.6998497843742371
random_20260731,story_v1,8,0.2857,,,,null_pooled,0.4792307692307693,,,65,0.7299999999999999,-0.07742116672963942,0.7606692661985643,,,,0.28338282186986025,20,0.6911466717720032
random_20260731,story_v1,9,0.3214,,,,null_pooled,0.5076923076923078,,,65,0.723076923076923,0.02626162157621768,0.7080208741107541,,,,0.27561544619722905,20,0.7065321207046509
random_20260731,story_v1,10,0.3571,,,,null_pooled,0.42153846153846153,,,65,0.7769230769230768,-0.24508325630725292,0.9619635964206031,,,,0.3083959565607918,20,0.689029335975647
random_20260731,story_v1,11,0.3929,,,,null_pooled,0.52,,,65,0.7046153846153846,0.039417724717557265,0.5392546032163986,,,,0.2525287863126438,20,0.7046691179275513
random_20260731,story_v1,12,0.4286,,,,null_pooled,0.5700000000000001,,,65,0.7892307692307693,0.23502713494525965,0.8366885333001173,,,,0.30815653239615765,20,0.69964200258255
random_20260731,story_v1,13,0.4643,,,,null_pooled,0.5284615384615384,,,65,0.7384615384615385,0.11531091073627445,0.7246148547519948,,,,0.29791238765684463,20,0.7051782011985779
random_20260731,story_v1,14,0.5,,,,null_pooled,0.546923076923077,,,65,0.7607692307692309,0.19580656090365547,0.8441455430551464,,,,0.31261148743147654,20,0.7530362606048584
random_20260731,story_v1,15,0.5357,,,,null_pooled,0.5523076923076924,,,65,0.7661538461538462,0.23936647408734274,0.8861020929946448,,,,0.29964787805904464,20,0.7580514550209045
random_20260731,story_v1,16,0.5714,,,,null_pooled,0.5007692307692307,,,65,0.7746153846153846,0.04419950380614808,0.8500198338345113,,,,0.3183371229127288,20,0.7669683694839478
random_20260731,story_v1,17,0.6071,,,,null_pooled,0.48692307692307696,,,65,0.7976923076923078,-0.07164583853738361,1.0815822796944983,,,,0.34354935609711607,20,0.7514113783836365
random_20260731,story_v1,18,0.6429,,,,null_pooled,0.4453846153846155,,,65,0.8007692307692308,-0.15112977243738063,1.0724392054042213,,,,0.34395523091240016,20,0.7482120394706726
random_20260731,story_v1,19,0.6786,,,,null_pooled,0.5023076923076923,,,65,0.6823076923076923,0.015216586778293975,0.5151902314370502,,,,0.24848466319230617,20,0.7173879146575928
random_20260731,story_v1,20,0.7143,,,,null_pooled,0.5376923076923077,,,65,0.8253846153846153,0.18514504330321194,1.1067989561287077,,,,0.36391158436254906,20,0.6990373730659485
random_20260731,story_v1,21,0.75,,,,null_pooled,0.5830769230769232,,,65,0.7976923076923077,0.23978092926224753,0.9161631591466282,,,,0.32836998221451025,20,0.671113133430481
random_20260731,story_v1,22,0.7857,,,,null_pooled,0.4769230769230769,,,65,0.7707692307692308,-0.01712628004047572,0.7947662905430308,,,,0.3089851382085536,20,0.6498130559921265
random_20260731,story_v1,23,0.8214,,,,null_pooled,0.5238461538461537,,,65,0.7261538461538461,0.05207721794316476,0.6394327416798138,,,,0.2719973528366982,20,0.6310114860534668
random_20260731,story_v1,24,0.8571,,,,null_pooled,0.5076923076923077,,,65,0.7623076923076922,-0.015356189323272462,0.7233329381662229,,,,0.3059871782008111,20,0.6134807467460632
random_20260731,story_v1,25,0.8929,,,,null_pooled,0.4838461538461539,,,65,0.6892307692307692,-0.07326002344452168,0.5394018255754789,,,,0.22574696936231298,20,0.6054871082305908
random_20260731,story_v1,26,0.9286,,,,null_pooled,0.5261538461538461,,,65,0.7107692307692307,0.08218200022624103,0.6668949374105457,,,,0.25910273270999834,20,0.5941433906555176
random_20260731,story_v1,27,0.9643,,,,null_pooled,0.51,,,65,0.7507692307692307,0.06518933677335001,0.735980416793519,,,,0.2939131280056687,20,0.5754117369651794
random_20260731,story_v1,28,1.0,,,,null_pooled,0.43923076923076926,,,65,0.7307692307692307,-0.29049319045084604,0.713205914046493,,,,0.2872771908214104,20,0.6291842460632324
random_20260731,harm,0,0.0,,,,null_pooled,0.5,,,65,0.5,nan,nan,,,,0.0,20,0.0
random_20260731,harm,1,0.0357,,,,null_pooled,0.4592307692307693,,,65,0.5853846153846153,-0.09677771910266028,0.16716704499313678,,,,0.09288282368076047,20,0.22286823391914368
random_20260731,harm,2,0.0714,,,,null_pooled,0.4869230769230769,,,65,0.5946153846153844,-0.011808520415019947,0.22626249170757579,,,,0.11940629629084046,20,0.2438218742609024
random_20260731,harm,3,0.1071,,,,null_pooled,0.5207692307692308,,,65,0.5784615384615385,-0.0022572787279995926,0.19532994866152223,,,,0.09261420096893844,20,0.24342116713523865
random_20260731,harm,4,0.1429,,,,null_pooled,0.5053846153846153,,,65,0.5938461538461539,0.0013993949974349246,0.2012416342849141,,,,0.11374270384641542,20,0.2487265020608902
random_20260731,harm,5,0.1786,,,,null_pooled,0.5253846153846153,,,65,0.5884615384615384,0.08291534170309794,0.17773030697984438,,,,0.10556310426292731,20,0.2799742817878723
random_20260731,harm,6,0.2143,,,,null_pooled,0.4723076923076923,,,65,0.5700000000000001,-0.04591401519455916,0.20208001051341115,,,,0.08747113240049954,20,0.2754954397678375
random_20260731,harm,7,0.25,,,,null_pooled,0.4930769230769231,,,65,0.6061538461538462,0.021664301581412783,0.257147529427101,,,,0.12885959806589067,20,0.2881532311439514
random_20260731,harm,8,0.2857,,,,null_pooled,0.46230769230769236,,,65,0.5746153846153845,-0.06427983797445772,0.19776467826447497,,,,0.08071233778021213,20,0.31056734919548035
random_20260731,harm,9,0.3214,,,,null_pooled,0.5361538461538463,,,65,0.5869230769230769,0.10888341775078605,0.19255384625866961,,,,0.10847316674680298,20,0.3391241729259491
random_20260731,harm,10,0.3571,,,,null_pooled,0.42230769230769233,,,65,0.6223076923076923,-0.16889022919571572,0.2932504580848845,,,,0.14077907533993064,20,0.3419501483440399
random_20260731,harm,11,0.3929,,,,null_pooled,0.5484615384615384,,,65,0.5938461538461538,0.11150648876583533,0.2151679070339688,,,,0.0989858257990753,20,0.33608999848365784
random_20260731,harm,12,0.4286,,,,null_pooled,0.5323076923076924,,,65,0.6138461538461539,0.0719321927155521,0.2997438251261246,,,,0.14624118421765717,20,0.34598952531814575
random_20260731,harm,13,0.4643,,,,null_pooled,0.5107692307692308,,,65,0.6538461538461536,0.030199690383956628,0.37318431421942094,,,,0.179802306745647,20,0.3824634850025177
random_20260731,harm,14,0.5,,,,null_pooled,0.5423076923076924,,,65,0.6715384615384614,0.1296736592851371,0.4200718195484012,,,,0.20706157037732886,20,0.5028330087661743
random_20260731,harm,15,0.5357,,,,null_pooled,0.48461538461538467,,,65,0.6600000000000001,-0.029491265332740834,0.4508031549637169,,,,0.20486150003100836,20,0.5613473057746887
random_20260731,harm,16,0.5714,,,,null_pooled,0.54,,,65,0.7115384615384617,0.1418475895813101,0.5755070280251348,,,,0.2506124544083514,20,0.5981548428535461
random_20260731,harm,17,0.6071,,,,null_pooled,0.4953846153846154,,,65,0.6723076923076923,-0.025915340631688256,0.460481281770729,,,,0.2229777805656277,20,0.600124716758728
random_20260731,harm,18,0.6429,,,,null_pooled,0.4523076923076923,,,65,0.7007692307692307,-0.16020119575002095,0.5431816744904787,,,,0.23392711149228568,20,0.6295619010925293
random_20260731,harm,19,0.6786,,,,null_pooled,0.5,,,65,0.7423076923076923,-0.014884223607576883,0.6986011260407227,,,,0.27450586958841644,20,0.6783329844474792
random_20260731,harm,20,0.7143,,,,null_pooled,0.5576923076923077,,,65,0.7707692307692308,0.1595031100253002,0.8614879118114491,,,,0.3088994539091165,20,0.6878620982170105
random_20260731,harm,21,0.75,,,,null_pooled,0.5707692307692306,,,65,0.7192307692307692,0.16469578443631966,0.6209806173873778,,,,0.2349102149625262,20,0.7084764838218689
random_20260731,harm,22,0.7857,,,,null_pooled,0.46307692307692305,,,65,0.736923076923077,-0.11948545546902781,0.7056459911620554,,,,0.2878587494025479,20,0.69102942943573
random_20260731,harm,23,0.8214,,,,null_pooled,0.5638461538461539,,,65,0.7215384615384616,0.21380943778378722,0.6201187510094819,,,,0.25403746931188725,20,0.6730638742446899
random_20260731,harm,24,0.8571,,,,null_pooled,0.5407692307692307,,,65,0.7869230769230768,0.1583682177412729,0.8803537421667533,,,,0.3132404649995131,20,0.6801027059555054
random_20260731,harm,25,0.8929,,,,null_pooled,0.456923076923077,,,65,0.7223076923076922,-0.12275184047687018,0.6320508398157907,,,,0.2619953142522356,20,0.6612450480461121
random_20260731,harm,26,0.9286,,,,null_pooled,0.5161538461538462,,,65,0.7553846153846154,0.06744210153253173,0.7931988699443677,,,,0.2999210941596031,20,0.6580622792243958
random_20260731,harm,27,0.9643,,,,null_pooled,0.49230769230769234,,,65,0.7192307692307693,0.0032891395164334814,0.6564133962755133,,,,0.26379120306895765,20,0.6314098834991455
random_20260731,harm,28,1.0,,,,null_pooled,0.5084615384615384,,,65,0.7153846153846153,0.04714064704973618,0.6429098517728853,,,,0.26532035835351175,20,0.6123664975166321
random_20260731,persona,0,0.0,,,,null_pooled,0.5,,,65,0.5,nan,nan,,,,0.0,20,0.0
random_20260731,persona,1,0.0357,,,,null_pooled,0.37538461538461537,,,65,0.7253846153846153,-0.4183444143655602,0.7268106252842956,,,,0.23950535551909796,20,0.6585565805435181
random_20260731,persona,2,0.0714,,,,null_pooled,0.5800000000000001,,,65,0.7184615384615384,0.22881282524342578,0.6518985262601529,,,,0.2592229002037325,20,0.6313912868499756
random_20260731,persona,3,0.1071,,,,null_pooled,0.4661538461538461,,,65,0.74,-0.08521738756452335,0.7097658227547379,,,,0.28183232821490173,20,0.6482683420181274
random_20260731,persona,4,0.1429,,,,null_pooled,0.6300000000000001,,,65,0.7161538461538461,0.4260347707626312,0.6628882766166957,,,,0.22657318802043086,20,0.6573718190193176
random_20260731,persona,5,0.1786,,,,null_pooled,0.4607692307692308,,,65,0.7246153846153847,-0.043537738811858746,0.6945826847592765,,,,0.2639552541753794,20,0.662478506565094
random_20260731,persona,6,0.2143,,,,null_pooled,0.6099999999999999,,,65,0.7076923076923077,0.33898431417002195,0.6177077442969753,,,,0.23054104778092718,20,0.726746678352356
random_20260731,persona,7,0.25,,,,null_pooled,0.6476923076923077,,,65,0.8353846153846154,0.5328921205322658,1.1389426591177314,,,,0.3387153998275674,20,0.7490617632865906
random_20260731,persona,8,0.2857,,,,null_pooled,0.4469230769230769,,,65,0.7884615384615385,-0.1172127444892638,0.856518791851015,,,,0.3081565323961577,20,0.7213571667671204
random_20260731,persona,9,0.3214,,,,null_pooled,0.6284615384615384,,,65,0.7223076923076923,0.441110779318857,0.7527826303203708,,,,0.2597114082428284,20,0.716044545173645
random_20260731,persona,10,0.3571,,,,null_pooled,0.3907692307692308,,,65,0.7507692307692307,-0.35476483581946855,0.7554140408021404,,,,0.2700634895421465,20,0.7026764154434204
random_20260731,persona,11,0.3929,,,,null_pooled,0.47615384615384604,,,65,0.7692307692307693,-0.15886353500609712,0.8452680671482244,,,,0.30178437464903785,20,0.7033413052558899
random_20260731,persona,12,0.4286,,,,null_pooled,0.41538461538461535,,,65,0.7107692307692306,-0.2523719263493784,0.7203161520918497,,,,0.25786899495906035,20,0.7072268724441528
random_20260731,persona,13,0.4643,,,,null_pooled,0.4515384615384616,,,65,0.766923076923077,-0.10154866853155409,0.782620060136764,,,,0.3009493957012838,20,0.6988826990127563
random_20260731,persona,14,0.5,,,,null_pooled,0.4469230769230769,,,65,0.7553846153846153,-0.14591674570548116,0.8400252987697983,,,,0.30482367229723945,20,0.6414610147476196
random_20260731,persona,15,0.5357,,,,null_pooled,0.5223076923076924,,,65,0.6776923076923076,0.04676221563315799,0.48407647370183177,,,,0.22066827524258278,20,0.6024150848388672
random_20260731,persona,16,0.5714,,,,null_pooled,0.43769230769230766,,,65,0.6907692307692308,-0.17311953322546478,0.5182441994392748,,,,0.2246406175167479,20,0.5960900783538818
random_20260731,persona,17,0.6071,,,,null_pooled,0.4776923076923077,,,65,0.7238461538461538,-0.05137822663858495,0.6093879311087071,,,,0.26765763654666014,20,0.5693952441215515
random_20260731,persona,18,0.6429,,,,null_pooled,0.5053846153846153,,,65,0.6815384615384615,-0.005602717284760655,0.43567421123967265,,,,0.21907054305407675,20,0.5684794783592224
random_20260731,persona,19,0.6786,,,,null_pooled,0.45076923076923076,,,65,0.7176923076923077,-0.12208731995570118,0.5818403372359958,,,,0.2677797800219458,20,0.5364822745323181
random_20260731,persona,20,0.7143,,,,null_pooled,0.47384615384615386,,,65,0.6461538461538461,-0.06503856695409463,0.40562375612802126,,,,0.1811826610054588,20,0.5267589688301086
random_20260731,persona,21,0.75,,,,null_pooled,0.49615384615384617,,,65,0.6892307692307691,-0.014781321155352883,0.4954590051316172,,,,0.21887712082480057,20,0.5161520838737488
random_20260731,persona,22,0.7857,,,,null_pooled,0.4407692307692308,,,65,0.673076923076923,-0.193314043344419,0.42488184401278034,,,,0.19791973244742056,20,0.5003788471221924
random_20260731,persona,23,0.8214,,,,null_pooled,0.48307692307692307,,,65,0.6299999999999999,-0.06457440421015939,0.31744333688074233,,,,0.17061633743523255,20,0.4853234589099884
random_20260731,persona,24,0.8571,,,,null_pooled,0.5823076923076922,,,65,0.6307692307692306,0.2477811360751661,0.3481248447658926,,,,0.15998092380830894,20,0.4761049747467041
random_20260731,persona,25,0.8929,,,,null_pooled,0.5253846153846153,,,65,0.6292307692307691,0.05855521937547141,0.3194497788051145,,,,0.15651729706023162,20,0.4603732228279114
random_20260731,persona,26,0.9286,,,,null_pooled,0.6176923076923078,,,65,0.6838461538461539,0.32225250085567037,0.49260475899286105,,,,0.1817095879094232,20,0.4533754587173462
random_20260731,persona,27,0.9643,,,,null_pooled,0.5323076923076924,,,65,0.6469230769230769,0.09834932986305664,0.36553629966772067,,,,0.17572380015121083,20,0.43785950541496277
random_20260731,persona,28,1.0,,,,null_pooled,0.543076923076923,,,65,0.6438461538461537,0.1342921789254965,0.3489158755267966,,,,0.157059558018195,20,0.44336795806884766
random_20260731,eval,0,0.0,,,,null_pooled,0.5,,,65,0.5,nan,nan,,,,0.0,20,0.0
random_20260731,eval,1,0.0357,,,,null_pooled,0.51,,,65,0.596153846153846,0.03347994285265044,0.2129771862544195,,,,0.11548174049893761,20,0.27741488814353943
random_20260731,eval,2,0.0714,,,,null_pooled,0.5115384615384615,,,65,0.5923076923076922,0.01113449526426028,0.20101895043426085,,,,0.12030015404487301,20,0.2504381239414215
random_20260731,eval,3,0.1071,,,,null_pooled,0.5184615384615384,,,65,0.6092307692307692,0.028822963687439713,0.22413397784348016,,,,0.13551521121127189,20,0.26922672986984253
random_20260731,eval,4,0.1429,,,,null_pooled,0.4769230769230769,,,65,0.5969230769230769,-0.044583492023615785,0.22594889838543467,,,,0.11360297915657057,20,0.2915171682834625
random_20260731,eval,5,0.1786,,,,null_pooled,0.5123076923076922,,,65,0.5776923076923076,-0.013908285608165214,0.20975899625094838,,,,0.1027919197238321,20,0.2982373535633087
random_20260731,eval,6,0.2143,,,,null_pooled,0.52,,,65,0.5984615384615385,0.07198914515698737,0.23560511618903676,,,,0.11775963251266235,20,0.28832584619522095
random_20260731,eval,7,0.25,,,,null_pooled,0.5138461538461538,,,65,0.6169230769230769,0.041877795150390765,0.27466694402804126,,,,0.1408609024310744,20,0.29281675815582275
random_20260731,eval,8,0.2857,,,,null_pooled,0.5184615384615384,,,65,0.5969230769230769,0.03681613565595136,0.2663313560244277,,,,0.1184452378500518,20,0.30397090315818787
random_20260731,eval,9,0.3214,,,,null_pooled,0.5546153846153846,,,65,0.6,0.12429824802473352,0.23586413432012782,,,,0.12523164459700623,20,0.2942918539047241
random_20260731,eval,10,0.3571,,,,null_pooled,0.5007692307692306,,,65,0.6138461538461538,-0.015651906153421623,0.2864031314827752,,,,0.1340711961724137,20,0.2727796137332916
random_20260731,eval,11,0.3929,,,,null_pooled,0.5238461538461539,,,65,0.5776923076923077,0.08718644009484934,0.22966738322277963,,,,0.09837990036594722,20,0.27029484510421753
random_20260731,eval,12,0.4286,,,,null_pooled,0.4638461538461538,,,65,0.6100000000000001,-0.06992182057525516,0.2605982589729147,,,,0.1368120370386578,20,0.2688649892807007
random_20260731,eval,13,0.4643,,,,null_pooled,0.4600000000000001,,,65,0.5815384615384616,-0.07766789241579229,0.2041007271497771,,,,0.10240338284664537,20,0.27941107749938965
random_20260731,eval,14,0.5,,,,null_pooled,0.4984615384615384,,,65,0.6046153846153846,0.03731518404433416,0.23956839573526315,,,,0.12758934437193187,20,0.33196255564689636
random_20260731,eval,15,0.5357,,,,null_pooled,0.4638461538461539,,,65,0.5946153846153845,-0.10960135771738995,0.24004819400364283,,,,0.11698219259886627,20,0.3246581256389618
random_20260731,eval,16,0.5714,,,,null_pooled,0.49000000000000005,,,65,0.6169230769230769,-0.0032159227718317695,0.28429686843321067,,,,0.13395965218984426,20,0.318319171667099
random_20260731,eval,17,0.6071,,,,null_pooled,0.5307692307692307,,,65,0.593076923076923,0.02431984761670835,0.2130271557833042,,,,0.11409536133993327,20,0.30232247710227966
random_20260731,eval,18,0.6429,,,,null_pooled,0.4661538461538461,,,65,0.6069230769230769,-0.09666702758471002,0.26888373334254545,,,,0.13121856595893797,20,0.3057040870189667
random_20260731,eval,19,0.6786,,,,null_pooled,0.49615384615384617,,,65,0.6061538461538462,-0.015668823848168062,0.2496507436679622,,,,0.13298901873118377,20,0.2963658273220062
random_20260731,eval,20,0.7143,,,,null_pooled,0.5092307692307692,,,65,0.5930769230769231,0.018272054936962916,0.2501559897571346,,,,0.11736757614006553,20,0.30219173431396484
random_20260731,eval,21,0.75,,,,null_pooled,0.4700000000000001,,,65,0.6138461538461538,-0.05363854574505491,0.24659184543515483,,,,0.1423629392704885,20,0.30040112137794495
random_20260731,eval,22,0.7857,,,,null_pooled,0.4584615384615384,,,65,0.5853846153846154,-0.09751864457857298,0.1950788147585029,,,,0.0981421946811342,20,0.2964679002761841
random_20260731,eval,23,0.8214,,,,null_pooled,0.5153846153846153,,,65,0.5923076923076922,0.04986697110418374,0.20430655967132277,,,,0.11099616879037487,20,0.2864225208759308
random_20260731,eval,24,0.8571,,,,null_pooled,0.49230769230769234,,,65,0.5999999999999999,-0.02702030016330246,0.21881681600062586,,,,0.12587903315179771,20,0.2740947902202606
random_20260731,eval,25,0.8929,,,,null_pooled,0.48076923076923084,,,65,0.5930769230769231,-0.08017476575240826,0.20531598890345984,,,,0.11554644521924015,20,0.2688893973827362
random_20260731,eval,26,0.9286,,,,null_pooled,0.533076923076923,,,65,0.5838461538461537,0.09318079402858691,0.2459807072844944,,,,0.10893156260548352,20,0.2656782865524292
random_20260731,eval,27,0.9643,,,,null_pooled,0.5023076923076923,,,65,0.5815384615384614,0.01993203558675427,0.2144207126584517,,,,0.10437636424327125,20,0.26309719681739807
random_20260731,eval,28,1.0,,,,null_pooled,0.49615384615384617,,,65,0.5723076923076922,0.008641287818644918,0.2221698038489593,,,,0.0965134974254924,20,0.2744583487510681
random_20260731,length,0,0.0,,,,null_pooled,0.5,,,30,0.5,nan,nan,,,,0.0,20,0.0
random_20260731,length,1,0.0357,,,,null_pooled,0.42333333333333334,,,30,0.8866666666666667,-0.14034402569606685,1.7699177930689356,,,,0.4095497456378734,20,0.8982090950012207
random_20260731,length,2,0.0714,,,,null_pooled,0.685,,,30,0.835,0.8157348074566801,1.7170424658830794,,,,0.33725326696990104,20,0.9101858735084534
random_20260731,length,3,0.1071,,,,null_pooled,0.525,,,30,0.8949999999999999,0.11408315627938255,1.6991317191277737,,,,0.4332489796440069,20,0.8535149097442627
random_20260731,length,4,0.1429,,,,null_pooled,0.585,,,30,0.8383333333333335,0.6911140582134289,1.5060197920143452,,,,0.37889883542362607,20,0.8527348041534424
random_20260731,length,5,0.1786,,,,null_pooled,0.485,,,30,0.775,0.052024105919448484,1.0325434916909215,,,,0.32108642330075277,20,0.8249960541725159
random_20260731,length,6,0.2143,,,,null_pooled,0.4833333333333333,,,30,0.8300000000000001,0.18351908190008728,1.5999118430098556,,,,0.3818238778340225,20,0.8454188108444214
random_20260731,length,7,0.25,,,,null_pooled,0.52,,,30,0.8133333333333335,0.0716729475834265,1.523519694603895,,,,0.36649118607912556,20,0.8406262397766113
random_20260731,length,8,0.2857,,,,null_pooled,0.4866666666666665,,,30,0.8266666666666665,-0.06768087236526803,1.397438261269001,,,,0.36840100196065434,20,0.822662353515625
random_20260731,length,9,0.3214,,,,null_pooled,0.42333333333333334,,,30,0.7933333333333333,-0.46263756551431,1.1882364400211085,,,,0.3433750613375089,20,0.809369683265686
random_20260731,length,10,0.3571,,,,null_pooled,0.4066666666666666,,,30,0.77,-0.32117059989379765,0.9562565650492008,,,,0.30828709942602955,20,0.7965538501739502
random_20260731,length,11,0.3929,,,,null_pooled,0.47000000000000003,,,30,0.7533333333333333,-0.11081942113792317,0.799243551909433,,,,0.3111758495717898,20,0.7905977964401245
random_20260731,length,12,0.4286,,,,null_pooled,0.42333333333333334,,,30,0.82,-0.40440031656544306,1.2625738700830675,,,,0.346764493619355,20,0.7853724956512451
random_20260731,length,13,0.4643,,,,null_pooled,0.4966666666666667,,,30,0.79,-0.06659214123592959,1.0177602620635955,,,,0.3468993820786508,20,0.7953017354011536
random_20260731,length,14,0.5,,,,null_pooled,0.49333333333333335,,,30,0.8400000000000001,-0.08071990972225192,1.2846215484478845,,,,0.38670901159544085,20,0.769256591796875
random_20260731,length,15,0.5357,,,,null_pooled,0.4833333333333333,,,30,0.7466666666666666,-0.11575651429501846,0.8351926653873528,,,,0.302523499643015,20,0.754194974899292
random_20260731,length,16,0.5714,,,,null_pooled,0.5166666666666666,,,30,0.7866666666666667,-0.0018551796667567997,1.00876948455192,,,,0.3288292185478052,20,0.7453118562698364
random_20260731,length,17,0.6071,,,,null_pooled,0.43499999999999994,,,30,0.7683333333333333,-0.29562393679247867,0.860034196867103,,,,0.29921437092172204,20,0.7383915185928345
random_20260731,length,18,0.6429,,,,null_pooled,0.45500000000000007,,,30,0.7716666666666666,-0.038890870770534415,0.9167452859655902,,,,0.32611033902097347,20,0.7212288975715637
random_20260731,length,19,0.6786,,,,null_pooled,0.54,,,30,0.7233333333333333,0.0012737757770066832,0.7421707325203125,,,,0.277119688289062,20,0.6837581396102905
random_20260731,length,20,0.7143,,,,null_pooled,0.4866666666666667,,,30,0.7166666666666667,-0.13908192672698103,0.7249046379791965,,,,0.2758082222099198,20,0.6555106043815613
random_20260731,length,21,0.75,,,,null_pooled,0.43999999999999995,,,30,0.7466666666666668,-0.10339644242828414,0.8397248509345033,,,,0.28970644549509683,20,0.6341153979301453
random_20260731,length,22,0.7857,,,,null_pooled,0.4716666666666667,,,30,0.6783333333333333,-0.14632707160737596,0.5291451335980156,,,,0.2185210790480042,20,0.6023198366165161
random_20260731,length,23,0.8214,,,,null_pooled,0.4600000000000001,,,30,0.6833333333333333,-0.12653660845219267,0.5071363382641356,,,,0.21940909479142606,20,0.5779628753662109
random_20260731,length,24,0.8571,,,,null_pooled,0.4833333333333333,,,30,0.6833333333333333,0.003745989246804973,0.5598197852704454,,,,0.23157230187168767,20,0.5498650670051575
random_20260731,length,25,0.8929,,,,null_pooled,0.5466666666666666,,,30,0.6866666666666665,0.11265715942933026,0.4629620743495436,,,,0.21962221683758448,20,0.538385272026062
random_20260731,length,26,0.9286,,,,null_pooled,0.4666666666666667,,,30,0.6866666666666665,-0.10160366556526765,0.5454551193977047,,,,0.24134128124937046,20,0.5372285842895508
random_20260731,length,27,0.9643,,,,null_pooled,0.585,,,30,0.7116666666666667,0.28973363693887266,0.5827346283111524,,,,0.2368099393362134,20,0.5468553304672241
random_20260731,length,28,1.0,,,,null_pooled,0.5349999999999999,,,30,0.6883333333333332,0.1623364945031119,0.5275695659325285,,,,0.23382779688585192,20,0.5265103578567505
