probe,axis,layer,depth,null_folded,null_dz_folded,cos_probe_axis,cell_type,auroc,wins,ties,n,auroc_folded,cohens_dz,cohens_dz_folded,delta_excluded,excess_over_null,excess_dz_over_null,auroc_sd,n_draws,axis_mean_paired_cos
eval_v2,eval_v2,0,0.0,0.5,nan,0.0,diag_heldout,0.5,0,200,200,0.5,nan,nan,,0.0,nan,,,
eval_v2,eval_v2,1,0.0357,0.5913,0.20684840092853363,0.9999999999999999,diag_heldout,0.95,190,0,200,0.95,1.729049221604248,1.729049221604248,,0.3586999999999999,1.5222008206757143,,,
eval_v2,eval_v2,2,0.0714,0.58785,0.20193202255318182,0.9999999999999999,diag_heldout,0.99,198,0,200,0.99,2.105165274578163,2.105165274578163,,0.40215,1.903233252024981,,,
eval_v2,eval_v2,3,0.1071,0.5904,0.19927945332950125,1.0000000000000002,diag_heldout,0.93,186,0,200,0.93,1.7002704850636965,1.7002704850636965,,0.3396,1.5009910317341952,,,
eval_v2,eval_v2,4,0.1429,0.5846,0.2138048006273967,1.0,diag_heldout,0.93,186,0,200,0.93,1.5382454254149291,1.5382454254149291,,0.34540000000000004,1.3244406247875324,,,
eval_v2,eval_v2,5,0.1786,0.5679500000000001,0.1877099999510436,1.0000000000000002,diag_heldout,0.93,186,0,200,0.93,1.3415657401826082,1.3415657401826082,,0.36205,1.1538557402315646,,,
eval_v2,eval_v2,6,0.2143,0.5927,0.2264949886415275,1.0000000000000002,diag_heldout,0.835,167,0,200,0.835,1.040318825204628,1.040318825204628,,0.24229999999999996,0.8138238365631005,,,
eval_v2,eval_v2,7,0.25,0.6086500000000001,0.27768166606612243,1.0,diag_heldout,0.9,180,0,200,0.9,1.3866359676152575,1.3866359676152575,,0.2913499999999999,1.1089543015491352,,,
eval_v2,eval_v2,8,0.2857,0.6030500000000001,0.2701145806651062,1.0,diag_heldout,0.935,187,0,200,0.935,1.6663172285814527,1.6663172285814527,,0.33194999999999997,1.3962026479163465,,,
eval_v2,eval_v2,9,0.3214,0.5942999999999999,0.22811579993433034,1.0,diag_heldout,0.95,190,0,200,0.95,1.5510318608332192,1.5510318608332192,,0.3557,1.3229160608988888,,,
eval_v2,eval_v2,10,0.3571,0.61345,0.2896731914108592,1.0,diag_heldout,0.98,196,0,200,0.98,1.6419142466700984,1.6419142466700984,,0.36654999999999993,1.3522410552592392,,,
eval_v2,eval_v2,11,0.3929,0.5747,0.2208862908490689,1.0,diag_heldout,0.985,197,0,200,0.985,1.3960317444653645,1.3960317444653645,,0.4103,1.1751454536162955,,,
eval_v2,eval_v2,12,0.4286,0.5986499999999999,0.24984243354933264,1.0000000000000002,diag_heldout,0.985,197,0,200,0.985,1.389483747815077,1.389483747815077,,0.3863500000000001,1.1396413142657444,,,
eval_v2,eval_v2,13,0.4643,0.57805,0.1933094468800434,1.0000000000000002,diag_heldout,0.99,198,0,200,0.99,1.3468435942470158,1.3468435942470158,,0.41195000000000004,1.1535341473669725,,,
eval_v2,eval_v2,14,0.5,0.6006499999999999,0.24527580825941456,0.9999999999999998,diag_heldout,0.905,181,0,200,0.905,1.28113932385199,1.28113932385199,,0.3043500000000001,1.0358635155925753,,,
eval_v2,eval_v2,15,0.5357,0.5950999999999999,0.2389188807638341,1.0000000000000002,diag_heldout,0.93,186,0,200,0.93,1.2541363665997534,1.2541363665997534,,0.3349000000000002,1.0152174858359193,,,
eval_v2,eval_v2,16,0.5714,0.59255,0.2466979499573016,0.9999999999999998,diag_heldout,0.935,187,0,200,0.935,1.2166083682218747,1.2166083682218747,,0.34245000000000003,0.969910418264573,,,
eval_v2,eval_v2,17,0.6071,0.5849500000000001,0.2185283232034123,1.0,diag_heldout,0.92,184,0,200,0.92,1.2006983092574208,1.2006983092574208,,0.33504999999999996,0.9821699860540085,,,
eval_v2,eval_v2,18,0.6429,0.5822499999999999,0.22494784446192267,1.0000000000000002,diag_heldout,0.945,189,0,200,0.945,1.2364388697672466,1.2364388697672466,,0.36275,1.011491025305324,,,
eval_v2,eval_v2,19,0.6786,0.59365,0.24194883595658023,1.0,diag_heldout,0.97,194,0,200,0.97,1.2262506940748397,1.2262506940748397,,0.37634999999999996,0.9843018581182594,,,
eval_v2,eval_v2,20,0.7143,0.5998999999999999,0.2466342241584678,1.0,diag_heldout,0.975,195,0,200,0.975,1.3224916531226183,1.3224916531226183,,0.3751000000000001,1.0758574289641505,,,
eval_v2,eval_v2,21,0.75,0.5917,0.21012570523472124,1.0000000000000002,diag_heldout,0.955,191,0,200,0.955,1.2639558634425663,1.2639558634425663,,0.36329999999999996,1.053830158207845,,,
eval_v2,eval_v2,22,0.7857,0.58045,0.19837748659661317,0.9999999999999999,diag_heldout,0.97,194,0,200,0.97,1.363070438535982,1.363070438535982,,0.38954999999999995,1.1646929519393687,,,
eval_v2,eval_v2,23,0.8214,0.588,0.2187044457466735,0.9999999999999998,diag_heldout,0.97,194,0,200,0.97,1.359854348573712,1.359854348573712,,0.382,1.1411499028270384,,,
eval_v2,eval_v2,24,0.8571,0.5921500000000002,0.21673996964463793,1.0,diag_heldout,0.97,194,0,200,0.97,1.4090477086222986,1.4090477086222986,,0.3778499999999998,1.1923077389776606,,,
eval_v2,eval_v2,25,0.8929,0.58295,0.21129758489167064,1.0000000000000002,diag_heldout,0.975,195,0,200,0.975,1.4314346002415963,1.4314346002415963,,0.39205,1.2201370153499256,,,
eval_v2,eval_v2,26,0.9286,0.5889499999999999,0.21092911526845354,1.0,diag_heldout,0.975,195,0,200,0.975,1.4042705481801416,1.4042705481801416,,0.3860500000000001,1.193341432911688,,,
eval_v2,eval_v2,27,0.9643,0.59185,0.22182412039315227,1.0,diag_heldout,0.98,196,0,200,0.98,1.4295738222175765,1.4295738222175765,,0.38815,1.207749701824424,,,
eval_v2,eval_v2,28,1.0,0.5763,0.1877539515679256,1.0000000000000002,diag_heldout,0.975,195,0,200,0.975,1.333036350219876,1.333036350219876,,0.39869999999999994,1.1452823986519505,,,
eval_v2,harm_v2,0,0.0,0.5,nan,0.0,offdiag_pooled,0.5,0,1000,1000,0.5,nan,nan,0.6,0.0,nan,,,
eval_v2,harm_v2,1,0.0357,0.5609,0.13689295918497293,0.015019944994408929,offdiag_pooled,0.461,461,0,1000,0.5389999999999999,-0.02762968654506538,0.02762968654506538,0.6,-0.02190000000000003,-0.10926327263990755,,,
eval_v2,harm_v2,2,0.0714,0.56315,0.17040754101813166,-0.018243820329593197,offdiag_pooled,0.475,475,0,1000,0.525,-0.09607018720168446,0.09607018720168446,0.6,-0.03815000000000002,-0.0743373538164472,,,
eval_v2,harm_v2,3,0.1071,0.5595999999999999,0.15415009351855258,-0.038777072854224465,offdiag_pooled,0.433,433,0,1000,0.567,-0.12142440842185624,0.12142440842185624,0.6,0.007400000000000073,-0.032725685096696336,,,
eval_v2,harm_v2,4,0.1429,0.56145,0.15897735123767218,0.0453408041533322,offdiag_pooled,0.519,519,0,1000,0.519,0.04692514110180654,0.04692514110180654,0.6,-0.04244999999999999,-0.11205221013586564,,,
eval_v2,harm_v2,5,0.1786,0.56745,0.15249402090718406,0.04867824151376543,offdiag_pooled,0.496,496,0,1000,0.504,0.07670948418355442,0.07670948418355442,0.6,-0.06345,-0.07578453672362964,,,
eval_v2,harm_v2,6,0.2143,0.5726000000000001,0.19330901486338697,0.16306393520747373,offdiag_pooled,0.587,587,0,1000,0.587,0.20167625675413503,0.20167625675413503,0.65,0.014399999999999857,0.008367241890748056,,,
eval_v2,harm_v2,7,0.25,0.5513499999999999,0.1451965695095286,0.07298119745692667,offdiag_pooled,0.557,557,0,1000,0.557,0.0990442425778989,0.0990442425778989,0.6,0.005650000000000155,-0.04615232693162971,,,
eval_v2,harm_v2,8,0.2857,0.57205,0.17693025766565523,0.04282818992413003,offdiag_pooled,0.515,515,0,1000,0.515,0.06774346591983456,0.06774346591983456,0.6,-0.057049999999999934,-0.10918679174582067,,,
eval_v2,harm_v2,9,0.3214,0.567,0.16526021568291213,-0.015842164038485373,offdiag_pooled,0.422,422,0,1000,0.5780000000000001,-0.09708282578225982,0.09708282578225982,0.65,0.01100000000000012,-0.06817738990065231,,,
eval_v2,harm_v2,10,0.3571,0.5982999999999999,0.24330992119489436,0.0529418945149061,offdiag_pooled,0.545,545,0,1000,0.545,0.1115197296838646,0.1115197296838646,0.6,-0.0532999999999999,-0.13179019151102978,,,
eval_v2,harm_v2,11,0.3929,0.5776,0.18521091852973381,0.05664623418800902,offdiag_pooled,0.529,529,0,1000,0.529,0.11250160413307671,0.11250160413307671,0.6,-0.04859999999999998,-0.07270931439665711,,,
eval_v2,harm_v2,12,0.4286,0.5795,0.19045425223746026,0.09568555551964603,offdiag_pooled,0.559,559,0,1000,0.559,0.21799890791722182,0.21799890791722182,0.6,-0.020499999999999963,0.027544655679761554,,,
eval_v2,harm_v2,13,0.4643,0.6120000000000001,0.2995605265128046,0.07960163081391979,offdiag_pooled,0.559,559,0,1000,0.559,0.19479918658931544,0.19479918658931544,0.6,-0.05300000000000005,-0.10476133992348918,,,
eval_v2,harm_v2,14,0.5,0.6382000000000001,0.3303399961086485,-0.0648535724656393,offdiag_pooled,0.348,348,0,1000,0.652,-0.3205941918135612,0.3205941918135612,0.7,0.013799999999999923,-0.009745804295087312,,,
eval_v2,harm_v2,15,0.5357,0.6350499999999999,0.333827938681084,-0.0870199362473856,offdiag_pooled,0.335,335,0,1000,0.665,-0.4555766195507278,0.4555766195507278,0.7,0.029950000000000143,0.1217486808696438,,,
eval_v2,harm_v2,16,0.5714,0.6779500000000002,0.4294569886387201,-0.15872739143487216,offdiag_pooled,0.248,248,0,1000,0.752,-0.660689647292848,0.660689647292848,,0.07404999999999984,0.23123265865412784,,,
eval_v2,harm_v2,17,0.6071,0.65465,0.39040912829636903,-0.11029765557509599,offdiag_pooled,0.313,313,0,1000,0.687,-0.5593221913488305,0.5593221913488305,0.75,0.0323500000000001,0.1689130630524615,,,
eval_v2,harm_v2,18,0.6429,0.6439999999999999,0.41475465037829584,-0.09960940264158162,offdiag_pooled,0.311,311,0,1000,0.6890000000000001,-0.5701962984011644,0.5701962984011644,0.75,0.04500000000000015,0.15544164802286853,,,
eval_v2,harm_v2,19,0.6786,0.7276,0.617069900639825,0.0030694646693083935,offdiag_pooled,0.585,585,0,1000,0.585,0.01824200110205123,0.01824200110205123,0.65,-0.14260000000000006,-0.5988278995377738,,,
eval_v2,harm_v2,20,0.7143,0.73445,0.6528753149844062,-0.04894344538279346,offdiag_pooled,0.349,349,0,1000,0.651,-0.4118872387446845,0.4118872387446845,0.7,-0.08345000000000002,-0.24098807623972168,,,
eval_v2,harm_v2,21,0.75,0.6437,0.4298751052382582,0.07841095053077116,offdiag_pooled,0.79,790,0,1000,0.79,0.7023571302689539,0.7023571302689539,,0.14629999999999999,0.27248202503069563,,,
eval_v2,harm_v2,22,0.7857,0.68045,0.5542646504778772,0.033806658842004775,offdiag_pooled,0.655,655,0,1000,0.655,0.3184297528164839,0.3184297528164839,0.7,-0.025449999999999973,-0.23583489766139332,,,
eval_v2,harm_v2,23,0.8214,0.66705,0.48334816168271344,0.045125009913838124,offdiag_pooled,0.681,681,0,1000,0.681,0.41860077054515293,0.41860077054515293,0.75,0.013950000000000018,-0.0647473911375605,,,
eval_v2,harm_v2,24,0.8571,0.7337,0.6642461641774104,0.06917823645999856,offdiag_pooled,0.778,778,0,1000,0.778,0.6749325609494633,0.6749325609494633,,0.044300000000000006,0.010686396772052853,,,
eval_v2,harm_v2,25,0.8929,0.6813500000000001,0.49889737265195705,0.09578970834027208,offdiag_pooled,0.816,816,0,1000,0.816,0.813556531892669,0.813556531892669,,0.13464999999999983,0.3146591592407119,,,
eval_v2,harm_v2,26,0.9286,0.7043999999999999,0.6082160761228631,0.056402600941222215,offdiag_pooled,0.704,704,0,1000,0.704,0.51268392801953,0.51268392801953,0.75,-0.00039999999999995595,-0.0955321481033331,,,
eval_v2,harm_v2,27,0.9643,0.6966,0.5565341366586881,0.03046473783582123,offdiag_pooled,0.612,612,0,1000,0.612,0.2726002507012295,0.2726002507012295,0.65,-0.08460000000000001,-0.2839338859574586,,,
eval_v2,harm_v2,28,1.0,0.6957000000000001,0.5292558301879225,0.11184696923012805,offdiag_pooled,0.822,822,0,1000,0.822,0.9101377621164567,0.9101377621164567,,0.12629999999999986,0.38088193192853415,,,
eval_v2,persona_v2,0,0.0,0.5,nan,0.0,offdiag_pooled,0.5,0,1000,1000,0.5,nan,nan,0.6,0.0,nan,,,
eval_v2,persona_v2,1,0.0357,0.70085,0.5741353022961293,-0.121059439051074,offdiag_pooled,0.304,304,0,1000,0.696,-0.46774264212134925,0.46774264212134925,0.75,-0.004850000000000021,-0.10639266017478005,,,
eval_v2,persona_v2,2,0.0714,0.68855,0.5058300243981881,-0.08811671294406091,offdiag_pooled,0.311,311,0,1000,0.6890000000000001,-0.43099671452152505,0.43099671452152505,0.75,0.00045000000000006146,-0.07483330987666309,,,
eval_v2,persona_v2,3,0.1071,0.69465,0.5246328939858452,0.09581378730638931,offdiag_pooled,0.728,728,0,1000,0.728,0.6332849722468548,0.6332849722468548,,0.03334999999999999,0.10865207826100953,,,
eval_v2,persona_v2,4,0.1429,0.6973499999999999,0.5665574538006057,-0.009831410898787089,offdiag_pooled,0.478,478,0,1000,0.522,0.007774181527985375,0.007774181527985375,0.6,-0.1753499999999999,-0.5587832722726204,,,
eval_v2,persona_v2,5,0.1786,0.7046,0.5663853957502221,0.1266096919502137,offdiag_pooled,0.742,742,0,1000,0.742,0.691186138471959,0.691186138471959,,0.03739999999999999,0.12480074272173691,,,
eval_v2,persona_v2,6,0.2143,0.6697,0.4757746802135715,0.10367080557221243,offdiag_pooled,0.652,652,0,1000,0.652,0.4097557242330459,0.4097557242330459,0.7,-0.017699999999999938,-0.0660189559805256,,,
eval_v2,persona_v2,7,0.25,0.7432000000000001,0.7177219483445773,0.10849349499083889,offdiag_pooled,0.739,739,0,1000,0.739,0.6709868710534772,0.6709868710534772,,-0.0042000000000000925,-0.04673507729110005,,,
eval_v2,persona_v2,8,0.2857,0.74685,0.7010234544026718,0.10026239667926716,offdiag_pooled,0.762,762,0,1000,0.762,0.7642331370100268,0.7642331370100268,,0.015149999999999997,0.06320968260735504,,,
eval_v2,persona_v2,9,0.3214,0.7031,0.5716684571887651,0.08051122774630098,offdiag_pooled,0.734,734,0,1000,0.734,0.6457744416777017,0.6457744416777017,,0.03090000000000004,0.07410598448893657,,,
eval_v2,persona_v2,10,0.3571,0.6875500000000001,0.5327121097586907,0.17556207715516103,offdiag_pooled,0.852,852,0,1000,0.852,1.0396106643889227,1.0396106643889227,,0.16444999999999987,0.506898554630232,,,
eval_v2,persona_v2,11,0.3929,0.71755,0.6235576401266112,0.18297363567194005,offdiag_pooled,0.817,817,0,1000,0.817,0.9599181613981626,0.9599181613981626,,0.09944999999999993,0.33636052127155136,,,
eval_v2,persona_v2,12,0.4286,0.67215,0.48656952244417384,0.21111892507995972,offdiag_pooled,0.862,862,0,1000,0.862,1.1073782606207445,1.1073782606207445,,0.18984999999999996,0.6208087381765707,,,
eval_v2,persona_v2,13,0.4643,0.71275,0.6079693010053554,0.2261900517406567,offdiag_pooled,0.925,925,0,1000,0.925,1.4485894197604663,1.4485894197604663,,0.21225000000000005,0.8406201187551109,,,
eval_v2,persona_v2,14,0.5,0.6979999999999998,0.6042400248975816,0.27998079758533906,offdiag_pooled,0.99,990,0,1000,0.99,1.91953308413191,1.91953308413191,,0.29200000000000015,1.3152930592343286,,,
eval_v2,persona_v2,15,0.5357,0.6268500000000001,0.33438179806703894,0.29552051219278436,offdiag_pooled,0.979,979,0,1000,0.979,1.73011504833004,1.73011504833004,,0.35214999999999985,1.395733250263001,,,
eval_v2,persona_v2,16,0.5714,0.68205,0.49425169979822553,0.36410877885792214,offdiag_pooled,0.991,991,0,1000,0.991,1.7332175410331787,1.7332175410331787,,0.30894999999999995,1.2389658412349531,,,
eval_v2,persona_v2,17,0.6071,0.7128500000000002,0.5802682737809998,0.3324119747859816,offdiag_pooled,0.991,991,0,1000,0.991,1.6875281758264833,1.6875281758264833,,0.2781499999999998,1.1072599020454836,,,
eval_v2,persona_v2,18,0.6429,0.6486000000000001,0.40127642914520856,0.34693055584625404,offdiag_pooled,0.985,985,0,1000,0.985,1.7339686384154571,1.7339686384154571,,0.3363999999999999,1.3326922092702485,,,
eval_v2,persona_v2,19,0.6786,0.6762,0.4722590171412285,0.42093247069899264,offdiag_pooled,0.992,992,0,1000,0.992,1.8709495560284526,1.8709495560284526,,0.31579999999999997,1.3986905388872242,,,
eval_v2,persona_v2,20,0.7143,0.64855,0.3976658023865291,0.3848262373864437,offdiag_pooled,0.989,989,0,1000,0.989,1.8170492825882296,1.8170492825882296,,0.34045000000000003,1.4193834802017005,,,
eval_v2,persona_v2,21,0.75,0.6691999999999999,0.4321706156887776,0.3664670306214285,offdiag_pooled,0.974,974,0,1000,0.974,1.6334468297068374,1.6334468297068374,,0.30480000000000007,1.2012762140180597,,,
eval_v2,persona_v2,22,0.7857,0.6612500000000001,0.4190105341363468,0.3166604063347038,offdiag_pooled,0.969,969,0,1000,0.969,1.5781796998992024,1.5781796998992024,,0.30774999999999986,1.1591691657628556,,,
eval_v2,persona_v2,23,0.8214,0.6480499999999999,0.39617446383661875,0.3234450912995061,offdiag_pooled,0.948,948,0,1000,0.948,1.4485636236948216,1.4485636236948216,,0.29995000000000005,1.052389159858203,,,
eval_v2,persona_v2,24,0.8571,0.6112,0.3156143028405682,0.3212176048548359,offdiag_pooled,0.946,946,0,1000,0.946,1.4070403502525564,1.4070403502525564,,0.3348,1.0914260474119881,,,
eval_v2,persona_v2,25,0.8929,0.6219499999999999,0.29822261954216733,0.2987342513507309,offdiag_pooled,0.925,925,0,1000,0.925,1.2802270988433635,1.2802270988433635,,0.30305000000000015,0.9820044793011962,,,
eval_v2,persona_v2,26,0.9286,0.6740499999999999,0.45382319155065326,0.29499174701054703,offdiag_pooled,0.921,921,0,1000,0.921,1.2584889982460414,1.2584889982460414,,0.2469500000000001,0.8046658066953882,,,
eval_v2,persona_v2,27,0.9643,0.6339499999999999,0.36001268127369396,0.27232666461301974,offdiag_pooled,0.906,906,0,1000,0.906,1.1857887402556742,1.1857887402556742,,0.2720500000000001,0.8257760589819803,,,
eval_v2,persona_v2,28,1.0,0.6192000000000001,0.29686582170319775,0.1251897279378961,offdiag_pooled,0.725,725,0,1000,0.725,0.4602288075371668,0.4602288075371668,,0.1057999999999999,0.16336298583396902,,,
eval_v2,story_v2_1k,0,0.0,0.5,nan,0.0,offdiag_pooled,0.5,0,1000,1000,0.5,nan,nan,0.6,0.0,nan,,,
eval_v2,story_v2_1k,1,0.0357,0.6134000000000001,0.2980546123474933,-0.2730064627126344,offdiag_pooled,0.082,82,0,1000,0.918,-1.3681286996832542,1.3681286996832542,,0.3046,1.0700740873357608,,,
eval_v2,story_v2_1k,2,0.0714,0.6073,0.2719925283957513,-0.27498368422024033,offdiag_pooled,0.077,77,0,1000,0.923,-1.4568522290774029,1.4568522290774029,,0.3157000000000001,1.1848597006816517,,,
eval_v2,story_v2_1k,3,0.1071,0.61765,0.30430973428426883,-0.2667745232377203,offdiag_pooled,0.159,159,0,1000,0.841,-0.9639760523905895,0.9639760523905895,,0.22334999999999994,0.6596663181063207,,,
eval_v2,story_v2_1k,4,0.1429,0.6301,0.33591728871411397,-0.22827430949953675,offdiag_pooled,0.198,198,0,1000,0.802,-0.9115474051479419,0.9115474051479419,,0.17190000000000005,0.5756301164338279,,,
eval_v2,story_v2_1k,5,0.1786,0.6626500000000001,0.4388809476137743,-0.08477990886941962,offdiag_pooled,0.318,318,0,1000,0.6819999999999999,-0.45711264151830944,0.45711264151830944,0.75,0.019349999999999867,0.018231693904535162,,,
eval_v2,story_v2_1k,6,0.2143,0.6222000000000001,0.32266728712900544,-0.07943591288631334,offdiag_pooled,0.387,387,0,1000,0.613,-0.28198014821113576,0.28198014821113576,0.65,-0.009200000000000097,-0.04068713891786968,,,
eval_v2,story_v2_1k,7,0.25,0.6232500000000001,0.32768141389820865,-0.08597674054284943,offdiag_pooled,0.322,322,0,1000,0.6779999999999999,-0.45277995540718957,0.45277995540718957,0.75,0.054749999999999854,0.12509854150898092,,,
eval_v2,story_v2_1k,8,0.2857,0.6523,0.41869435914802156,-0.014634119594003106,offdiag_pooled,0.443,443,0,1000,0.5569999999999999,-0.09760503635513723,0.09760503635513723,0.6,-0.09530000000000005,-0.3210893227928843,,,
eval_v2,story_v2_1k,9,0.3214,0.6737500000000001,0.4682535517811964,-0.052050780556879686,offdiag_pooled,0.34,340,0,1000,0.6599999999999999,-0.40217596882742707,0.40217596882742707,0.7,-0.013750000000000151,-0.06607758295376931,,,
eval_v2,story_v2_1k,10,0.3571,0.7216,0.6305914160140256,-0.03802917780904556,offdiag_pooled,0.371,371,0,1000,0.629,-0.27988209939015485,0.27988209939015485,0.7,-0.09260000000000002,-0.3507093166238707,,,
eval_v2,story_v2_1k,11,0.3929,0.6838000000000001,0.4860079260083044,-0.06176141196720849,offdiag_pooled,0.317,317,0,1000,0.683,-0.448804617628255,0.448804617628255,0.75,-0.0008000000000000229,-0.03720330838004937,,,
eval_v2,story_v2_1k,12,0.4286,0.6990500000000001,0.5423997046392924,-0.0481515074474926,offdiag_pooled,0.368,368,0,1000,0.632,-0.3307886931813122,0.3307886931813122,0.7,-0.06705000000000005,-0.21161101145798022,,,
eval_v2,story_v2_1k,13,0.4643,0.6700999999999999,0.46619270774012056,-0.07732319970643423,offdiag_pooled,0.27,270,0,1000,0.73,-0.5907247682262176,0.5907247682262176,,0.059900000000000064,0.124532060486097,,,
eval_v2,story_v2_1k,14,0.5,0.7421,0.7114279925349517,-0.025646372452167075,offdiag_pooled,0.387,387,0,1000,0.613,-0.34175296417764717,0.34175296417764717,0.65,-0.1291,-0.36967502835730454,,,
eval_v2,story_v2_1k,15,0.5357,0.7075,0.6020113120045805,-0.04549177037483577,offdiag_pooled,0.214,214,0,1000,0.786,-0.7679294549367429,0.7679294549367429,,0.07850000000000001,0.16591814293216245,,,
eval_v2,story_v2_1k,16,0.5714,0.70305,0.5986077735356757,-0.045331841608112905,offdiag_pooled,0.234,234,0,1000,0.766,-0.7341728745657862,0.7341728745657862,,0.06295000000000006,0.13556510103011044,,,
eval_v2,story_v2_1k,17,0.6071,0.7596499999999999,0.8302956848948678,-0.0445841921289328,offdiag_pooled,0.188,188,0,1000,0.812,-0.8566719267264346,0.8566719267264346,,0.05235000000000012,0.026376241831566727,,,
eval_v2,story_v2_1k,18,0.6429,0.76215,0.8228785871431572,-0.031548296774595704,offdiag_pooled,0.26,260,0,1000,0.74,-0.6420273629637482,0.6420273629637482,,-0.022150000000000003,-0.18085122417940902,,,
eval_v2,story_v2_1k,19,0.6786,0.70615,0.5997314617203001,-0.0035121305892162184,offdiag_pooled,0.485,485,0,1000,0.515,-0.07015259281723082,0.07015259281723082,0.6,-0.19115000000000004,-0.5295788689030693,,,
eval_v2,story_v2_1k,20,0.7143,0.7610999999999999,0.7864346619663128,0.0015121853317813917,offdiag_pooled,0.508,508,0,1000,0.508,0.032007745150881416,0.032007745150881416,0.6,-0.2530999999999999,-0.7544269168154314,,,
eval_v2,story_v2_1k,21,0.75,0.76055,0.8133489305690688,0.02738017489517936,offdiag_pooled,0.683,683,0,1000,0.683,0.483013288624398,0.483013288624398,0.75,-0.0775499999999999,-0.33033564194467074,,,
eval_v2,story_v2_1k,22,0.7857,0.75335,0.7471092276574076,0.011513326553769663,offdiag_pooled,0.569,569,0,1000,0.569,0.1814567606202388,0.1814567606202388,0.6,-0.18435,-0.5656524670371688,,,
eval_v2,story_v2_1k,23,0.8214,0.7112999999999999,0.6753046889404963,-0.012030901963765998,offdiag_pooled,0.41,410,0,1000,0.5900000000000001,-0.18179107774430928,0.18179107774430928,0.65,-0.12129999999999985,-0.4935136111961871,,,
eval_v2,story_v2_1k,24,0.8571,0.7332000000000001,0.6908229903205221,-0.009044995956431287,offdiag_pooled,0.436,436,0,1000,0.5640000000000001,-0.12395410115113217,0.12395410115113217,0.6,-0.16920000000000002,-0.5668688891693899,,,
eval_v2,story_v2_1k,25,0.8929,0.6282499999999999,0.35180652949659663,-0.04252388297233199,offdiag_pooled,0.241,241,0,1000,0.759,-0.6741410051809766,0.6741410051809766,,0.13075000000000014,0.32233447568438,,,
eval_v2,story_v2_1k,26,0.9286,0.7522,0.7312698949127399,-0.0318157580935859,offdiag_pooled,0.298,298,0,1000,0.702,-0.5022141820857933,0.5022141820857933,0.75,-0.05020000000000002,-0.2290557128269466,,,
eval_v2,story_v2_1k,27,0.9643,0.7008,0.5613358564245555,-0.041665612618037154,offdiag_pooled,0.253,253,0,1000,0.747,-0.6333652716967259,0.6333652716967259,,0.04620000000000002,0.07202941527217033,,,
eval_v2,story_v2_1k,28,1.0,0.76535,0.8176541068034944,-0.13949269000055944,offdiag_pooled,0.08,80,0,1000,0.92,-1.4499126371264346,1.4499126371264346,,0.15465000000000007,0.6322585303229402,,,
harm_v2,eval_v2,0,0.0,0.5,nan,0.0,offdiag_pooled,0.5,0,1000,1000,0.5,nan,nan,0.6,0.0,nan,,,
harm_v2,eval_v2,1,0.0357,0.5913,0.20684840092853363,0.015019944994408929,offdiag_pooled,0.503,503,0,1000,0.503,0.04284836772724583,0.04284836772724583,0.6,-0.08830000000000005,-0.1640000332012878,,,
harm_v2,eval_v2,2,0.0714,0.58785,0.20193202255318182,-0.018243820329593197,offdiag_pooled,0.479,479,0,1000,0.521,-0.01769147037874537,0.01769147037874537,0.6,-0.06684999999999997,-0.18424055217443647,,,
harm_v2,eval_v2,3,0.1071,0.5904,0.19927945332950125,-0.038777072854224465,offdiag_pooled,0.445,445,0,1000,0.5549999999999999,-0.16983814909498862,0.16983814909498862,0.6,-0.0354000000000001,-0.029441304234512633,,,
harm_v2,eval_v2,4,0.1429,0.5846,0.2138048006273967,0.0453408041533322,offdiag_pooled,0.56,560,0,1000,0.56,0.120885802630286,0.120885802630286,0.6,-0.024599999999999955,-0.0929189979971107,,,
harm_v2,eval_v2,5,0.1786,0.5679500000000001,0.1877099999510436,0.04867824151376543,offdiag_pooled,0.61,610,0,1000,0.61,0.19986815368274286,0.19986815368274286,0.65,0.04204999999999992,0.012158153731699262,,,
harm_v2,eval_v2,6,0.2143,0.5927,0.2264949886415275,0.16306393520747373,offdiag_pooled,0.658,658,0,1000,0.658,0.353927840850157,0.353927840850157,0.7,0.06530000000000002,0.1274328522086295,,,
harm_v2,eval_v2,7,0.25,0.6086500000000001,0.27768166606612243,0.07298119745692667,offdiag_pooled,0.586,586,0,1000,0.586,0.17767113882975671,0.17767113882975671,0.65,-0.02265000000000017,-0.10001052723636572,,,
harm_v2,eval_v2,8,0.2857,0.6030500000000001,0.2701145806651062,0.04282818992413003,offdiag_pooled,0.57,570,0,1000,0.57,0.16674660066272115,0.16674660066272115,0.65,-0.033050000000000135,-0.10336798000238503,,,
harm_v2,eval_v2,9,0.3214,0.5942999999999999,0.22811579993433034,-0.015842164038485373,offdiag_pooled,0.488,488,0,1000,0.512,-0.04298879773760695,0.04298879773760695,0.6,-0.08229999999999993,-0.1851270021967234,,,
harm_v2,eval_v2,10,0.3571,0.61345,0.2896731914108592,0.0529418945149061,offdiag_pooled,0.58,580,0,1000,0.58,0.08905806814922258,0.08905806814922258,0.65,-0.03345000000000009,-0.2006151232616366,,,
harm_v2,eval_v2,11,0.3929,0.5747,0.2208862908490689,0.05664623418800902,offdiag_pooled,0.587,587,0,1000,0.587,0.11584570438017561,0.11584570438017561,0.65,0.012299999999999978,-0.1050405864688933,,,
harm_v2,eval_v2,12,0.4286,0.5986499999999999,0.24984243354933264,0.09568555551964603,offdiag_pooled,0.615,615,0,1000,0.615,0.24836743237138165,0.24836743237138165,0.65,0.016350000000000087,-0.0014750011779509908,,,
harm_v2,eval_v2,13,0.4643,0.57805,0.1933094468800434,0.07960163081391979,offdiag_pooled,0.598,598,0,1000,0.598,0.20400557965626506,0.20400557965626506,0.65,0.019950000000000023,0.010696132776221667,,,
harm_v2,eval_v2,14,0.5,0.6006499999999999,0.24527580825941456,-0.0648535724656393,offdiag_pooled,0.437,437,0,1000,0.563,-0.19386530621690762,0.19386530621690762,0.6,-0.03764999999999996,-0.05141050204250694,,,
harm_v2,eval_v2,15,0.5357,0.5950999999999999,0.2389188807638341,-0.0870199362473856,offdiag_pooled,0.418,418,0,1000,0.5820000000000001,-0.2023966941829946,0.2023966941829946,0.65,-0.013099999999999778,-0.0365221865808395,,,
harm_v2,eval_v2,16,0.5714,0.59255,0.2466979499573016,-0.15872739143487216,offdiag_pooled,0.389,389,0,1000,0.611,-0.27357965268291645,0.27357965268291645,0.65,0.018449999999999966,0.026881702725614853,,,
harm_v2,eval_v2,17,0.6071,0.5849500000000001,0.2185283232034123,-0.11029765557509599,offdiag_pooled,0.426,426,0,1000,0.5740000000000001,-0.1870407579854258,0.1870407579854258,0.65,-0.010950000000000015,-0.03148756521798651,,,
harm_v2,eval_v2,18,0.6429,0.5822499999999999,0.22494784446192267,-0.09960940264158162,offdiag_pooled,0.436,436,0,1000,0.5640000000000001,-0.15566941869622816,0.15566941869622816,0.6,-0.018249999999999877,-0.06927842576569451,,,
harm_v2,eval_v2,19,0.6786,0.59365,0.24194883595658023,0.0030694646693083935,offdiag_pooled,0.484,484,0,1000,0.516,-0.04474759774112921,0.04474759774112921,0.6,-0.07765,-0.19720123821545102,,,
harm_v2,eval_v2,20,0.7143,0.5998999999999999,0.2466342241584678,-0.04894344538279346,offdiag_pooled,0.453,453,0,1000,0.5469999999999999,-0.10946677837657155,0.10946677837657155,0.6,-0.05289999999999995,-0.13716744578189627,,,
harm_v2,eval_v2,21,0.75,0.5917,0.21012570523472124,0.07841095053077116,offdiag_pooled,0.514,514,0,1000,0.514,0.027670611264913846,0.027670611264913846,0.6,-0.07769999999999999,-0.18245509396980739,,,
harm_v2,eval_v2,22,0.7857,0.58045,0.19837748659661317,0.033806658842004775,offdiag_pooled,0.486,486,0,1000,0.514,-0.023983615716444976,0.023983615716444976,0.6,-0.06645000000000001,-0.1743938708801682,,,
harm_v2,eval_v2,23,0.8214,0.588,0.2187044457466735,0.045125009913838124,offdiag_pooled,0.489,489,0,1000,0.511,-0.007941220676703765,0.007941220676703765,0.6,-0.07699999999999996,-0.21076322506996972,,,
harm_v2,eval_v2,24,0.8571,0.5921500000000002,0.21673996964463793,0.06917823645999856,offdiag_pooled,0.513,513,0,1000,0.513,0.017357642360259034,0.017357642360259034,0.6,-0.07915000000000016,-0.1993823272843789,,,
harm_v2,eval_v2,25,0.8929,0.58295,0.21129758489167064,0.09578970834027208,offdiag_pooled,0.527,527,0,1000,0.527,0.04532530045098781,0.04532530045098781,0.6,-0.055949999999999944,-0.16597228444068282,,,
harm_v2,eval_v2,26,0.9286,0.5889499999999999,0.21092911526845354,0.056402600941222215,offdiag_pooled,0.513,513,0,1000,0.513,0.012087364587107666,0.012087364587107666,0.6,-0.07594999999999985,-0.19884175068134588,,,
harm_v2,eval_v2,27,0.9643,0.59185,0.22182412039315227,0.03046473783582123,offdiag_pooled,0.483,483,0,1000,0.517,-0.011239118475093207,0.011239118475093207,0.6,-0.07484999999999997,-0.21058500191805907,,,
harm_v2,eval_v2,28,1.0,0.5763,0.1877539515679256,0.11184696923012805,offdiag_pooled,0.516,516,0,1000,0.516,0.08405661545295406,0.08405661545295406,0.6,-0.06030000000000002,-0.10369733611497153,,,
harm_v2,harm_v2,0,0.0,0.5,nan,0.0,diag_heldout,0.5,0,200,200,0.5,nan,nan,,0.0,nan,,,
harm_v2,harm_v2,1,0.0357,0.5609,0.13689295918497293,1.0,diag_heldout,0.825,165,0,200,0.825,0.613492239414251,0.613492239414251,,0.2641,0.4765992802292781,,,
harm_v2,harm_v2,2,0.0714,0.56315,0.17040754101813166,0.9999999999999998,diag_heldout,0.78,156,0,200,0.78,0.6647692341772737,0.6647692341772737,,0.21685,0.4943616931591421,,,
harm_v2,harm_v2,3,0.1071,0.5595999999999999,0.15415009351855258,1.0000000000000002,diag_heldout,0.805,161,0,200,0.805,0.8381160917650569,0.8381160917650569,,0.24540000000000017,0.6839659982465043,,,
harm_v2,harm_v2,4,0.1429,0.56145,0.15897735123767218,1.0,diag_heldout,0.815,163,0,200,0.815,0.7889851174339292,0.7889851174339292,,0.25354999999999994,0.630007766196257,,,
harm_v2,harm_v2,5,0.1786,0.56745,0.15249402090718406,0.9999999999999999,diag_heldout,0.825,165,0,200,0.825,0.7973149932798739,0.7973149932798739,,0.25754999999999995,0.6448209723726899,,,
harm_v2,harm_v2,6,0.2143,0.5726000000000001,0.19330901486338697,0.9999999999999999,diag_heldout,0.8,160,0,200,0.8,0.8832618290009172,0.8832618290009172,,0.22739999999999994,0.6899528141375302,,,
harm_v2,harm_v2,7,0.25,0.5513499999999999,0.1451965695095286,1.0,diag_heldout,0.785,157,0,200,0.785,0.7007165830873344,0.7007165830873344,,0.23365000000000014,0.5555200135778058,,,
harm_v2,harm_v2,8,0.2857,0.57205,0.17693025766565523,0.9999999999999998,diag_heldout,0.855,171,0,200,0.855,0.8336423393946418,0.8336423393946418,,0.28295000000000003,0.6567120817289867,,,
harm_v2,harm_v2,9,0.3214,0.567,0.16526021568291213,0.9999999999999999,diag_heldout,0.92,184,0,200,0.92,0.9277768305303747,0.9277768305303747,,0.3530000000000001,0.7625166148474626,,,
harm_v2,harm_v2,10,0.3571,0.5982999999999999,0.24330992119489436,0.9999999999999998,diag_heldout,0.9,180,0,200,0.9,0.87316504874709,0.87316504874709,,0.3017000000000001,0.6298551275521956,,,
harm_v2,harm_v2,11,0.3929,0.5776,0.18521091852973381,0.9999999999999999,diag_heldout,0.905,181,0,200,0.905,0.947194597327405,0.947194597327405,,0.3274,0.7619836787976711,,,
harm_v2,harm_v2,12,0.4286,0.5795,0.19045425223746026,1.0,diag_heldout,0.93,186,0,200,0.93,1.019715443340146,1.019715443340146,,0.35050000000000003,0.8292611911026858,,,
harm_v2,harm_v2,13,0.4643,0.6120000000000001,0.2995605265128046,0.9999999999999999,diag_heldout,0.94,188,0,200,0.94,1.0701562635745403,1.0701562635745403,,0.32799999999999985,0.7705957370617357,,,
harm_v2,harm_v2,14,0.5,0.6382000000000001,0.3303399961086485,0.9999999999999999,diag_heldout,0.98,196,0,200,0.98,1.0691624760935603,1.0691624760935603,,0.3417999999999999,0.7388224799849118,,,
harm_v2,harm_v2,15,0.5357,0.6350499999999999,0.333827938681084,1.0000000000000002,diag_heldout,0.985,197,0,200,0.985,0.9961601250129883,0.9961601250129883,,0.3499500000000001,0.6623321863319043,,,
harm_v2,harm_v2,16,0.5714,0.6779500000000002,0.4294569886387201,1.0,diag_heldout,0.995,199,0,200,0.995,1.0064857958966404,1.0064857958966404,,0.31704999999999983,0.5770288072579204,,,
harm_v2,harm_v2,17,0.6071,0.65465,0.39040912829636903,1.0000000000000002,diag_heldout,0.99,198,0,200,0.99,1.0262731685595166,1.0262731685595166,,0.33535000000000004,0.6358640402631475,,,
harm_v2,harm_v2,18,0.6429,0.6439999999999999,0.41475465037829584,1.0,diag_heldout,0.99,198,0,200,0.99,1.0892908522868918,1.0892908522868918,,0.3460000000000001,0.674536201908596,,,
harm_v2,harm_v2,19,0.6786,0.7276,0.617069900639825,0.9999999999999999,diag_heldout,0.99,198,0,200,0.99,1.4461730676641178,1.4461730676641178,,0.26239999999999997,0.8291031670242928,,,
harm_v2,harm_v2,20,0.7143,0.73445,0.6528753149844062,1.0000000000000002,diag_heldout,0.99,198,0,200,0.99,1.4447248703202538,1.4447248703202538,,0.25554999999999994,0.7918495553358476,,,
harm_v2,harm_v2,21,0.75,0.6437,0.4298751052382582,1.0,diag_heldout,0.985,197,0,200,0.985,1.4733913182621445,1.4733913182621445,,0.34129999999999994,1.0435162130238864,,,
harm_v2,harm_v2,22,0.7857,0.68045,0.5542646504778772,1.0,diag_heldout,0.985,197,0,200,0.985,1.4342093154414002,1.4342093154414002,,0.30455,0.879944664963523,,,
harm_v2,harm_v2,23,0.8214,0.66705,0.48334816168271344,1.0,diag_heldout,0.99,198,0,200,0.99,1.4231381677459984,1.4231381677459984,,0.32294999999999996,0.939790006063285,,,
harm_v2,harm_v2,24,0.8571,0.7337,0.6642461641774104,0.9999999999999999,diag_heldout,0.975,195,0,200,0.975,1.4166123116412948,1.4166123116412948,,0.24129999999999996,0.7523661474638843,,,
harm_v2,harm_v2,25,0.8929,0.6813500000000001,0.49889737265195705,1.0,diag_heldout,0.975,195,0,200,0.975,1.4126697128687375,1.4126697128687375,,0.29364999999999986,0.9137723402167806,,,
harm_v2,harm_v2,26,0.9286,0.7043999999999999,0.6082160761228631,1.0000000000000002,diag_heldout,0.98,196,0,200,0.98,1.4176554850526097,1.4176554850526097,,0.27560000000000007,0.8094394089297466,,,
harm_v2,harm_v2,27,0.9643,0.6966,0.5565341366586881,1.0,diag_heldout,0.985,197,0,200,0.985,1.4290307471158703,1.4290307471158703,,0.2884,0.8724966104571822,,,
harm_v2,harm_v2,28,1.0,0.6957000000000001,0.5292558301879225,0.9999999999999998,diag_heldout,0.98,196,0,200,0.98,1.5028737941336492,1.5028737941336492,,0.2842999999999999,0.9736179639457266,,,
harm_v2,persona_v2,0,0.0,0.5,nan,0.0,offdiag_pooled,0.5,0,1000,1000,0.5,nan,nan,0.6,0.0,nan,,,
harm_v2,persona_v2,1,0.0357,0.70085,0.5741353022961293,-0.09486895325034612,offdiag_pooled,0.267,267,0,1000,0.733,-0.5105266102720732,0.5105266102720732,,0.03215000000000001,-0.06360869202405606,,,
harm_v2,persona_v2,2,0.0714,0.68855,0.5058300243981881,-0.029017951996859283,offdiag_pooled,0.413,413,0,1000,0.587,-0.2012607024973689,0.2012607024973689,0.65,-0.10155000000000003,-0.3045693219008192,,,
harm_v2,persona_v2,3,0.1071,0.69465,0.5246328939858452,0.0022242127481847574,offdiag_pooled,0.503,503,0,1000,0.503,0.06997533599860178,0.06997533599860178,0.6,-0.19165,-0.45465755798724344,,,
harm_v2,persona_v2,4,0.1429,0.6973499999999999,0.5665574538006057,0.12637451873992456,offdiag_pooled,0.938,938,0,1000,0.938,1.4118975072109825,1.4118975072109825,,0.24065000000000003,0.8453400534103768,,,
harm_v2,persona_v2,5,0.1786,0.7046,0.5663853957502221,0.1644803442919411,offdiag_pooled,0.933,933,0,1000,0.933,1.4825657798119691,1.4825657798119691,,0.22840000000000005,0.9161803840617471,,,
harm_v2,persona_v2,6,0.2143,0.6697,0.4757746802135715,0.2438188027796707,offdiag_pooled,0.913,913,0,1000,0.913,1.2510422090687645,1.2510422090687645,,0.24330000000000007,0.775267528855193,,,
harm_v2,persona_v2,7,0.25,0.7432000000000001,0.7177219483445773,0.3040698699090593,offdiag_pooled,0.929,929,0,1000,0.929,1.508791130391264,1.508791130391264,,0.18579999999999997,0.7910691820466867,,,
harm_v2,persona_v2,8,0.2857,0.74685,0.7010234544026718,0.30236155729268865,offdiag_pooled,0.97,970,0,1000,0.97,1.8192092229352061,1.8192092229352061,,0.22314999999999996,1.1181857685325345,,,
harm_v2,persona_v2,9,0.3214,0.7031,0.5716684571887651,0.27762892099952036,offdiag_pooled,0.951,951,0,1000,0.951,1.5578450254211413,1.5578450254211413,,0.2479,0.9861765682323762,,,
harm_v2,persona_v2,10,0.3571,0.6875500000000001,0.5327121097586907,0.19881002666152656,offdiag_pooled,0.934,934,0,1000,0.934,1.4218897113317408,1.4218897113317408,,0.24644999999999995,0.8891776015730501,,,
harm_v2,persona_v2,11,0.3929,0.71755,0.6235576401266112,0.20446853677066773,offdiag_pooled,0.96,960,0,1000,0.96,1.5622655742258689,1.5622655742258689,,0.24244999999999994,0.9387079340992577,,,
harm_v2,persona_v2,12,0.4286,0.67215,0.48656952244417384,0.21271292144072948,offdiag_pooled,0.955,955,0,1000,0.955,1.5875463677130788,1.5875463677130788,,0.28284999999999993,1.1009768452689048,,,
harm_v2,persona_v2,13,0.4643,0.71275,0.6079693010053554,0.20989559846095954,offdiag_pooled,0.949,949,0,1000,0.949,1.5546686407692496,1.5546686407692496,,0.23624999999999996,0.9466993397638942,,,
harm_v2,persona_v2,14,0.5,0.6979999999999998,0.6042400248975816,-0.08711873923822881,offdiag_pooled,0.44,440,0,1000,0.56,-0.3174970651585923,0.3174970651585923,0.6,-0.1379999999999998,-0.2867429597389893,,,
harm_v2,persona_v2,15,0.5357,0.6268500000000001,0.33438179806703894,-0.23972159298919735,offdiag_pooled,0.338,338,0,1000,0.6619999999999999,-0.5733314210389866,0.5733314210389866,0.7,0.03514999999999979,0.23894962297194766,,,
harm_v2,persona_v2,16,0.5714,0.68205,0.49425169979822553,-0.36688225430287097,offdiag_pooled,0.251,251,0,1000,0.749,-0.7276004736885177,0.7276004736885177,,0.06694999999999995,0.23334877389029213,,,
harm_v2,persona_v2,17,0.6071,0.7128500000000002,0.5802682737809998,-0.3210736713923682,offdiag_pooled,0.314,314,0,1000,0.6859999999999999,-0.6345190074366969,0.6345190074366969,0.75,-0.026850000000000263,0.0542507336556971,,,
harm_v2,persona_v2,18,0.6429,0.6486000000000001,0.40127642914520856,-0.32797159819490285,offdiag_pooled,0.31,310,0,1000,0.69,-0.6269365603797606,0.6269365603797606,0.75,0.04139999999999988,0.22566013123455209,,,
harm_v2,persona_v2,19,0.6786,0.6762,0.4722590171412285,-0.1518648957160917,offdiag_pooled,0.39,390,0,1000,0.61,-0.28534332724935296,0.28534332724935296,0.65,-0.06620000000000004,-0.1869156898918755,,,
harm_v2,persona_v2,20,0.7143,0.64855,0.3976658023865291,-0.19503023226240085,offdiag_pooled,0.363,363,0,1000,0.637,-0.36202824290963315,0.36202824290963315,0.7,-0.01154999999999995,-0.03563755947689595,,,
harm_v2,persona_v2,21,0.75,0.6691999999999999,0.4321706156887776,-0.05121452929732906,offdiag_pooled,0.452,452,0,1000,0.548,-0.05795609595448093,0.05795609595448093,0.6,-0.12119999999999986,-0.3742145197342967,,,
harm_v2,persona_v2,22,0.7857,0.6612500000000001,0.4190105341363468,-0.012547055888093113,offdiag_pooled,0.499,499,0,1000,0.501,0.01040306467985618,0.01040306467985618,0.6,-0.16025000000000011,-0.4086074694564906,,,
harm_v2,persona_v2,23,0.8214,0.6480499999999999,0.39617446383661875,-0.03142557458622918,offdiag_pooled,0.482,482,0,1000,0.518,-0.029986449462429402,0.029986449462429402,0.6,-0.1300499999999999,-0.36618801437418935,,,
harm_v2,persona_v2,24,0.8571,0.6112,0.3156143028405682,-0.010534209756243074,offdiag_pooled,0.5,500,0,1000,0.5,0.007966779020442608,0.007966779020442608,0.6,-0.11119999999999997,-0.30764752382012556,,,
harm_v2,persona_v2,25,0.8929,0.6219499999999999,0.29822261954216733,0.05034203784457957,offdiag_pooled,0.542,542,0,1000,0.542,0.10958870000763053,0.10958870000763053,0.6,-0.07994999999999985,-0.1886339195345368,,,
harm_v2,persona_v2,26,0.9286,0.6740499999999999,0.45382319155065326,0.06319424320069832,offdiag_pooled,0.556,556,0,1000,0.556,0.12928296649883597,0.12928296649883597,0.6,-0.11804999999999988,-0.3245402250518173,,,
harm_v2,persona_v2,27,0.9643,0.6339499999999999,0.36001268127369396,0.043922659945220696,offdiag_pooled,0.527,527,0,1000,0.527,0.09662711204397405,0.09662711204397405,0.6,-0.10694999999999988,-0.2633855692297199,,,
harm_v2,persona_v2,28,1.0,0.6192000000000001,0.29686582170319775,-0.013263795030832201,offdiag_pooled,0.455,455,0,1000,0.5449999999999999,-0.009937934476201253,0.009937934476201253,0.6,-0.07420000000000015,-0.2869278872269965,,,
harm_v2,story_v2_1k,0,0.0,0.5,nan,0.0,offdiag_pooled,0.5,0,1000,1000,0.5,nan,nan,0.6,0.0,nan,,,
harm_v2,story_v2_1k,1,0.0357,0.6134000000000001,0.2980546123474933,-0.041978057301383244,offdiag_pooled,0.424,424,0,1000,0.5760000000000001,-0.1833372201576045,0.1833372201576045,0.65,-0.03739999999999999,-0.1147173921898888,,,
harm_v2,story_v2_1k,2,0.0714,0.6073,0.2719925283957513,-0.06376743348082041,offdiag_pooled,0.417,417,0,1000,0.583,-0.2068633639829591,0.2068633639829591,0.65,-0.02429999999999999,-0.06512916441279218,,,
harm_v2,story_v2_1k,3,0.1071,0.61765,0.30430973428426883,0.016041583173588694,offdiag_pooled,0.537,537,0,1000,0.537,0.052278373487100856,0.052278373487100856,0.6,-0.08065,-0.252031360797168,,,
harm_v2,story_v2_1k,4,0.1429,0.6301,0.33591728871411397,0.01427043499650443,offdiag_pooled,0.528,528,0,1000,0.528,0.06126087115338584,0.06126087115338584,0.6,-0.10209999999999997,-0.2746564175607281,,,
harm_v2,story_v2_1k,5,0.1786,0.6626500000000001,0.4388809476137743,0.031829562947088136,offdiag_pooled,0.599,599,0,1000,0.599,0.24186745049443825,0.24186745049443825,0.65,-0.0636500000000001,-0.19701349711933602,,,
harm_v2,story_v2_1k,6,0.2143,0.6222000000000001,0.32266728712900544,-0.004683236606029147,offdiag_pooled,0.495,495,0,1000,0.505,-0.01809444742179537,0.01809444742179537,0.6,-0.11720000000000008,-0.30457283970721005,,,
harm_v2,story_v2_1k,7,0.25,0.6232500000000001,0.32768141389820865,0.05803154389403054,offdiag_pooled,0.61,610,0,1000,0.61,0.3035611827725702,0.3035611827725702,0.65,-0.013250000000000095,-0.024120231125638436,,,
harm_v2,story_v2_1k,8,0.2857,0.6523,0.41869435914802156,0.030941006698592254,offdiag_pooled,0.565,565,0,1000,0.565,0.16656432624845374,0.16656432624845374,0.6,-0.08730000000000004,-0.2521300328995678,,,
harm_v2,story_v2_1k,9,0.3214,0.6737500000000001,0.4682535517811964,0.11370197836758758,offdiag_pooled,0.793,793,0,1000,0.793,0.8263261832852348,0.8263261832852348,,0.11924999999999997,0.3580726315040384,,,
harm_v2,story_v2_1k,10,0.3571,0.7216,0.6305914160140256,0.032478313855558355,offdiag_pooled,0.583,583,0,1000,0.583,0.23486041734394703,0.23486041734394703,0.65,-0.13860000000000006,-0.39573099867007855,,,
harm_v2,story_v2_1k,11,0.3929,0.6838000000000001,0.4860079260083044,0.09279623244501654,offdiag_pooled,0.772,772,0,1000,0.772,0.7492408077885795,0.7492408077885795,,0.08819999999999995,0.2632328817802751,,,
harm_v2,story_v2_1k,12,0.4286,0.6990500000000001,0.5423997046392924,0.08670619534236766,offdiag_pooled,0.744,744,0,1000,0.744,0.6600374305959249,0.6600374305959249,,0.044949999999999934,0.11763772595663247,,,
harm_v2,story_v2_1k,13,0.4643,0.6700999999999999,0.46619270774012056,0.08147744694177092,offdiag_pooled,0.756,756,0,1000,0.756,0.672635755998828,0.672635755998828,,0.08590000000000009,0.2064430482587074,,,
harm_v2,story_v2_1k,14,0.5,0.7421,0.7114279925349517,0.1291034428255041,offdiag_pooled,0.923,923,0,1000,0.923,1.3546031700494674,1.3546031700494674,,0.18090000000000006,0.6431751775145157,,,
harm_v2,story_v2_1k,15,0.5357,0.7075,0.6020113120045805,0.0533995187416597,offdiag_pooled,0.75,750,0,1000,0.75,0.7046340857796852,0.7046340857796852,,0.04249999999999998,0.10262277377510476,,,
harm_v2,story_v2_1k,16,0.5714,0.70305,0.5986077735356757,0.01150908069845366,offdiag_pooled,0.57,570,0,1000,0.57,0.16948168291297772,0.16948168291297772,0.65,-0.13305,-0.429126090622698,,,
harm_v2,story_v2_1k,17,0.6071,0.7596499999999999,0.8302956848948678,-0.011826998524995743,offdiag_pooled,0.461,461,0,1000,0.5389999999999999,-0.1422791455084308,0.1422791455084308,0.6,-0.22065,-0.688016539386437,,,
harm_v2,story_v2_1k,18,0.6429,0.76215,0.8228785871431572,-0.017167808137600236,offdiag_pooled,0.434,434,0,1000,0.5660000000000001,-0.23892181826817402,0.23892181826817402,0.6,-0.19614999999999994,-0.5839567688749832,,,
harm_v2,story_v2_1k,19,0.6786,0.70615,0.5997314617203001,0.055110192754286594,offdiag_pooled,0.761,761,0,1000,0.761,0.6974636851445294,0.6974636851445294,,0.054849999999999954,0.09773222342422927,,,
harm_v2,story_v2_1k,20,0.7143,0.7610999999999999,0.7864346619663128,0.04852936151926221,offdiag_pooled,0.776,776,0,1000,0.776,0.7379243953835711,0.7379243953835711,,0.014900000000000135,-0.04851026658274171,,,
harm_v2,story_v2_1k,21,0.75,0.76055,0.8133489305690688,0.07442712758019199,offdiag_pooled,0.855,855,0,1000,0.855,1.05915403032954,1.05915403032954,,0.09445000000000003,0.24580509976047116,,,
harm_v2,story_v2_1k,22,0.7857,0.75335,0.7471092276574076,0.024530741000734352,offdiag_pooled,0.629,629,0,1000,0.629,0.39495132434893515,0.39495132434893515,0.7,-0.12434999999999996,-0.35215790330847246,,,
harm_v2,story_v2_1k,23,0.8214,0.7112999999999999,0.6753046889404963,0.03979754381412942,offdiag_pooled,0.726,726,0,1000,0.726,0.6005414769146953,0.6005414769146953,,0.014700000000000046,-0.07476321202580105,,,
harm_v2,story_v2_1k,24,0.8571,0.7332000000000001,0.6908229903205221,0.05840999646980204,offdiag_pooled,0.819,819,0,1000,0.819,0.8923697536677915,0.8923697536677915,,0.08579999999999988,0.2015467633472694,,,
harm_v2,story_v2_1k,25,0.8929,0.6282499999999999,0.35180652949659663,0.07275319905185522,offdiag_pooled,0.867,867,0,1000,0.867,1.1224645829573465,1.1224645829573465,,0.23875000000000013,0.7706580534607499,,,
harm_v2,story_v2_1k,26,0.9286,0.7522,0.7312698949127399,0.06236199154274967,offdiag_pooled,0.822,822,0,1000,0.822,0.9152898019369774,0.9152898019369774,,0.06979999999999997,0.18401990702423754,,,
harm_v2,story_v2_1k,27,0.9643,0.7008,0.5613358564245555,0.06298090702343186,offdiag_pooled,0.835,835,0,1000,0.835,0.9898837713718347,0.9898837713718347,,0.13419999999999999,0.4285479149472792,,,
harm_v2,story_v2_1k,28,1.0,0.76535,0.8176541068034944,0.13011433523219884,offdiag_pooled,0.932,932,0,1000,0.932,1.4373782657599847,1.4373782657599847,,0.16665000000000008,0.6197241589564904,,,
persona_v2,eval_v2,0,0.0,0.5,nan,0.0,offdiag_pooled,0.5,0,1000,1000,0.5,nan,nan,0.6,0.0,nan,,,
persona_v2,eval_v2,1,0.0357,0.5913,0.20684840092853363,-0.121059439051074,offdiag_pooled,0.561,561,0,1000,0.561,-0.07106426696120288,0.07106426696120288,0.6,-0.030299999999999994,-0.13578413396733074,,,
persona_v2,eval_v2,2,0.0714,0.58785,0.20193202255318182,-0.08811671294406091,offdiag_pooled,0.499,499,0,1000,0.501,-0.06135668334305575,0.06135668334305575,0.6,-0.08684999999999998,-0.14057533921012608,,,
persona_v2,eval_v2,3,0.1071,0.5904,0.19927945332950125,0.09581378730638931,offdiag_pooled,0.557,557,0,1000,0.557,0.17337322732756247,0.17337322732756247,0.6,-0.033399999999999985,-0.025906226001938787,,,
persona_v2,eval_v2,4,0.1429,0.5846,0.2138048006273967,-0.009831410898787089,offdiag_pooled,0.484,484,0,1000,0.516,-0.01586577457422403,0.01586577457422403,0.6,-0.0686,-0.19793902605317268,,,
persona_v2,eval_v2,5,0.1786,0.5679500000000001,0.1877099999510436,0.1266096919502137,offdiag_pooled,0.6,600,0,1000,0.6,0.26445567995743374,0.26445567995743374,0.65,0.03204999999999991,0.07674568000639015,,,
persona_v2,eval_v2,6,0.2143,0.5927,0.2264949886415275,0.10367080557221243,offdiag_pooled,0.538,538,0,1000,0.538,0.08379513052801522,0.08379513052801522,0.6,-0.05469999999999997,-0.14269985811351227,,,
persona_v2,eval_v2,7,0.25,0.6086500000000001,0.27768166606612243,0.10849349499083889,offdiag_pooled,0.53,530,0,1000,0.53,0.11313946476650484,0.11313946476650484,0.6,-0.07865000000000011,-0.1645422012996176,,,
persona_v2,eval_v2,8,0.2857,0.6030500000000001,0.2701145806651062,0.10026239667926716,offdiag_pooled,0.565,565,0,1000,0.565,0.1838635623112911,0.1838635623112911,0.6,-0.03805000000000014,-0.08625101835381507,,,
persona_v2,eval_v2,9,0.3214,0.5942999999999999,0.22811579993433034,0.08051122774630098,offdiag_pooled,0.567,567,0,1000,0.567,0.21965209112811612,0.21965209112811612,0.6,-0.02729999999999999,-0.00846370880621422,,,
persona_v2,eval_v2,10,0.3571,0.61345,0.2896731914108592,0.17556207715516103,offdiag_pooled,0.607,607,0,1000,0.607,0.33336080731790957,0.33336080731790957,0.65,-0.006450000000000067,0.04368761590705039,,,
persona_v2,eval_v2,11,0.3929,0.5747,0.2208862908490689,0.18297363567194005,offdiag_pooled,0.614,614,0,1000,0.614,0.3090239680044769,0.3090239680044769,0.65,0.0393,0.08813767715540799,,,
persona_v2,eval_v2,12,0.4286,0.5986499999999999,0.24984243354933264,0.21111892507995972,offdiag_pooled,0.635,635,0,1000,0.635,0.31561148479426193,0.31561148479426193,0.7,0.036350000000000104,0.0657690512449293,,,
persona_v2,eval_v2,13,0.4643,0.57805,0.1933094468800434,0.2261900517406567,offdiag_pooled,0.693,693,0,1000,0.693,0.4504906723677233,0.4504906723677233,0.75,0.11495,0.25718122548767985,,,
persona_v2,eval_v2,14,0.5,0.6006499999999999,0.24527580825941456,0.27998079758533906,offdiag_pooled,0.828,828,0,1000,0.828,0.9371406329896469,0.9371406329896469,,0.22735000000000005,0.6918648247302324,,,
persona_v2,eval_v2,15,0.5357,0.5950999999999999,0.2389188807638341,0.29552051219278436,offdiag_pooled,0.825,825,0,1000,0.825,0.8766988739290743,0.8766988739290743,,0.2299000000000001,0.6377799931652401,,,
persona_v2,eval_v2,16,0.5714,0.59255,0.2466979499573016,0.36410877885792214,offdiag_pooled,0.792,792,0,1000,0.792,0.7486970830311525,0.7486970830311525,,0.19945000000000002,0.5019991330738509,,,
persona_v2,eval_v2,17,0.6071,0.5849500000000001,0.2185283232034123,0.3324119747859816,offdiag_pooled,0.776,776,0,1000,0.776,0.7105608963283717,0.7105608963283717,,0.19104999999999994,0.4920325731249594,,,
persona_v2,eval_v2,18,0.6429,0.5822499999999999,0.22494784446192267,0.34693055584625404,offdiag_pooled,0.774,774,0,1000,0.774,0.7018215518226278,0.7018215518226278,,0.1917500000000001,0.47687370736070517,,,
persona_v2,eval_v2,19,0.6786,0.59365,0.24194883595658023,0.42093247069899264,offdiag_pooled,0.844,844,0,1000,0.844,0.8976600971890869,0.8976600971890869,,0.25034999999999996,0.6557112612325067,,,
persona_v2,eval_v2,20,0.7143,0.5998999999999999,0.2466342241584678,0.3848262373864437,offdiag_pooled,0.824,824,0,1000,0.824,0.850976438022304,0.850976438022304,,0.22410000000000008,0.6043422138638362,,,
persona_v2,eval_v2,21,0.75,0.5917,0.21012570523472124,0.3664670306214285,offdiag_pooled,0.818,818,0,1000,0.818,0.821256939759478,0.821256939759478,,0.22629999999999995,0.6111312345247568,,,
persona_v2,eval_v2,22,0.7857,0.58045,0.19837748659661317,0.3166604063347038,offdiag_pooled,0.763,763,0,1000,0.763,0.6699988482190675,0.6699988482190675,,0.18255,0.4716213616224544,,,
persona_v2,eval_v2,23,0.8214,0.588,0.2187044457466735,0.3234450912995061,offdiag_pooled,0.756,756,0,1000,0.756,0.6434281567578457,0.6434281567578457,,0.16800000000000004,0.42472371101117223,,,
persona_v2,eval_v2,24,0.8571,0.5921500000000002,0.21673996964463793,0.3212176048548359,offdiag_pooled,0.765,765,0,1000,0.765,0.6354190231660916,0.6354190231660916,,0.17284999999999984,0.4186790535214536,,,
persona_v2,eval_v2,25,0.8929,0.58295,0.21129758489167064,0.2987342513507309,offdiag_pooled,0.726,726,0,1000,0.726,0.5380651053808697,0.5380651053808697,,0.14305,0.3267675204891991,,,
persona_v2,eval_v2,26,0.9286,0.5889499999999999,0.21092911526845354,0.29499174701054703,offdiag_pooled,0.725,725,0,1000,0.725,0.5149582127470983,0.5149582127470983,,0.13605000000000012,0.30402909747864476,,,
persona_v2,eval_v2,27,0.9643,0.59185,0.22182412039315227,0.27232666461301974,offdiag_pooled,0.718,718,0,1000,0.718,0.5000785842958237,0.5000785842958237,0.75,0.12614999999999998,0.2782544639026715,,,
persona_v2,eval_v2,28,1.0,0.5763,0.1877539515679256,0.1251897279378961,offdiag_pooled,0.618,618,0,1000,0.618,0.2642551009863986,0.2642551009863986,0.65,0.04169999999999996,0.076501149418473,,,
persona_v2,harm_v2,0,0.0,0.5,nan,0.0,offdiag_pooled,0.5,0,1000,1000,0.5,nan,nan,0.6,0.0,nan,,,
persona_v2,harm_v2,1,0.0357,0.5609,0.13689295918497293,-0.09486895325034612,offdiag_pooled,0.385,385,0,1000,0.615,-0.17884433569235045,0.17884433569235045,0.65,0.05410000000000004,0.041951376507377514,,,
persona_v2,harm_v2,2,0.0714,0.56315,0.17040754101813166,-0.029017951996859283,offdiag_pooled,0.486,486,0,1000,0.514,-0.04940795037646251,0.04940795037646251,0.6,-0.04915000000000003,-0.12099959064166915,,,
persona_v2,harm_v2,3,0.1071,0.5595999999999999,0.15415009351855258,0.0022242127481847574,offdiag_pooled,0.525,525,0,1000,0.525,0.04129562529937158,0.04129562529937158,0.6,-0.03459999999999985,-0.11285446821918099,,,
persona_v2,harm_v2,4,0.1429,0.56145,0.15897735123767218,0.12637451873992456,offdiag_pooled,0.608,608,0,1000,0.608,0.26174872696233076,0.26174872696233076,0.65,0.04654999999999998,0.10277137572465858,,,
persona_v2,harm_v2,5,0.1786,0.56745,0.15249402090718406,0.1644803442919411,offdiag_pooled,0.649,649,0,1000,0.649,0.33790055675881703,0.33790055675881703,0.7,0.08155000000000001,0.18540653585163297,,,
persona_v2,harm_v2,6,0.2143,0.5726000000000001,0.19330901486338697,0.2438188027796707,offdiag_pooled,0.609,609,0,1000,0.609,0.29526962389098693,0.29526962389098693,0.65,0.03639999999999988,0.10196060902759996,,,
persona_v2,harm_v2,7,0.25,0.5513499999999999,0.1451965695095286,0.3040698699090593,offdiag_pooled,0.643,643,0,1000,0.643,0.3425303549198247,0.3425303549198247,0.7,0.09165000000000012,0.1973337854102961,,,
persona_v2,harm_v2,8,0.2857,0.57205,0.17693025766565523,0.30236155729268865,offdiag_pooled,0.686,686,0,1000,0.686,0.42079313985727235,0.42079313985727235,0.75,0.1139500000000001,0.24386288219161711,,,
persona_v2,harm_v2,9,0.3214,0.567,0.16526021568291213,0.27762892099952036,offdiag_pooled,0.719,719,0,1000,0.719,0.5346437805771214,0.5346437805771214,0.75,0.15200000000000002,0.3693835648942092,,,
persona_v2,harm_v2,10,0.3571,0.5982999999999999,0.24330992119489436,0.19881002666152656,offdiag_pooled,0.639,639,0,1000,0.639,0.31762542103945546,0.31762542103945546,0.7,0.04070000000000007,0.0743154998445611,,,
persona_v2,harm_v2,11,0.3929,0.5776,0.18521091852973381,0.20446853677066773,offdiag_pooled,0.652,652,0,1000,0.652,0.3438027013879687,0.3438027013879687,0.7,0.07440000000000002,0.1585917828582349,,,
persona_v2,harm_v2,12,0.4286,0.5795,0.19045425223746026,0.21271292144072948,offdiag_pooled,0.691,691,0,1000,0.691,0.3916840487051509,0.3916840487051509,0.75,0.11149999999999993,0.20122979646769062,,,
persona_v2,harm_v2,13,0.4643,0.6120000000000001,0.2995605265128046,0.20989559846095954,offdiag_pooled,0.699,699,0,1000,0.699,0.47090276600832853,0.47090276600832853,0.75,0.08699999999999986,0.1713422394955239,,,
persona_v2,harm_v2,14,0.5,0.6382000000000001,0.3303399961086485,-0.08711873923822881,offdiag_pooled,0.342,342,0,1000,0.6579999999999999,-0.3268812445736786,0.3268812445736786,0.7,0.019799999999999818,-0.003458751534969884,,,
persona_v2,harm_v2,15,0.5357,0.6350499999999999,0.333827938681084,-0.23972159298919735,offdiag_pooled,0.193,193,0,1000,0.8069999999999999,-0.6989154642045206,0.6989154642045206,,0.17195000000000005,0.36508752552343654,,,
persona_v2,harm_v2,16,0.5714,0.6779500000000002,0.4294569886387201,-0.36688225430287097,offdiag_pooled,0.171,171,0,1000,0.829,-0.7997144427444383,0.7997144427444383,,0.1510499999999998,0.37025745410571814,,,
persona_v2,harm_v2,17,0.6071,0.65465,0.39040912829636903,-0.3210736713923682,offdiag_pooled,0.178,178,0,1000,0.8220000000000001,-0.7751188245336855,0.7751188245336855,,0.1673500000000001,0.3847096962373165,,,
persona_v2,harm_v2,18,0.6429,0.6439999999999999,0.41475465037829584,-0.32797159819490285,offdiag_pooled,0.167,167,0,1000,0.833,-0.8432399456311936,0.8432399456311936,,0.18900000000000006,0.4284852952528978,,,
persona_v2,harm_v2,19,0.6786,0.7276,0.617069900639825,-0.1518648957160917,offdiag_pooled,0.209,209,0,1000,0.791,-0.6848341943529027,0.6848341943529027,,0.06340000000000001,0.06776429371307768,,,
persona_v2,harm_v2,20,0.7143,0.73445,0.6528753149844062,-0.19503023226240085,offdiag_pooled,0.172,172,0,1000,0.8280000000000001,-0.8452488474784319,0.8452488474784319,,0.09355000000000002,0.19237353249402567,,,
persona_v2,harm_v2,21,0.75,0.6437,0.4298751052382582,-0.05121452929732906,offdiag_pooled,0.442,442,0,1000,0.558,-0.3157043390017486,0.3157043390017486,0.6,-0.0857,-0.11417076623650962,,,
persona_v2,harm_v2,22,0.7857,0.68045,0.5542646504778772,-0.012547055888093113,offdiag_pooled,0.55,550,0,1000,0.55,-0.09774482321815822,0.09774482321815822,0.6,-0.13044999999999995,-0.45651982725971896,,,
persona_v2,harm_v2,23,0.8214,0.66705,0.48334816168271344,-0.03142557458622918,offdiag_pooled,0.481,481,0,1000,0.519,-0.19097287781876626,0.19097287781876626,0.6,-0.14805000000000001,-0.2923752838639472,,,
persona_v2,harm_v2,24,0.8571,0.7337,0.6642461641774104,-0.010534209756243074,offdiag_pooled,0.516,516,0,1000,0.516,-0.06771553449627485,0.06771553449627485,0.6,-0.2177,-0.5965306296811356,,,
persona_v2,harm_v2,25,0.8929,0.6813500000000001,0.49889737265195705,0.05034203784457957,offdiag_pooled,0.634,634,0,1000,0.634,0.2661707214963628,0.2661707214963628,0.7,-0.047350000000000114,-0.23272665115559427,,,
persona_v2,harm_v2,26,0.9286,0.7043999999999999,0.6082160761228631,0.06319424320069832,offdiag_pooled,0.652,652,0,1000,0.652,0.33812503277645745,0.33812503277645745,0.7,-0.05239999999999989,-0.27009104334640566,,,
persona_v2,harm_v2,27,0.9643,0.6966,0.5565341366586881,0.043922659945220696,offdiag_pooled,0.62,620,0,1000,0.62,0.23246110282195298,0.23246110282195298,0.7,-0.0766,-0.32407303383673514,,,
persona_v2,harm_v2,28,1.0,0.6957000000000001,0.5292558301879225,-0.013263795030832201,offdiag_pooled,0.48,480,0,1000,0.52,-0.07605825621703521,0.07605825621703521,0.6,-0.17570000000000008,-0.45319757397088734,,,
persona_v2,persona_v2,0,0.0,0.5,nan,0.0,diag_heldout,0.5,0,200,200,0.5,nan,nan,,0.0,nan,,,
persona_v2,persona_v2,1,0.0357,0.70085,0.5741353022961293,1.0,diag_heldout,0.99,198,0,200,0.99,1.9817133131196123,1.9817133131196123,,0.28915,1.407578010823483,,,
persona_v2,persona_v2,2,0.0714,0.68855,0.5058300243981881,0.9999999999999998,diag_heldout,0.99,198,0,200,0.99,2.138825649711483,2.138825649711483,,0.30145,1.632995625313295,,,
persona_v2,persona_v2,3,0.1071,0.69465,0.5246328939858452,1.0,diag_heldout,1.0,200,0,200,1.0,2.2220675685281823,2.2220675685281823,,0.30535,1.697434674542337,,,
persona_v2,persona_v2,4,0.1429,0.6973499999999999,0.5665574538006057,1.0000000000000002,diag_heldout,1.0,200,0,200,1.0,2.472792086854386,2.472792086854386,,0.3026500000000001,1.9062346330537803,,,
persona_v2,persona_v2,5,0.1786,0.7046,0.5663853957502221,1.0000000000000002,diag_heldout,1.0,200,0,200,1.0,2.655533185639189,2.655533185639189,,0.2954,2.089147789888967,,,
persona_v2,persona_v2,6,0.2143,0.6697,0.4757746802135715,0.9999999999999999,diag_heldout,0.99,198,0,200,0.99,2.2952860120567107,2.2952860120567107,,0.32030000000000003,1.819511331843139,,,
persona_v2,persona_v2,7,0.25,0.7432000000000001,0.7177219483445773,0.9999999999999998,diag_heldout,0.995,199,0,200,0.995,2.4918076434192744,2.4918076434192744,,0.2517999999999999,1.7740856950746973,,,
persona_v2,persona_v2,8,0.2857,0.74685,0.7010234544026718,1.0,diag_heldout,0.995,199,0,200,0.995,2.7073823861082453,2.7073823861082453,,0.24814999999999998,2.0063589317055737,,,
persona_v2,persona_v2,9,0.3214,0.7031,0.5716684571887651,0.9999999999999999,diag_heldout,0.995,199,0,200,0.995,2.695227290450047,2.695227290450047,,0.29190000000000005,2.1235588332612823,,,
persona_v2,persona_v2,10,0.3571,0.6875500000000001,0.5327121097586907,0.9999999999999999,diag_heldout,1.0,200,0,200,1.0,2.2131474645252096,2.2131474645252096,,0.3124499999999999,1.680435354766519,,,
persona_v2,persona_v2,11,0.3929,0.71755,0.6235576401266112,1.0,diag_heldout,1.0,200,0,200,1.0,2.198873008504604,2.198873008504604,,0.28245,1.5753153683779928,,,
persona_v2,persona_v2,12,0.4286,0.67215,0.48656952244417384,1.0000000000000002,diag_heldout,1.0,200,0,200,1.0,2.27232822699433,2.27232822699433,,0.32785,1.785758704550156,,,
persona_v2,persona_v2,13,0.4643,0.71275,0.6079693010053554,1.0,diag_heldout,1.0,200,0,200,1.0,2.569668427118382,2.569668427118382,,0.28725,1.9616991261130265,,,
persona_v2,persona_v2,14,0.5,0.6979999999999998,0.6042400248975816,0.9999999999999998,diag_heldout,1.0,200,0,200,1.0,2.808477973703298,2.808477973703298,,0.30200000000000016,2.204237948805716,,,
persona_v2,persona_v2,15,0.5357,0.6268500000000001,0.33438179806703894,1.0,diag_heldout,1.0,200,0,200,1.0,2.4487153176232535,2.4487153176232535,,0.37314999999999987,2.1143335195562143,,,
persona_v2,persona_v2,16,0.5714,0.68205,0.49425169979822553,0.9999999999999998,diag_heldout,0.99,198,0,200,0.99,2.0492954265251457,2.0492954265251457,,0.30794999999999995,1.5550437267269202,,,
persona_v2,persona_v2,17,0.6071,0.7128500000000002,0.5802682737809998,1.0,diag_heldout,1.0,200,0,200,1.0,1.980882681024573,1.980882681024573,,0.2871499999999998,1.4006144072435731,,,
persona_v2,persona_v2,18,0.6429,0.6486000000000001,0.40127642914520856,1.0000000000000002,diag_heldout,1.0,200,0,200,1.0,1.9950923160296994,1.9950923160296994,,0.35139999999999993,1.593815886884491,,,
persona_v2,persona_v2,19,0.6786,0.6762,0.4722590171412285,1.0,diag_heldout,1.0,200,0,200,1.0,2.0160477191547237,2.0160477191547237,,0.3238,1.5437887020134953,,,
persona_v2,persona_v2,20,0.7143,0.64855,0.3976658023865291,1.0000000000000002,diag_heldout,1.0,200,0,200,1.0,1.8739881558539995,1.8739881558539995,,0.35145000000000004,1.4763223534674703,,,
persona_v2,persona_v2,21,0.75,0.6691999999999999,0.4321706156887776,1.0,diag_heldout,1.0,200,0,200,1.0,1.90380894756163,1.90380894756163,,0.3308000000000001,1.4716383318728523,,,
persona_v2,persona_v2,22,0.7857,0.6612500000000001,0.4190105341363468,1.0,diag_heldout,1.0,200,0,200,1.0,1.8488738295633513,1.8488738295633513,,0.3387499999999999,1.4298632954270045,,,
persona_v2,persona_v2,23,0.8214,0.6480499999999999,0.39617446383661875,1.0,diag_heldout,1.0,200,0,200,1.0,1.7987182244944715,1.7987182244944715,,0.3519500000000001,1.4025437606578528,,,
persona_v2,persona_v2,24,0.8571,0.6112,0.3156143028405682,0.9999999999999998,diag_heldout,1.0,200,0,200,1.0,1.7780899396717338,1.7780899396717338,,0.38880000000000003,1.4624756368311655,,,
persona_v2,persona_v2,25,0.8929,0.6219499999999999,0.29822261954216733,1.0000000000000002,diag_heldout,1.0,200,0,200,1.0,1.7128147087523076,1.7128147087523076,,0.3780500000000001,1.4145920892101402,,,
persona_v2,persona_v2,26,0.9286,0.6740499999999999,0.45382319155065326,0.9999999999999999,diag_heldout,1.0,200,0,200,1.0,1.6950457524838283,1.6950457524838283,,0.3259500000000001,1.241222560933175,,,
persona_v2,persona_v2,27,0.9643,0.6339499999999999,0.36001268127369396,1.0,diag_heldout,1.0,200,0,200,1.0,1.6673251812024277,1.6673251812024277,,0.3660500000000001,1.3073124999287338,,,
persona_v2,persona_v2,28,1.0,0.6192000000000001,0.29686582170319775,1.0,diag_heldout,1.0,200,0,200,1.0,1.6091699314186898,1.6091699314186898,,0.3807999999999999,1.312304109715492,,,
persona_v2,story_v2_1k,0,0.0,0.5,nan,0.0,offdiag_pooled,0.5,0,1000,1000,0.5,nan,nan,0.6,0.0,nan,,,
persona_v2,story_v2_1k,1,0.0357,0.6134000000000001,0.2980546123474933,0.08471811715226153,offdiag_pooled,0.653,653,0,1000,0.653,0.4218456628849488,0.4218456628849488,0.7,0.03959999999999997,0.12379105053745548,,,
persona_v2,story_v2_1k,2,0.0714,0.6073,0.2719925283957513,0.058436722532565155,offdiag_pooled,0.588,588,0,1000,0.588,0.21076326196005948,0.21076326196005948,0.65,-0.019299999999999984,-0.06122926643569179,,,
persona_v2,story_v2_1k,3,0.1071,0.61765,0.30430973428426883,0.03650489426331543,offdiag_pooled,0.542,542,0,1000,0.542,0.1562894922116998,0.1562894922116998,0.6,-0.07565,-0.14802024207256903,,,
persona_v2,story_v2_1k,4,0.1429,0.6301,0.33591728871411397,0.050625871103006995,offdiag_pooled,0.605,605,0,1000,0.605,0.28110951017544017,0.28110951017544017,0.65,-0.02510000000000001,-0.0548077785386738,,,
persona_v2,story_v2_1k,5,0.1786,0.6626500000000001,0.4388809476137743,0.06743204643515166,offdiag_pooled,0.68,680,0,1000,0.68,0.443022624431117,0.443022624431117,0.75,0.017349999999999977,0.004141676817342732,,,
persona_v2,story_v2_1k,6,0.2143,0.6222000000000001,0.32266728712900544,-0.015358334373968385,offdiag_pooled,0.476,476,0,1000,0.524,-0.05550148212780845,0.05550148212780845,0.6,-0.09820000000000007,-0.267165805001197,,,
persona_v2,story_v2_1k,7,0.25,0.6232500000000001,0.32768141389820865,-0.019961500841029226,offdiag_pooled,0.46,460,0,1000,0.54,-0.1209018191593707,0.1209018191593707,0.6,-0.08325000000000005,-0.20677959473883795,,,
persona_v2,story_v2_1k,8,0.2857,0.6523,0.41869435914802156,-0.013655311069682308,offdiag_pooled,0.45,450,0,1000,0.55,-0.1179987119610828,0.1179987119610828,0.6,-0.10229999999999995,-0.30069564718693875,,,
persona_v2,story_v2_1k,9,0.3214,0.6737500000000001,0.4682535517811964,0.013496956100231886,offdiag_pooled,0.551,551,0,1000,0.551,0.11973442737426668,0.11973442737426668,0.6,-0.12275000000000003,-0.34851912440692967,,,
persona_v2,story_v2_1k,10,0.3571,0.7216,0.6305914160140256,0.007473138986186554,offdiag_pooled,0.499,499,0,1000,0.501,0.03871584873780889,0.03871584873780889,0.6,-0.22060000000000002,-0.5918755672762167,,,
persona_v2,story_v2_1k,11,0.3929,0.6838000000000001,0.4860079260083044,0.006415545389600271,offdiag_pooled,0.518,518,0,1000,0.518,0.034491983273060946,0.034491983273060946,0.6,-0.16580000000000006,-0.4515159427352434,,,
persona_v2,story_v2_1k,12,0.4286,0.6990500000000001,0.5423997046392924,0.007571722138305822,offdiag_pooled,0.525,525,0,1000,0.525,0.04475822621901473,0.04475822621901473,0.6,-0.17405000000000004,-0.4976414784202777,,,
persona_v2,story_v2_1k,13,0.4643,0.6700999999999999,0.46619270774012056,0.023917686471362075,offdiag_pooled,0.568,568,0,1000,0.568,0.17857630889354806,0.17857630889354806,0.6,-0.10209999999999997,-0.28761639884657253,,,
persona_v2,story_v2_1k,14,0.5,0.7421,0.7114279925349517,0.07512192148776889,offdiag_pooled,0.801,801,0,1000,0.801,0.8505092776702565,0.8505092776702565,,0.05890000000000006,0.13908128513530482,,,
persona_v2,story_v2_1k,15,0.5357,0.7075,0.6020113120045805,0.13673058368974225,offdiag_pooled,0.939,939,0,1000,0.939,1.5561249472550631,1.5561249472550631,,0.23149999999999993,0.9541136352504827,,,
persona_v2,story_v2_1k,16,0.5714,0.70305,0.5986077735356757,0.14193995698869605,offdiag_pooled,0.933,933,0,1000,0.933,1.5685558254481449,1.5685558254481449,,0.2299500000000001,0.9699480519124691,,,
persona_v2,story_v2_1k,17,0.6071,0.7596499999999999,0.8302956848948678,0.16300021556196942,offdiag_pooled,0.961,961,0,1000,0.961,1.7761727268142136,1.7761727268142136,,0.20135000000000003,0.9458770419193457,,,
persona_v2,story_v2_1k,18,0.6429,0.76215,0.8228785871431572,0.1768043545491715,offdiag_pooled,0.963,963,0,1000,0.963,1.835489924679726,1.835489924679726,,0.20084999999999997,1.0126113375365688,,,
persona_v2,story_v2_1k,19,0.6786,0.70615,0.5997314617203001,0.17086547092176915,offdiag_pooled,0.97,970,0,1000,0.97,1.8799434638429091,1.8799434638429091,,0.2638499999999999,1.2802120021226089,,,
persona_v2,story_v2_1k,20,0.7143,0.7610999999999999,0.7864346619663128,0.2303323285116756,offdiag_pooled,0.98,980,0,1000,0.98,2.129913738887458,2.129913738887458,,0.2189000000000001,1.3434790769211453,,,
persona_v2,story_v2_1k,21,0.75,0.76055,0.8133489305690688,0.20396568330578344,offdiag_pooled,0.988,988,0,1000,0.988,2.2853902008959195,2.2853902008959195,,0.22745000000000004,1.4720412703268506,,,
persona_v2,story_v2_1k,22,0.7857,0.75335,0.7471092276574076,0.19638344162007637,offdiag_pooled,0.98,980,0,1000,0.98,2.145645995465472,2.145645995465472,,0.22665000000000002,1.3985367678080642,,,
persona_v2,story_v2_1k,23,0.8214,0.7112999999999999,0.6753046889404963,0.1696155948134011,offdiag_pooled,0.965,965,0,1000,0.965,1.8402706622777394,1.8402706622777394,,0.25370000000000004,1.164965973337243,,,
persona_v2,story_v2_1k,24,0.8571,0.7332000000000001,0.6908229903205221,0.15213415713040704,offdiag_pooled,0.948,948,0,1000,0.948,1.6452224799345758,1.6452224799345758,,0.21479999999999988,0.9543994896140537,,,
persona_v2,story_v2_1k,25,0.8929,0.6282499999999999,0.35180652949659663,0.14636526351970283,offdiag_pooled,0.948,948,0,1000,0.948,1.6511988153704333,1.6511988153704333,,0.3197500000000001,1.2993922858738367,,,
persona_v2,story_v2_1k,26,0.9286,0.7522,0.7312698949127399,0.14627493789722218,offdiag_pooled,0.957,957,0,1000,0.957,1.7764659963520992,1.7764659963520992,,0.20479999999999998,1.0451961014393594,,,
persona_v2,story_v2_1k,27,0.9643,0.7008,0.5613358564245555,0.1545187270723991,offdiag_pooled,0.963,963,0,1000,0.963,1.8569928583027877,1.8569928583027877,,0.2622,1.295657001878232,,,
persona_v2,story_v2_1k,28,1.0,0.76535,0.8176541068034944,0.2221300857220111,offdiag_pooled,0.981,981,0,1000,0.981,2.157810160608802,2.157810160608802,,0.21565,1.3401560538053074,,,
story_v2_1k,eval_v2,0,0.0,0.5,nan,0.0,offdiag_pooled,0.5,0,1000,1000,0.5,nan,nan,0.6,0.0,nan,,,
story_v2_1k,eval_v2,1,0.0357,0.5913,0.20684840092853363,-0.2730064627126344,offdiag_pooled,0.231,231,0,1000,0.769,-0.7584283206351226,0.7584283206351226,,0.17769999999999997,0.5515799197065889,,,
story_v2_1k,eval_v2,2,0.0714,0.58785,0.20193202255318182,-0.27498368422024033,offdiag_pooled,0.211,211,0,1000,0.789,-0.7991717340654534,0.7991717340654534,,0.20115000000000005,0.5972397115122716,,,
story_v2_1k,eval_v2,3,0.1071,0.5904,0.19927945332950125,-0.2667745232377203,offdiag_pooled,0.158,158,0,1000,0.842,-0.9023493702603231,0.9023493702603231,,0.25159999999999993,0.7030699169308219,,,
story_v2_1k,eval_v2,4,0.1429,0.5846,0.2138048006273967,-0.22827430949953675,offdiag_pooled,0.19,190,0,1000,0.81,-0.7770010787443147,0.7770010787443147,,0.22540000000000004,0.563196278116918,,,
story_v2_1k,eval_v2,5,0.1786,0.5679500000000001,0.1877099999510436,-0.08477990886941962,offdiag_pooled,0.342,342,0,1000,0.6579999999999999,-0.40726168737645735,0.40726168737645735,0.7,0.09004999999999985,0.21955168742541376,,,
story_v2_1k,eval_v2,6,0.2143,0.5927,0.2264949886415275,-0.07943591288631334,offdiag_pooled,0.354,354,0,1000,0.646,-0.4016868505495202,0.4016868505495202,0.7,0.053300000000000014,0.17519186190799269,,,
story_v2_1k,eval_v2,7,0.25,0.6086500000000001,0.27768166606612243,-0.08597674054284943,offdiag_pooled,0.322,322,0,1000,0.6779999999999999,-0.4608770663215421,0.4608770663215421,0.75,0.0693499999999998,0.18319540025541964,,,
story_v2_1k,eval_v2,8,0.2857,0.6030500000000001,0.2701145806651062,-0.014634119594003106,offdiag_pooled,0.434,434,0,1000,0.5660000000000001,-0.1589309145543344,0.1589309145543344,0.6,-0.03705000000000003,-0.1111836661107718,,,
story_v2_1k,eval_v2,9,0.3214,0.5942999999999999,0.22811579993433034,-0.052050780556879686,offdiag_pooled,0.396,396,0,1000,0.604,-0.3128160009842023,0.3128160009842023,0.65,0.009700000000000042,0.08470020104987197,,,
story_v2_1k,eval_v2,10,0.3571,0.61345,0.2896731914108592,-0.03802917780904556,offdiag_pooled,0.443,443,0,1000,0.5569999999999999,-0.21480239012236524,0.21480239012236524,0.6,-0.05645000000000011,-0.07487080128849394,,,
story_v2_1k,eval_v2,11,0.3929,0.5747,0.2208862908490689,-0.06176141196720849,offdiag_pooled,0.378,378,0,1000,0.622,-0.3182440512123656,0.3182440512123656,0.7,0.04730000000000001,0.09735776036329669,,,
story_v2_1k,eval_v2,12,0.4286,0.5986499999999999,0.24984243354933264,-0.0481515074474926,offdiag_pooled,0.386,386,0,1000,0.614,-0.261284217694291,0.261284217694291,0.65,0.015350000000000086,0.011441784144958361,,,
story_v2_1k,eval_v2,13,0.4643,0.57805,0.1933094468800434,-0.07732319970643423,offdiag_pooled,0.312,312,0,1000,0.688,-0.3982331172364122,0.3982331172364122,0.75,0.10994999999999999,0.2049236703563688,,,
story_v2_1k,eval_v2,14,0.5,0.6006499999999999,0.24527580825941456,-0.025646372452167075,offdiag_pooled,0.388,388,0,1000,0.612,-0.22067051573943472,0.22067051573943472,0.65,0.011350000000000082,-0.024605292519979838,,,
story_v2_1k,eval_v2,15,0.5357,0.5950999999999999,0.2389188807638341,-0.04549177037483577,offdiag_pooled,0.357,357,0,1000,0.643,-0.284899401457057,0.284899401457057,0.7,0.047900000000000165,0.04598052069322289,,,
story_v2_1k,eval_v2,16,0.5714,0.59255,0.2466979499573016,-0.045331841608112905,offdiag_pooled,0.357,357,0,1000,0.643,-0.3044988981043988,0.3044988981043988,0.7,0.050449999999999995,0.057800948147097186,,,
story_v2_1k,eval_v2,17,0.6071,0.5849500000000001,0.2185283232034123,-0.0445841921289328,offdiag_pooled,0.358,358,0,1000,0.642,-0.26498697887045686,0.26498697887045686,0.7,0.057049999999999934,0.046458655667044546,,,
story_v2_1k,eval_v2,18,0.6429,0.5822499999999999,0.22494784446192267,-0.031548296774595704,offdiag_pooled,0.394,394,0,1000,0.606,-0.17730599783768924,0.17730599783768924,0.65,0.02375000000000005,-0.04764184662423343,,,
story_v2_1k,eval_v2,19,0.6786,0.59365,0.24194883595658023,-0.0035121305892162184,offdiag_pooled,0.487,487,0,1000,0.513,-0.011485191406312807,0.011485191406312807,0.6,-0.08065,-0.23046364455026744,,,
story_v2_1k,eval_v2,20,0.7143,0.5998999999999999,0.2466342241584678,0.0015121853317813917,offdiag_pooled,0.471,471,0,1000,0.529,-0.010378583318803987,0.010378583318803987,0.6,-0.07089999999999985,-0.23625564083966383,,,
story_v2_1k,eval_v2,21,0.75,0.5917,0.21012570523472124,0.02738017489517936,offdiag_pooled,0.536,536,0,1000,0.536,0.09147506327713036,0.09147506327713036,0.6,-0.05569999999999997,-0.11865064195759088,,,
story_v2_1k,eval_v2,22,0.7857,0.58045,0.19837748659661317,0.011513326553769663,offdiag_pooled,0.502,502,0,1000,0.502,0.0351456105448457,0.0351456105448457,0.6,-0.07845000000000002,-0.16323187605176748,,,
story_v2_1k,eval_v2,23,0.8214,0.588,0.2187044457466735,-0.012030901963765998,offdiag_pooled,0.459,459,0,1000,0.5409999999999999,-0.1099265193908368,0.1099265193908368,0.6,-0.04700000000000004,-0.1087779263558367,,,
story_v2_1k,eval_v2,24,0.8571,0.5921500000000002,0.21673996964463793,-0.009044995956431287,offdiag_pooled,0.462,462,0,1000,0.538,-0.09280689723747874,0.09280689723747874,0.6,-0.05415000000000014,-0.12393307240715919,,,
story_v2_1k,eval_v2,25,0.8929,0.58295,0.21129758489167064,-0.04252388297233199,offdiag_pooled,0.392,392,0,1000,0.608,-0.26625066336857234,0.26625066336857234,0.65,0.025050000000000017,0.0549530784769017,,,
story_v2_1k,eval_v2,26,0.9286,0.5889499999999999,0.21092911526845354,-0.0318157580935859,offdiag_pooled,0.404,404,0,1000,0.596,-0.22831020793060378,0.22831020793060378,0.65,0.007050000000000112,0.017381092662150238,,,
story_v2_1k,eval_v2,27,0.9643,0.59185,0.22182412039315227,-0.041665612618037154,offdiag_pooled,0.38,380,0,1000,0.62,-0.2884876991566299,0.2884876991566299,0.7,0.02815000000000001,0.06666357876347764,,,
story_v2_1k,eval_v2,28,1.0,0.5763,0.1877539515679256,-0.13949269000055944,offdiag_pooled,0.297,297,0,1000,0.7030000000000001,-0.4886237852305001,0.4886237852305001,0.75,0.12670000000000003,0.30086983366257447,,,
story_v2_1k,harm_v2,0,0.0,0.5,nan,0.0,offdiag_pooled,0.5,0,1000,1000,0.5,nan,nan,0.6,0.0,nan,,,
story_v2_1k,harm_v2,1,0.0357,0.5609,0.13689295918497293,-0.041978057301383244,offdiag_pooled,0.522,522,0,1000,0.522,-0.018665869836597404,0.018665869836597404,0.6,-0.038899999999999935,-0.11822708934837553,,,
story_v2_1k,harm_v2,2,0.0714,0.56315,0.17040754101813166,-0.06376743348082041,offdiag_pooled,0.493,493,0,1000,0.507,-0.09177365506139916,0.09177365506139916,0.6,-0.05615000000000003,-0.0786338859567325,,,
story_v2_1k,harm_v2,3,0.1071,0.5595999999999999,0.15415009351855258,0.016041583173588694,offdiag_pooled,0.556,556,0,1000,0.556,0.08144094115909656,0.08144094115909656,0.6,-0.0035999999999998256,-0.07270915235945602,,,
story_v2_1k,harm_v2,4,0.1429,0.56145,0.15897735123767218,0.01427043499650443,offdiag_pooled,0.518,518,0,1000,0.518,0.0683886493932149,0.0683886493932149,0.6,-0.04344999999999999,-0.09058870184445728,,,
story_v2_1k,harm_v2,5,0.1786,0.56745,0.15249402090718406,0.031829562947088136,offdiag_pooled,0.556,556,0,1000,0.556,0.11555294316648114,0.11555294316648114,0.6,-0.01144999999999996,-0.03694107774070292,,,
story_v2_1k,harm_v2,6,0.2143,0.5726000000000001,0.19330901486338697,-0.004683236606029147,offdiag_pooled,0.531,531,0,1000,0.531,0.031871615207391006,0.031871615207391006,0.6,-0.04160000000000008,-0.16143739965599596,,,
story_v2_1k,harm_v2,7,0.25,0.5513499999999999,0.1451965695095286,0.05803154389403054,offdiag_pooled,0.575,575,0,1000,0.575,0.1592509592817758,0.1592509592817758,0.65,0.02365000000000006,0.014054389772247183,,,
story_v2_1k,harm_v2,8,0.2857,0.57205,0.17693025766565523,0.030941006698592254,offdiag_pooled,0.563,563,0,1000,0.563,0.11621877465381422,0.11621877465381422,0.6,-0.009050000000000002,-0.06071148301184101,,,
story_v2_1k,harm_v2,9,0.3214,0.567,0.16526021568291213,0.11370197836758758,offdiag_pooled,0.659,659,0,1000,0.659,0.3682069700192743,0.3682069700192743,0.7,0.09200000000000008,0.2029467543363622,,,
story_v2_1k,harm_v2,10,0.3571,0.5982999999999999,0.24330992119489436,0.032478313855558355,offdiag_pooled,0.587,587,0,1000,0.587,0.11792581029153763,0.11792581029153763,0.65,-0.011299999999999977,-0.12538411090335672,,,
story_v2_1k,harm_v2,11,0.3929,0.5776,0.18521091852973381,0.09279623244501654,offdiag_pooled,0.644,644,0,1000,0.644,0.26931519444857327,0.26931519444857327,0.7,0.06640000000000001,0.08410427591883946,,,
story_v2_1k,harm_v2,12,0.4286,0.5795,0.19045425223746026,0.08670619534236766,offdiag_pooled,0.653,653,0,1000,0.653,0.26151003910603743,0.26151003910603743,0.7,0.07350000000000001,0.07105578686857716,,,
story_v2_1k,harm_v2,13,0.4643,0.6120000000000001,0.2995605265128046,0.08147744694177092,offdiag_pooled,0.637,637,0,1000,0.637,0.2779180192527613,0.2779180192527613,0.7,0.02499999999999991,-0.021642507260043353,,,
story_v2_1k,harm_v2,14,0.5,0.6382000000000001,0.3303399961086485,0.1291034428255041,offdiag_pooled,0.726,726,0,1000,0.726,0.6361841023747823,0.6361841023747823,,0.08779999999999988,0.3058441062661338,,,
story_v2_1k,harm_v2,15,0.5357,0.6350499999999999,0.333827938681084,0.0533995187416597,offdiag_pooled,0.62,620,0,1000,0.62,0.29144996596570016,0.29144996596570016,0.7,-0.015049999999999897,-0.04237797271538385,,,
story_v2_1k,harm_v2,16,0.5714,0.6779500000000002,0.4294569886387201,0.01150908069845366,offdiag_pooled,0.497,497,0,1000,0.503,0.06444631954253223,0.06444631954253223,0.6,-0.17495000000000016,-0.3650106690961879,,,
story_v2_1k,harm_v2,17,0.6071,0.65465,0.39040912829636903,-0.011826998524995743,offdiag_pooled,0.46,460,0,1000,0.54,-0.074815482974577,0.074815482974577,0.6,-0.11464999999999992,-0.315593645321792,,,
story_v2_1k,harm_v2,18,0.6429,0.6439999999999999,0.41475465037829584,-0.017167808137600236,offdiag_pooled,0.448,448,0,1000,0.552,-0.11587901734663206,0.11587901734663206,0.6,-0.09199999999999986,-0.29887563303166376,,,
story_v2_1k,harm_v2,19,0.6786,0.7276,0.617069900639825,0.055110192754286594,offdiag_pooled,0.704,704,0,1000,0.704,0.4874797965742884,0.4874797965742884,0.75,-0.023600000000000065,-0.12959010406553662,,,
story_v2_1k,harm_v2,20,0.7143,0.73445,0.6528753149844062,0.04852936151926221,offdiag_pooled,0.689,689,0,1000,0.689,0.4216620481680128,0.4216620481680128,0.75,-0.0454500000000001,-0.23121326681639343,,,
story_v2_1k,harm_v2,21,0.75,0.6437,0.4298751052382582,0.07442712758019199,offdiag_pooled,0.749,749,0,1000,0.749,0.6609446715210212,0.6609446715210212,,0.10529999999999995,0.23106956628276298,,,
story_v2_1k,harm_v2,22,0.7857,0.68045,0.5542646504778772,0.024530741000734352,offdiag_pooled,0.644,644,0,1000,0.644,0.25625983781874484,0.25625983781874484,0.7,-0.03644999999999998,-0.29800481265913237,,,
story_v2_1k,harm_v2,23,0.8214,0.66705,0.48334816168271344,0.03979754381412942,offdiag_pooled,0.684,684,0,1000,0.684,0.4353417002589389,0.4353417002589389,0.75,0.01695000000000002,-0.048006461423774516,,,
story_v2_1k,harm_v2,24,0.8571,0.7337,0.6642461641774104,0.05840999646980204,offdiag_pooled,0.748,748,0,1000,0.748,0.6287759469235441,0.6287759469235441,,0.01429999999999998,-0.03547021725386634,,,
story_v2_1k,harm_v2,25,0.8929,0.6813500000000001,0.49889737265195705,0.07275319905185522,offdiag_pooled,0.783,783,0,1000,0.783,0.7509234066740581,0.7509234066740581,,0.10164999999999991,0.25202603402210105,,,
story_v2_1k,harm_v2,26,0.9286,0.7043999999999999,0.6082160761228631,0.06236199154274967,offdiag_pooled,0.748,748,0,1000,0.748,0.6777527202808881,0.6777527202808881,,0.04360000000000008,0.06953664415802496,,,
story_v2_1k,harm_v2,27,0.9643,0.6966,0.5565341366586881,0.06298090702343186,offdiag_pooled,0.751,751,0,1000,0.751,0.6696098399212588,0.6696098399212588,,0.054400000000000004,0.11307570326257066,,,
story_v2_1k,harm_v2,28,1.0,0.6957000000000001,0.5292558301879225,0.13011433523219884,offdiag_pooled,0.788,788,0,1000,0.788,0.7487998672670317,0.7487998672670317,,0.09229999999999994,0.2195440370791092,,,
story_v2_1k,persona_v2,0,0.0,0.5,nan,0.0,offdiag_pooled,0.5,0,1000,1000,0.5,nan,nan,0.6,0.0,nan,,,
story_v2_1k,persona_v2,1,0.0357,0.70085,0.5741353022961293,0.08471811715226153,offdiag_pooled,0.626,626,0,1000,0.626,0.31747840601304095,0.31747840601304095,0.7,-0.07484999999999997,-0.25665689628308835,,,
story_v2_1k,persona_v2,2,0.0714,0.68855,0.5058300243981881,0.058436722532565155,offdiag_pooled,0.602,602,0,1000,0.602,0.2750092191392695,0.2750092191392695,0.65,-0.08655000000000002,-0.23082080525891863,,,
story_v2_1k,persona_v2,3,0.1071,0.69465,0.5246328939858452,0.03650489426331543,offdiag_pooled,0.573,573,0,1000,0.573,0.18183255557768022,0.18183255557768022,0.65,-0.12165000000000004,-0.34280033840816504,,,
story_v2_1k,persona_v2,4,0.1429,0.6973499999999999,0.5665574538006057,0.050625871103006995,offdiag_pooled,0.62,620,0,1000,0.62,0.2910386316828675,0.2910386316828675,0.7,-0.07734999999999992,-0.27551882211773826,,,
story_v2_1k,persona_v2,5,0.1786,0.7046,0.5663853957502221,0.06743204643515166,offdiag_pooled,0.683,683,0,1000,0.683,0.48491963424978624,0.48491963424978624,0.75,-0.021599999999999953,-0.08146576150043583,,,
story_v2_1k,persona_v2,6,0.2143,0.6697,0.4757746802135715,-0.015358334373968385,offdiag_pooled,0.471,471,0,1000,0.529,-0.15312108354118892,0.15312108354118892,0.6,-0.14069999999999994,-0.3226535966723826,,,
story_v2_1k,persona_v2,7,0.25,0.7432000000000001,0.7177219483445773,-0.019961500841029226,offdiag_pooled,0.439,439,0,1000,0.5609999999999999,-0.16104365834207257,0.16104365834207257,0.6,-0.18220000000000014,-0.5566782900025047,,,
story_v2_1k,persona_v2,8,0.2857,0.74685,0.7010234544026718,-0.013655311069682308,offdiag_pooled,0.442,442,0,1000,0.558,-0.13077083813515847,0.13077083813515847,0.6,-0.18884999999999996,-0.5702526162675133,,,
story_v2_1k,persona_v2,9,0.3214,0.7031,0.5716684571887651,0.013496956100231886,offdiag_pooled,0.55,550,0,1000,0.55,0.14045090635414745,0.14045090635414745,0.6,-0.1530999999999999,-0.43121755083461766,,,
story_v2_1k,persona_v2,10,0.3571,0.6875500000000001,0.5327121097586907,0.007473138986186554,offdiag_pooled,0.525,525,0,1000,0.525,0.06313110729812056,0.06313110729812056,0.6,-0.16255000000000008,-0.4695810024605701,,,
story_v2_1k,persona_v2,11,0.3929,0.71755,0.6235576401266112,0.006415545389600271,offdiag_pooled,0.534,534,0,1000,0.534,0.086404425367013,0.086404425367013,0.6,-0.18355,-0.5371532147595982,,,
story_v2_1k,persona_v2,12,0.4286,0.67215,0.48656952244417384,0.007571722138305822,offdiag_pooled,0.533,533,0,1000,0.533,0.10402863727564282,0.10402863727564282,0.6,-0.13915,-0.382540885168531,,,
story_v2_1k,persona_v2,13,0.4643,0.71275,0.6079693010053554,0.023917686471362075,offdiag_pooled,0.605,605,0,1000,0.605,0.30520994854036293,0.30520994854036293,0.65,-0.10775000000000001,-0.30275935246499247,,,
story_v2_1k,persona_v2,14,0.5,0.6979999999999998,0.6042400248975816,0.07512192148776889,offdiag_pooled,0.671,671,0,1000,0.671,0.5262600060848993,0.5262600060848993,0.75,-0.026999999999999802,-0.07798001881268224,,,
story_v2_1k,persona_v2,15,0.5357,0.6268500000000001,0.33438179806703894,0.13673058368974225,offdiag_pooled,0.725,725,0,1000,0.725,0.6580593243391928,0.6580593243391928,,0.09814999999999985,0.32367752627215385,,,
story_v2_1k,persona_v2,16,0.5714,0.68205,0.49425169979822553,0.14193995698869605,offdiag_pooled,0.776,776,0,1000,0.776,0.7397507125420992,0.7397507125420992,,0.09394999999999998,0.2454990127438737,,,
story_v2_1k,persona_v2,17,0.6071,0.7128500000000002,0.5802682737809998,0.16300021556196942,offdiag_pooled,0.773,773,0,1000,0.773,0.7580387890242163,0.7580387890242163,,0.060149999999999815,0.17777051524321652,,,
story_v2_1k,persona_v2,18,0.6429,0.6486000000000001,0.40127642914520856,0.1768043545491715,offdiag_pooled,0.806,806,0,1000,0.806,0.8272752399639388,0.8272752399639388,,0.15739999999999998,0.42599881081873026,,,
story_v2_1k,persona_v2,19,0.6786,0.6762,0.4722590171412285,0.17086547092176915,offdiag_pooled,0.807,807,0,1000,0.807,0.8110074298089567,0.8110074298089567,,0.13080000000000003,0.3387484126677282,,,
story_v2_1k,persona_v2,20,0.7143,0.64855,0.3976658023865291,0.2303323285116756,offdiag_pooled,0.869,869,0,1000,0.869,0.9346568526380848,0.9346568526380848,,0.22045000000000003,0.5369910502515558,,,
story_v2_1k,persona_v2,21,0.75,0.6691999999999999,0.4321706156887776,0.20396568330578344,offdiag_pooled,0.824,824,0,1000,0.824,0.8253376376981161,0.8253376376981161,,0.15480000000000005,0.39316702200933845,,,
story_v2_1k,persona_v2,22,0.7857,0.6612500000000001,0.4190105341363468,0.19638344162007637,offdiag_pooled,0.826,826,0,1000,0.826,0.8353717626945818,0.8353717626945818,,0.16474999999999984,0.416361228558235,,,
story_v2_1k,persona_v2,23,0.8214,0.6480499999999999,0.39617446383661875,0.1696155948134011,offdiag_pooled,0.794,794,0,1000,0.794,0.7860451573021424,0.7860451573021424,,0.14595000000000014,0.38987069346552367,,,
story_v2_1k,persona_v2,24,0.8571,0.6112,0.3156143028405682,0.15213415713040704,offdiag_pooled,0.766,766,0,1000,0.766,0.7325862602357671,0.7325862602357671,,0.15480000000000005,0.41697195739519893,,,
story_v2_1k,persona_v2,25,0.8929,0.6219499999999999,0.29822261954216733,0.14636526351970283,offdiag_pooled,0.757,757,0,1000,0.757,0.7150805686938098,0.7150805686938098,,0.13505000000000011,0.4168579491516424,,,
story_v2_1k,persona_v2,26,0.9286,0.6740499999999999,0.45382319155065326,0.14627493789722218,offdiag_pooled,0.794,794,0,1000,0.794,0.7630079201100491,0.7630079201100491,,0.11995000000000011,0.3091847285593959,,,
story_v2_1k,persona_v2,27,0.9643,0.6339499999999999,0.36001268127369396,0.1545187270723991,offdiag_pooled,0.784,784,0,1000,0.784,0.7450399108790355,0.7450399108790355,,0.15005000000000013,0.3850272296053416,,,
story_v2_1k,persona_v2,28,1.0,0.6192000000000001,0.29686582170319775,0.2221300857220111,offdiag_pooled,0.713,713,0,1000,0.713,0.6539856845819776,0.6539856845819776,0.75,0.09379999999999988,0.35711986287877984,,,
story_v2_1k,story_v2_1k,0,0.0,0.5,nan,0.0,diag_heldout,0.5,0,200,200,0.5,nan,nan,,0.0,nan,,,
story_v2_1k,story_v2_1k,1,0.0357,0.6134000000000001,0.2980546123474933,1.0,diag_heldout,0.955,191,0,200,0.955,1.9227860343865728,1.9227860343865728,,0.3415999999999999,1.6247314220390794,,,
story_v2_1k,story_v2_1k,2,0.0714,0.6073,0.2719925283957513,1.0,diag_heldout,0.975,195,0,200,0.975,2.026262021720141,2.026262021720141,,0.3677,1.7542694933243896,,,
story_v2_1k,story_v2_1k,3,0.1071,0.61765,0.30430973428426883,0.9999999999999999,diag_heldout,0.975,195,0,200,0.975,2.2873697974984033,2.2873697974984033,,0.35734999999999995,1.9830600632141344,,,
story_v2_1k,story_v2_1k,4,0.1429,0.6301,0.33591728871411397,1.0,diag_heldout,0.985,197,0,200,0.985,2.458373483391963,2.458373483391963,,0.3549,2.1224561946778486,,,
story_v2_1k,story_v2_1k,5,0.1786,0.6626500000000001,0.4388809476137743,1.0,diag_heldout,0.985,197,0,200,0.985,2.5637113685302557,2.5637113685302557,,0.3223499999999999,2.1248304209164814,,,
story_v2_1k,story_v2_1k,6,0.2143,0.6222000000000001,0.32266728712900544,1.0,diag_heldout,0.985,197,0,200,0.985,2.4919951511649914,2.4919951511649914,,0.3627999999999999,2.169327864035986,,,
story_v2_1k,story_v2_1k,7,0.25,0.6232500000000001,0.32768141389820865,0.9999999999999999,diag_heldout,0.99,198,0,200,0.99,2.4977647224218176,2.4977647224218176,,0.3667499999999999,2.170083308523609,,,
story_v2_1k,story_v2_1k,8,0.2857,0.6523,0.41869435914802156,1.0,diag_heldout,0.99,198,0,200,0.99,2.652496772541106,2.652496772541106,,0.3377,2.2338024133930845,,,
story_v2_1k,story_v2_1k,9,0.3214,0.6737500000000001,0.4682535517811964,1.0,diag_heldout,0.99,198,0,200,0.99,2.741897615061224,2.741897615061224,,0.3162499999999999,2.2736440632800274,,,
story_v2_1k,story_v2_1k,10,0.3571,0.7216,0.6305914160140256,1.0000000000000002,diag_heldout,0.985,197,0,200,0.985,2.6880111925035792,2.6880111925035792,,0.26339999999999997,2.057419776489554,,,
story_v2_1k,story_v2_1k,11,0.3929,0.6838000000000001,0.4860079260083044,1.0,diag_heldout,0.99,198,0,200,0.99,2.6171242975215754,2.6171242975215754,,0.3061999999999999,2.131116371513271,,,
story_v2_1k,story_v2_1k,12,0.4286,0.6990500000000001,0.5423997046392924,0.9999999999999999,diag_heldout,0.99,198,0,200,0.99,2.725375869165104,2.725375869165104,,0.29094999999999993,2.1829761645258117,,,
story_v2_1k,story_v2_1k,13,0.4643,0.6700999999999999,0.46619270774012056,1.0,diag_heldout,0.99,198,0,200,0.99,2.660029001769426,2.660029001769426,,0.3199000000000001,2.1938362940293055,,,
story_v2_1k,story_v2_1k,14,0.5,0.7421,0.7114279925349517,1.0000000000000002,diag_heldout,0.995,199,0,200,0.995,2.8034228938898282,2.8034228938898282,,0.2529,2.0919949013548766,,,
story_v2_1k,story_v2_1k,15,0.5357,0.7075,0.6020113120045805,1.0,diag_heldout,1.0,200,0,200,1.0,2.8836602386963794,2.8836602386963794,,0.2925,2.281648926691799,,,
story_v2_1k,story_v2_1k,16,0.5714,0.70305,0.5986077735356757,1.0,diag_heldout,1.0,200,0,200,1.0,2.9492252327110267,2.9492252327110267,,0.29695000000000005,2.350617459175351,,,
story_v2_1k,story_v2_1k,17,0.6071,0.7596499999999999,0.8302956848948678,1.0000000000000002,diag_heldout,1.0,200,0,200,1.0,3.1242569855725155,3.1242569855725155,,0.24035000000000006,2.2939613006776476,,,
story_v2_1k,story_v2_1k,18,0.6429,0.76215,0.8228785871431572,1.0000000000000002,diag_heldout,1.0,200,0,200,1.0,3.1521777715791894,3.1521777715791894,,0.23785,2.3292991844360325,,,
story_v2_1k,story_v2_1k,19,0.6786,0.70615,0.5997314617203001,1.0000000000000002,diag_heldout,1.0,200,0,200,1.0,3.534680531885098,3.534680531885098,,0.29384999999999994,2.934949070164798,,,
story_v2_1k,story_v2_1k,20,0.7143,0.7610999999999999,0.7864346619663128,1.0000000000000002,diag_heldout,1.0,200,0,200,1.0,3.5166125588287227,3.5166125588287227,,0.2389000000000001,2.73017789686241,,,
story_v2_1k,story_v2_1k,21,0.75,0.76055,0.8133489305690688,1.0,diag_heldout,1.0,200,0,200,1.0,3.5973853987289757,3.5973853987289757,,0.23945000000000005,2.784036468159907,,,
story_v2_1k,story_v2_1k,22,0.7857,0.75335,0.7471092276574076,0.9999999999999998,diag_heldout,1.0,200,0,200,1.0,3.7275119048285617,3.7275119048285617,,0.24665000000000004,2.980402677171154,,,
story_v2_1k,story_v2_1k,23,0.8214,0.7112999999999999,0.6753046889404963,1.0000000000000002,diag_heldout,1.0,200,0,200,1.0,3.740540045688925,3.740540045688925,,0.28870000000000007,3.0652353567484285,,,
story_v2_1k,story_v2_1k,24,0.8571,0.7332000000000001,0.6908229903205221,1.0,diag_heldout,1.0,200,0,200,1.0,3.7173445039631337,3.7173445039631337,,0.2667999999999999,3.026521513642612,,,
story_v2_1k,story_v2_1k,25,0.8929,0.6282499999999999,0.35180652949659663,0.9999999999999998,diag_heldout,1.0,200,0,200,1.0,3.6167405828903867,3.6167405828903867,,0.37175000000000014,3.26493405339379,,,
story_v2_1k,story_v2_1k,26,0.9286,0.7522,0.7312698949127399,0.9999999999999999,diag_heldout,1.0,200,0,200,1.0,3.6302644741511565,3.6302644741511565,,0.24780000000000002,2.8989945792384164,,,
story_v2_1k,story_v2_1k,27,0.9643,0.7008,0.5613358564245555,0.9999999999999998,diag_heldout,1.0,200,0,200,1.0,3.5888395586118107,3.5888395586118107,,0.2992,3.0275037021872553,,,
story_v2_1k,story_v2_1k,28,1.0,0.76535,0.8176541068034944,1.0000000000000002,diag_heldout,1.0,200,0,200,1.0,3.854214122842885,3.854214122842885,,0.23465000000000003,3.036560016039391,,,
random_20260731,story_v2_1k,0,0.0,,,,null_pooled,0.5,,,1000,0.5,nan,nan,,,,0.0,20,0.0
random_20260731,story_v2_1k,1,0.0357,,,,null_pooled,0.5236000000000001,,,1000,0.6134000000000001,0.07355368353971095,0.2980546123474933,,,,0.14143155309380687,20,0.369965136051178
random_20260731,story_v2_1k,2,0.0714,,,,null_pooled,0.5115000000000001,,,1000,0.6073,0.03138898020261964,0.2719925283957513,,,,0.1298863876016672,20,0.37324488162994385
random_20260731,story_v2_1k,3,0.1071,,,,null_pooled,0.51125,,,1000,0.61765,0.02569189118763838,0.30430973428426883,,,,0.1388205486836949,20,0.4021832346916199
random_20260731,story_v2_1k,4,0.1429,,,,null_pooled,0.4518,,,1000,0.6301,-0.1335313838646291,0.33591728871411397,,,,0.16079133257604075,20,0.4481884837150574
random_20260731,story_v2_1k,5,0.1786,,,,null_pooled,0.5258499999999999,,,1000,0.6626500000000001,0.056923269889539,0.4388809476137743,,,,0.19214503157223384,20,0.4821641445159912
random_20260731,story_v2_1k,6,0.2143,,,,null_pooled,0.5367,,,1000,0.6222000000000001,0.11324231124843531,0.32266728712900544,,,,0.15254786996736122,20,0.4588375389575958
random_20260731,story_v2_1k,7,0.25,,,,null_pooled,0.53455,,,1000,0.6232500000000001,0.0849372887571897,0.32768141389820865,,,,0.1535274619699921,20,0.48083987832069397
random_20260731,story_v2_1k,8,0.2857,,,,null_pooled,0.4993,,,1000,0.6523,0.0034224722394564895,0.41869435914802156,,,,0.1935670970300262,20,0.4884607791900635
random_20260731,story_v2_1k,9,0.3214,,,,null_pooled,0.5390499999999999,,,1000,0.6737500000000001,0.1191367747666476,0.4682535517811964,,,,0.20026626354878016,20,0.5365414619445801
random_20260731,story_v2_1k,10,0.3571,,,,null_pooled,0.47309999999999997,,,1000,0.7216,-0.07189802152388627,0.6305914160140256,,,,0.25549825419117217,20,0.5435997843742371
random_20260731,story_v2_1k,11,0.3929,,,,null_pooled,0.5295000000000001,,,1000,0.6838000000000001,0.06537937911106886,0.4860079260083044,,,,0.20705135391466226,20,0.5518940091133118
random_20260731,story_v2_1k,12,0.4286,,,,null_pooled,0.52705,,,1000,0.6990500000000001,0.08491648988342478,0.5423997046392924,,,,0.22456354744727663,20,0.5453570485115051
random_20260731,story_v2_1k,13,0.4643,,,,null_pooled,0.5352,,,1000,0.6700999999999999,0.11133259577743912,0.46619270774012056,,,,0.2027992525679157,20,0.5518925189971924
random_20260731,story_v2_1k,14,0.5,,,,null_pooled,0.5468,,,1000,0.7421,0.155595842918303,0.7114279925349517,,,,0.2675917157084454,20,0.6447096467018127
random_20260731,story_v2_1k,15,0.5357,,,,null_pooled,0.5333,,,1000,0.7075,0.13399200726922994,0.6020113120045805,,,,0.25244052973449327,20,0.6793556213378906
random_20260731,story_v2_1k,16,0.5714,,,,null_pooled,0.5736500000000001,,,1000,0.70305,0.24722339325641784,0.5986077735356757,,,,0.2389155928907023,20,0.6826777458190918
random_20260731,story_v2_1k,17,0.6071,,,,null_pooled,0.48824999999999996,,,1000,0.7596499999999999,-0.06677703154385609,0.8302956848948678,,,,0.3117117215768779,20,0.682393491268158
random_20260731,story_v2_1k,18,0.6429,,,,null_pooled,0.49575,,,1000,0.76215,-0.03229494127665839,0.8228785871431572,,,,0.3135720978121551,20,0.6783576011657715
random_20260731,story_v2_1k,19,0.6786,,,,null_pooled,0.5362500000000001,,,1000,0.70615,0.09043228326954628,0.5997314617203001,,,,0.2572991040547332,20,0.6487860679626465
random_20260731,story_v2_1k,20,0.7143,,,,null_pooled,0.5333,,,1000,0.7610999999999999,0.08021471245869749,0.7864346619663128,,,,0.2982182351726227,20,0.6552770137786865
random_20260731,story_v2_1k,21,0.75,,,,null_pooled,0.56375,,,1000,0.76055,0.18422028247013872,0.8133489305690688,,,,0.29095882779816834,20,0.648515522480011
random_20260731,story_v2_1k,22,0.7857,,,,null_pooled,0.46615,,,1000,0.75335,-0.08481813576851217,0.7471092276574076,,,,0.28517663501397644,20,0.6316115856170654
random_20260731,story_v2_1k,23,0.8214,,,,null_pooled,0.45360000000000006,,,1000,0.7112999999999999,-0.12010158792508516,0.6753046889404963,,,,0.2681702915372206,20,0.6147302985191345
random_20260731,story_v2_1k,24,0.8571,,,,null_pooled,0.5563,,,1000,0.7332000000000001,0.1623926856006584,0.6908229903205221,,,,0.27807668385764234,20,0.6049954295158386
random_20260731,story_v2_1k,25,0.8929,,,,null_pooled,0.47345000000000004,,,1000,0.6282499999999999,-0.07582386076740415,0.35180652949659663,,,,0.17803354946987407,20,0.5969297885894775
random_20260731,story_v2_1k,26,0.9286,,,,null_pooled,0.6057999999999999,,,1000,0.7522,0.28465184885536465,0.7312698949127399,,,,0.26461682327073377,20,0.582396924495697
random_20260731,story_v2_1k,27,0.9643,,,,null_pooled,0.5113999999999999,,,1000,0.7008,0.04922035526187388,0.5613358564245555,,,,0.24169127763370057,20,0.5676332116127014
random_20260731,story_v2_1k,28,1.0,,,,null_pooled,0.34285,,,1000,0.76535,-0.5223205338215576,0.8176541068034944,,,,0.2551214932454525,20,0.5986419320106506
random_20260731,persona_v2,0,0.0,,,,null_pooled,0.5,,,1000,0.5,nan,nan,,,,0.0,20,0.0
random_20260731,persona_v2,1,0.0357,,,,null_pooled,0.40685000000000004,,,1000,0.70085,-0.2725408638972089,0.5741353022961293,,,,0.22337489728445786,20,0.5382712483406067
random_20260731,persona_v2,2,0.0714,,,,null_pooled,0.56595,,,1000,0.68855,0.2002336434344898,0.5058300243981881,,,,0.20969086896266081,20,0.5464109778404236
random_20260731,persona_v2,3,0.1071,,,,null_pooled,0.49845000000000006,,,1000,0.69465,0.0006597477398458229,0.5246328939858452,,,,0.22394065825805867,20,0.5656746029853821
random_20260731,persona_v2,4,0.1429,,,,null_pooled,0.60555,,,1000,0.6973499999999999,0.3159966281971894,0.5665574538006057,,,,0.22536204205677582,20,0.6057108640670776
random_20260731,persona_v2,5,0.1786,,,,null_pooled,0.4673,,,1000,0.7046,-0.06916281154668041,0.5663853957502221,,,,0.2430733266017955,20,0.5756165981292725
random_20260731,persona_v2,6,0.2143,,,,null_pooled,0.5654,,,1000,0.6697,0.19550241315178724,0.4757746802135715,,,,0.19779904741402257,20,0.604077160358429
random_20260731,persona_v2,7,0.25,,,,null_pooled,0.6042,,,1000,0.7432000000000001,0.2990870167145679,0.7177219483445773,,,,0.2676572041761036,20,0.5953428745269775
random_20260731,persona_v2,8,0.2857,,,,null_pooled,0.44835,,,1000,0.74685,-0.14968777272504902,0.7010234544026718,,,,0.2699064701550871,20,0.5937657356262207
random_20260731,persona_v2,9,0.3214,,,,null_pooled,0.5738000000000001,,,1000,0.7031,0.17697023049861907,0.5716684571887651,,,,0.23013419426156784,20,0.5821292400360107
random_20260731,persona_v2,10,0.3571,,,,null_pooled,0.39674999999999994,,,1000,0.6875500000000001,-0.31290331687485085,0.5327121097586907,,,,0.19962250558702568,20,0.5697812438011169
random_20260731,persona_v2,11,0.3929,,,,null_pooled,0.48294999999999993,,,1000,0.71755,-0.0705650045195011,0.6235576401266112,,,,0.2506550313415673,20,0.5671051144599915
random_20260731,persona_v2,12,0.4286,,,,null_pooled,0.42505000000000004,,,1000,0.67215,-0.23086662610326808,0.48656952244417384,,,,0.2158614260657932,20,0.5713785290718079
random_20260731,persona_v2,13,0.4643,,,,null_pooled,0.45585,,,1000,0.71275,-0.11432434777281182,0.6079693010053554,,,,0.23615768037478685,20,0.5753875970840454
random_20260731,persona_v2,14,0.5,,,,null_pooled,0.4705000000000001,,,1000,0.6979999999999998,-0.050998342156911625,0.6042400248975816,,,,0.2520257923308644,20,0.5458266139030457
random_20260731,persona_v2,15,0.5357,,,,null_pooled,0.5135500000000001,,,1000,0.6268500000000001,0.024210529152684724,0.33438179806703894,,,,0.17020466781897736,20,0.5230733752250671
random_20260731,persona_v2,16,0.5714,,,,null_pooled,0.49965000000000004,,,1000,0.68205,-0.00016323885312339304,0.49425169979822553,,,,0.2149906423912201,20,0.5397650003433228
random_20260731,persona_v2,17,0.6071,,,,null_pooled,0.46315000000000006,,,1000,0.7128500000000002,-0.1160432223162223,0.5802682737809998,,,,0.24697544625454484,20,0.5190162062644958
random_20260731,persona_v2,18,0.6429,,,,null_pooled,0.506,,,1000,0.6486000000000001,0.02953495848709688,0.40127642914520856,,,,0.18977992794980078,20,0.5283176302909851
random_20260731,persona_v2,19,0.6786,,,,null_pooled,0.4911,,,1000,0.6762,-0.012555157056750883,0.4722590171412285,,,,0.21639946006353497,20,0.5012386441230774
random_20260731,persona_v2,20,0.7143,,,,null_pooled,0.4908500000000001,,,1000,0.64855,-0.019240353480011227,0.3976658023865291,,,,0.1838166348923783,20,0.49710044264793396
random_20260731,persona_v2,21,0.75,,,,null_pooled,0.4727,,,1000,0.6691999999999999,-0.027011724898011097,0.4321706156887776,,,,0.20001081549703628,20,0.4829431176185608
random_20260731,persona_v2,22,0.7857,,,,null_pooled,0.43025,,,1000,0.6612500000000001,-0.1991260504544468,0.4190105341363468,,,,0.17606932695599437,20,0.47156012058258057
random_20260731,persona_v2,23,0.8214,,,,null_pooled,0.45954999999999996,,,1000,0.6480499999999999,-0.09792783160454488,0.39617446383661875,,,,0.1804723262063073,20,0.45995959639549255
random_20260731,persona_v2,24,0.8571,,,,null_pooled,0.5689,,,1000,0.6112,0.20226622620784637,0.3156143028405682,,,,0.13997627618541952,20,0.45239776372909546
random_20260731,persona_v2,25,0.8929,,,,null_pooled,0.5180499999999999,,,1000,0.6219499999999999,0.0491808536981441,0.29822261954216733,,,,0.1412666292027802,20,0.43800637125968933
random_20260731,persona_v2,26,0.9286,,,,null_pooled,0.6146499999999999,,,1000,0.6740499999999999,0.28099249477671884,0.45382319155065326,,,,0.168146325687198,20,0.43184730410575867
random_20260731,persona_v2,27,0.9643,,,,null_pooled,0.52265,,,1000,0.6339499999999999,0.06886186021825788,0.36001268127369396,,,,0.15720830130753272,20,0.41747036576271057
random_20260731,persona_v2,28,1.0,,,,null_pooled,0.5544,,,1000,0.6192000000000001,0.11728312710627528,0.29686582170319775,,,,0.1361189108637622,20,0.4202873110771179
random_20260731,harm_v2,0,0.0,,,,null_pooled,0.5,,,1000,0.5,nan,nan,,,,0.0,20,0.0
random_20260731,harm_v2,1,0.0357,,,,null_pooled,0.47429999999999994,,,1000,0.5609,-0.06705555330100699,0.13689295918497293,,,,0.07200738266243774,20,0.1867476999759674
random_20260731,harm_v2,2,0.0714,,,,null_pooled,0.48854999999999993,,,1000,0.56315,-0.012951971146747118,0.17040754101813166,,,,0.0748102687857053,20,0.19845519959926605
random_20260731,harm_v2,3,0.1071,,,,null_pooled,0.5044,,,1000,0.5595999999999999,0.00601813360429118,0.15415009351855258,,,,0.07032885160743813,20,0.1998060941696167
random_20260731,harm_v2,4,0.1429,,,,null_pooled,0.49924999999999997,,,1000,0.56145,0.01308454923793144,0.15897735123767218,,,,0.0867894457565944,20,0.2002621442079544
random_20260731,harm_v2,5,0.1786,,,,null_pooled,0.52825,,,1000,0.56745,0.07282698659394266,0.15249402090718406,,,,0.07545781323989828,20,0.2121918499469757
random_20260731,harm_v2,6,0.2143,,,,null_pooled,0.4760000000000001,,,1000,0.5726000000000001,-0.04615533365523405,0.19330901486338697,,,,0.08416462564834655,20,0.21354104578495026
random_20260731,harm_v2,7,0.25,,,,null_pooled,0.50055,,,1000,0.5513499999999999,0.014028421462093658,0.1451965695095286,,,,0.06757722677757182,20,0.22029173374176025
random_20260731,harm_v2,8,0.2857,,,,null_pooled,0.4746499999999999,,,1000,0.57205,-0.05535652299898865,0.17693025766565523,,,,0.08273946108751634,20,0.23288024961948395
random_20260731,harm_v2,9,0.3214,,,,null_pooled,0.5158000000000001,,,1000,0.567,0.04965788748663036,0.16526021568291213,,,,0.08479548150821792,20,0.2470855712890625
random_20260731,harm_v2,10,0.3571,,,,null_pooled,0.4551999999999999,,,1000,0.5982999999999999,-0.09671591165509497,0.24330992119489436,,,,0.1181487020219591,20,0.2445438802242279
random_20260731,harm_v2,11,0.3929,,,,null_pooled,0.5507,,,1000,0.5776,0.11882826365213284,0.18521091852973381,,,,0.0767340588622398,20,0.24559356272220612
random_20260731,harm_v2,12,0.4286,,,,null_pooled,0.5311999999999999,,,1000,0.5795,0.09303169578878284,0.19045425223746026,,,,0.1011500188620322,20,0.25149479508399963
random_20260731,harm_v2,13,0.4643,,,,null_pooled,0.5166999999999999,,,1000,0.6120000000000001,0.04931442293909649,0.2995605265128046,,,,0.12824856621749073,20,0.27683860063552856
random_20260731,harm_v2,14,0.5,,,,null_pooled,0.5239,,,1000,0.6382000000000001,0.0677805148419695,0.3303399961086485,,,,0.16579089556616666,20,0.4170970916748047
random_20260731,harm_v2,15,0.5357,,,,null_pooled,0.51525,,,1000,0.6350499999999999,0.006220538569044265,0.333827938681084,,,,0.1794285886391927,20,0.46463707089424133
random_20260731,harm_v2,16,0.5714,,,,null_pooled,0.51495,,,1000,0.6779500000000002,0.04576946266621224,0.4294569886387201,,,,0.20740640882348024,20,0.49924522638320923
random_20260731,harm_v2,17,0.6071,,,,null_pooled,0.50265,,,1000,0.65465,0.0029191131183085362,0.39040912829636903,,,,0.18730393959944805,20,0.5003950595855713
random_20260731,harm_v2,18,0.6429,,,,null_pooled,0.46469999999999995,,,1000,0.6439999999999999,-0.09189024894381076,0.41475465037829584,,,,0.17572559349885922,20,0.5129621624946594
random_20260731,harm_v2,19,0.6786,,,,null_pooled,0.495,,,1000,0.7276,-0.018441061267510415,0.617069900639825,,,,0.2583836396971718,20,0.580331027507782
random_20260731,harm_v2,20,0.7143,,,,null_pooled,0.5121500000000001,,,1000,0.73445,0.05440215686603519,0.6528753149844062,,,,0.267060465260703,20,0.5699638724327087
random_20260731,harm_v2,21,0.75,,,,null_pooled,0.5342,,,1000,0.6437,0.09071162955947934,0.4298751052382582,,,,0.1739838468001223,20,0.5851266384124756
random_20260731,harm_v2,22,0.7857,,,,null_pooled,0.46375,,,1000,0.68045,-0.1053844919988233,0.5542646504778772,,,,0.22773735449323843,20,0.5648989081382751
random_20260731,harm_v2,23,0.8214,,,,null_pooled,0.5588500000000001,,,1000,0.66705,0.1686215683245841,0.48334816168271344,,,,0.19144994536156798,20,0.5522966980934143
random_20260731,harm_v2,24,0.8571,,,,null_pooled,0.5443,,,1000,0.7337,0.11630170103125592,0.6642461641774104,,,,0.25850360885193396,20,0.5593457221984863
random_20260731,harm_v2,25,0.8929,,,,null_pooled,0.44684999999999986,,,1000,0.6813500000000001,-0.13389781668914558,0.49889737265195705,,,,0.20598525113272192,20,0.5455264449119568
random_20260731,harm_v2,26,0.9286,,,,null_pooled,0.526,,,1000,0.7043999999999999,0.0731371024977253,0.6082160761228631,,,,0.23986641018875926,20,0.5427948236465454
random_20260731,harm_v2,27,0.9643,,,,null_pooled,0.47930000000000017,,,1000,0.6966,-0.05726751636303593,0.5565341366586881,,,,0.22730065876209907,20,0.5259321331977844
random_20260731,harm_v2,28,1.0,,,,null_pooled,0.49350000000000005,,,1000,0.6957000000000001,0.006459431113385494,0.5292558301879225,,,,0.22655323529151516,20,0.5132633447647095
random_20260731,eval_v2,0,0.0,,,,null_pooled,0.5,,,1000,0.5,nan,nan,,,,0.0,20,0.0
random_20260731,eval_v2,1,0.0357,,,,null_pooled,0.5113000000000001,,,1000,0.5913,0.02629894627562731,0.20684840092853363,,,,0.10426287627157162,20,0.26688578724861145
random_20260731,eval_v2,2,0.0714,,,,null_pooled,0.51805,,,1000,0.58785,0.03747251286951349,0.20193202255318182,,,,0.11550460232343446,20,0.2447858601808548
random_20260731,eval_v2,3,0.1071,,,,null_pooled,0.5126000000000001,,,1000,0.5904,0.036420906121203266,0.19927945332950125,,,,0.10914953528362628,20,0.2619036138057709
random_20260731,eval_v2,4,0.1429,,,,null_pooled,0.477,,,1000,0.5846,-0.04779813100739701,0.2138048006273967,,,,0.0954468714162905,20,0.2810477018356323
random_20260731,eval_v2,5,0.1786,,,,null_pooled,0.50205,,,1000,0.5679500000000001,0.00047099928633356216,0.1877099999510436,,,,0.09315831177426726,20,0.29910144209861755
random_20260731,eval_v2,6,0.2143,,,,null_pooled,0.5210999999999999,,,1000,0.5927,0.07614657345855211,0.2264949886415275,,,,0.1082258360048439,20,0.29636821150779724
random_20260731,eval_v2,7,0.25,,,,null_pooled,0.51485,,,1000,0.6086500000000001,0.054517491859597464,0.27768166606612243,,,,0.13445377800959196,20,0.2947421669960022
random_20260731,eval_v2,8,0.2857,,,,null_pooled,0.50995,,,1000,0.6030500000000001,0.0404553773050535,0.2701145806651062,,,,0.12451356933028793,20,0.3040786385536194
random_20260731,eval_v2,9,0.3214,,,,null_pooled,0.5475,,,1000,0.5942999999999999,0.11285844740945195,0.22811579993433034,,,,0.12110391362271015,20,0.29389944672584534
random_20260731,eval_v2,10,0.3571,,,,null_pooled,0.49195,,,1000,0.61345,-0.02268339344218267,0.2896731914108592,,,,0.13435752579160612,20,0.27542877197265625
random_20260731,eval_v2,11,0.3929,,,,null_pooled,0.5246000000000002,,,1000,0.5747,0.04972769853780434,0.2208862908490689,,,,0.09128232664593261,20,0.27069368958473206
random_20260731,eval_v2,12,0.4286,,,,null_pooled,0.46014999999999995,,,1000,0.5986499999999999,-0.10198870964943785,0.24984243354933264,,,,0.11606589553035448,20,0.2673124074935913
random_20260731,eval_v2,13,0.4643,,,,null_pooled,0.47344999999999987,,,1000,0.57805,-0.059954436532530055,0.1933094468800434,,,,0.0965763810070612,20,0.2759740948677063
random_20260731,eval_v2,14,0.5,,,,null_pooled,0.50505,,,1000,0.6006499999999999,0.013318024307909317,0.24527580825941456,,,,0.12947484006758347,20,0.3240903615951538
random_20260731,eval_v2,15,0.5357,,,,null_pooled,0.45699999999999996,,,1000,0.5950999999999999,-0.11992674324978563,0.2389188807638341,,,,0.1101840565408148,20,0.3119221031665802
random_20260731,eval_v2,16,0.5714,,,,null_pooled,0.49485,,,1000,0.59255,-0.005600814433191698,0.2466979499573016,,,,0.11178705084598173,20,0.3045904040336609
random_20260731,eval_v2,17,0.6071,,,,null_pooled,0.50715,,,1000,0.5849500000000001,0.011322186376410278,0.2185283232034123,,,,0.10208679227938715,20,0.2863715887069702
random_20260731,eval_v2,18,0.6429,,,,null_pooled,0.47895000000000004,,,1000,0.5822499999999999,-0.07174111890833602,0.22494784446192267,,,,0.1075734632704553,20,0.2875252366065979
random_20260731,eval_v2,19,0.6786,,,,null_pooled,0.50055,,,1000,0.59365,9.265632652805042e-05,0.24194883595658023,,,,0.1182595161409632,20,0.2752896845340729
random_20260731,eval_v2,20,0.7143,,,,null_pooled,0.4983999999999999,,,1000,0.5998999999999999,-0.009103035558568683,0.2466342241584678,,,,0.12461198725813281,20,0.28783994913101196
random_20260731,eval_v2,21,0.75,,,,null_pooled,0.4891,,,1000,0.5917,-0.02649483404133781,0.21012570523472124,,,,0.1167691830290131,20,0.28361544013023376
random_20260731,eval_v2,22,0.7857,,,,null_pooled,0.45855000000000007,,,1000,0.58045,-0.10154784513753916,0.19837748659661317,,,,0.09306843831571644,20,0.28441208600997925
random_20260731,eval_v2,23,0.8214,,,,null_pooled,0.5076,,,1000,0.588,0.02473141586557408,0.2187044457466735,,,,0.10612822433264395,20,0.2760540544986725
random_20260731,eval_v2,24,0.8571,,,,null_pooled,0.47265000000000007,,,1000,0.5921500000000002,-0.056403914377196405,0.21673996964463793,,,,0.1153280332926817,20,0.26577845215797424
random_20260731,eval_v2,25,0.8929,,,,null_pooled,0.47995,,,1000,0.58295,-0.0436835264774295,0.21129758489167064,,,,0.10322304669220463,20,0.26000890135765076
random_20260731,eval_v2,26,0.9286,,,,null_pooled,0.54465,,,1000,0.5889499999999999,0.1068037956458933,0.21092911526845354,,,,0.09802377531148139,20,0.2579418122768402
random_20260731,eval_v2,27,0.9643,,,,null_pooled,0.50365,,,1000,0.59185,0.009750665216245338,0.22182412039315227,,,,0.11757607839406073,20,0.2587526738643646
random_20260731,eval_v2,28,1.0,,,,null_pooled,0.49799999999999994,,,1000,0.5763,-0.0052854141025160395,0.1877539515679256,,,,0.10547736100325285,20,0.27622902393341064
